=== Translation System Log Thu Jun 19 08:45:53 CST 2025 ===
Found      683 files to translate
Found      443 already completed files.
Starting 5 concurrent translation agents
---
Thu Jun 19 08:45:55 CST 2025: [CYCLE START] Checking for work...
Thu Jun 19 08:45:55 CST 2025: [FOUND] Pending file: 'sql-statements/sql-statement-prepare.md'. Checking for translation...
Thu Jun 19 08:45:55 CST 2025: [LOCKING] Found '.amazon_q_result/sql-statements/sql-statement-prepare.md'. Locking for validation.
Thu Jun 19 08:45:55 CST 2025: [VALIDATING] Starting AI validation for 'sql-statements/sql-statement-prepare.md'.
Created 6 panes in 3x2 layout: pane 0 (monitor) + panes 1-5 (translation agents)
=== Continuous Monitoring Started Thu Jun 19 08:46:12 CST 2025 ===
Progress:      443/     683 files completed (Thu Jun 19 08:46:12 CST 2025)
Thu Jun 19 08:46:14 CST 2025: [PASS] AI validation PASSED for 'sql-statements/sql-statement-prepare.md'.
Thu Jun 19 08:46:14 CST 2025: [REPORT] Generating progress report.
Thu Jun 19 08:46:14 CST 2025: [CYCLE END] Finished processing. Next check in 3os.
---
Thu Jun 19 08:46:17 CST 2025: [CYCLE START] Checking for work...
Thu Jun 19 08:46:17 CST 2025: [FOUND] Pending file: 'sql-statements/sql-statement-query-watch.md'. Checking for translation...
Thu Jun 19 08:46:17 CST 2025: [LOCKING] Found '.amazon_q_result/sql-statements/sql-statement-query-watch.md'. Locking for validation.
Thu Jun 19 08:46:17 CST 2025: [VALIDATING] Starting AI validation for 'sql-statements/sql-statement-query-watch.md'.
Progress:      443/     683 files completed (Thu Jun 19 08:46:22 CST 2025)
Progress:      443/     683 files completed (Thu Jun 19 08:46:33 CST 2025)
Thu Jun 19 08:46:35 CST 2025: [PASS] AI validation PASSED for 'sql-statements/sql-statement-query-watch.md'.
Thu Jun 19 08:46:35 CST 2025: [REPORT] Generating progress report.
Thu Jun 19 08:46:35 CST 2025: [CYCLE END] Finished processing. Next check in 3os.
---
Thu Jun 19 08:46:38 CST 2025: [CYCLE START] Checking for work...
Thu Jun 19 08:46:38 CST 2025: [FOUND] Pending file: 'sql-statements/sql-statement-recover-table.md'. Checking for translation...
Thu Jun 19 08:46:38 CST 2025: [LOCKING] Found '.amazon_q_result/sql-statements/sql-statement-recover-table.md'. Locking for validation.
Thu Jun 19 08:46:38 CST 2025: [VALIDATING] Starting AI validation for 'sql-statements/sql-statement-recover-table.md'.
Progress:      443/     683 files completed (Thu Jun 19 08:46:43 CST 2025)
Progress:      443/     683 files completed (Thu Jun 19 08:46:53 CST 2025)
Progress:      443/     683 files completed (Thu Jun 19 08:47:03 CST 2025)
Thu Jun 19 08:47:03 CST 2025: Agent pane 1 signaled completion. Extracted file: 'functions-a'
Thu Jun 19 08:47:03 CST 2025: Agent pane 2 signaled completion. Extracted file: 'functions-and-operators/json'
Progress: 445/     683 files completed (Thu Jun 19 08:47:13 CST 2025)
Thu Jun 19 08:47:13 CST 2025: Agent pane 1 signaled completion. Extracted file: 'tid'
Progress: 446/     683 files completed (Thu Jun 19 08:47:23 CST 2025)
Thu Jun 19 08:47:23 CST 2025: Agent pane 1 signaled completion. Extracted file: 'information-schema/information-schema.md'
Progress: 447/     683 files completed (Thu Jun 19 08:47:33 CST 2025)
Thu Jun 19 08:47:33 CST 2025: Agent pane 1 signaled completion. Extracted file: 'tidb-cloud/tidb-cloud-support.md'
Thu Jun 19 08:47:33 CST 2025: Agent pane 5 signaled completion. Extracted file: 'as-of-timestamp.md'
Thu Jun 19 08:47:39 CST 2025: [PASS] AI validation PASSED for 'sql-statements/sql-statement-recover-table.md'.
Thu Jun 19 08:47:39 CST 2025: [REPORT] Generating progress report.
Thu Jun 19 08:47:39 CST 2025: [CYCLE END] Finished processing. Next check in 3os.
---
Thu Jun 19 08:47:42 CST 2025: [CYCLE START] Checking for work...
Thu Jun 19 08:47:42 CST 2025: [FOUND] Pending file: 'sql-statements/sql-statement-rename-table.md'. Checking for translation...
Thu Jun 19 08:47:42 CST 2025: [LOCKING] Found '.amazon_q_result/sql-statements/sql-statement-rename-table.md'. Locking for validation.
Thu Jun 19 08:47:42 CST 2025: [VALIDATING] Starting AI validation for 'sql-statements/sql-statement-rename-table.md'.
Progress: 449/     683 files completed (Thu Jun 19 08:47:44 CST 2025)
Thu Jun 19 08:47:44 CST 2025: Agent pane 1 signaled completion. Extracted file: 'tidb-cloud/release-notes-2023.md'
Progress: 450/     683 files completed (Thu Jun 19 08:47:54 CST 2025)
Thu Jun 19 08:47:54 CST 2025: Agent pane 1 signaled completion. Extracted file: 'tidb-cloud/release-notes-2021.md'
Thu Jun 19 08:47:54 CST 2025: No more files to assign to agent pane 1. Agent is idle.
Progress: 451/     683 files completed (Thu Jun 19 08:48:04 CST 2025)
Thu Jun 19 08:48:04 CST 2025: Agent pane 1 signaled completion. Extracted file: ''
Progress: 451/     683 files completed (Thu Jun 19 08:48:14 CST 2025)
Thu Jun 19 08:48:14 CST 2025: Agent pane 1 signaled completion. Extracted file: ''
Progress: 451/     683 files completed (Thu Jun 19 08:48:24 CST 2025)
Thu Jun 19 08:48:24 CST 2025: Agent pane 1 signaled completion. Extracted file: ''
Progress: 451/     683 files completed (Thu Jun 19 08:48:34 CST 2025)
Thu Jun 19 08:48:34 CST 2025: Agent pane 1 signaled completion. Extracted file: ''
Progress: 451/     683 files completed (Thu Jun 19 08:48:44 CST 2025)
Thu Jun 19 08:48:44 CST 2025: Agent pane 1 signaled completion. Extracted file: ''
Progress: 451/     683 files completed (Thu Jun 19 08:48:54 CST 2025)
Thu Jun 19 08:48:54 CST 2025: Agent pane 1 signaled completion. Extracted file: ''
Thu Jun 19 08:49:03 CST 2025: [PASS] AI validation PASSED for 'sql-statements/sql-statement-rename-table.md'.
Thu Jun 19 08:49:03 CST 2025: [REPORT] Generating progress report.
Thu Jun 19 08:49:03 CST 2025: [CYCLE END] Finished processing. Next check in 3os.
Progress: 451/     683 files completed (Thu Jun 19 08:49:04 CST 2025)
Thu Jun 19 08:49:04 CST 2025: Agent pane 1 signaled completion. Extracted file: ''
---
Thu Jun 19 08:49:06 CST 2025: [CYCLE START] Checking for work...
Thu Jun 19 08:49:06 CST 2025: [FOUND] Pending file: 'sql-statements/sql-statement-rename-user.md'. Checking for translation...
Thu Jun 19 08:49:06 CST 2025: [LOCKING] Found '.amazon_q_result/sql-statements/sql-statement-rename-user.md'. Locking for validation.
Thu Jun 19 08:49:06 CST 2025: [VALIDATING] Starting AI validation for 'sql-statements/sql-statement-rename-user.md'.
Progress: 451/     683 files completed (Thu Jun 19 08:49:14 CST 2025)
Thu Jun 19 08:49:14 CST 2025: Agent pane 1 signaled completion. Extracted file: ''
Progress: 451/     683 files completed (Thu Jun 19 08:49:25 CST 2025)
Thu Jun 19 08:49:25 CST 2025: Agent pane 1 signaled completion. Extracted file: ''
Progress: 451/     683 files completed (Thu Jun 19 08:49:35 CST 2025)
Thu Jun 19 08:49:35 CST 2025: Agent pane 1 signaled completion. Extracted file: 'tidb'
Thu Jun 19 08:49:35 CST 2025: No more files to assign to agent pane 1. Agent is idle.
Progress: 452/     683 files completed (Thu Jun 19 08:49:45 CST 2025)
Progress: 452/     683 files completed (Thu Jun 19 08:49:55 CST 2025)
Thu Jun 19 08:50:04 CST 2025: [PASS] AI validation PASSED for 'sql-statements/sql-statement-rename-user.md'.
Thu Jun 19 08:50:04 CST 2025: [REPORT] Generating progress report.
Thu Jun 19 08:50:04 CST 2025: [CYCLE END] Finished processing. Next check in 3os.
Progress: 452/     683 files completed (Thu Jun 19 08:50:05 CST 2025)
Thu Jun 19 08:50:05 CST 2025: Agent pane 3 signaled completion. Extracted file: 'non-transactional-dml.md'
Thu Jun 19 08:50:05 CST 2025: No more files to assign to agent pane 3. Agent is idle.
---
Thu Jun 19 08:50:07 CST 2025: [CYCLE START] Checking for work...
Thu Jun 19 08:50:07 CST 2025: [FOUND] Pending file: 'sql-statements/sql-statement-replace.md'. Checking for translation...
Thu Jun 19 08:50:07 CST 2025: [LOCKING] Found '.amazon_q_result/sql-statements/sql-statement-replace.md'. Locking for validation.
Thu Jun 19 08:50:07 CST 2025: [VALIDATING] Starting AI validation for 'sql-statements/sql-statement-replace.md'.
Progress: 453/     683 files completed (Thu Jun 19 08:50:15 CST 2025)
Thu Jun 19 08:50:15 CST 2025: Agent pane 3 signaled completion. Extracted file: 'non-transactional-dml.md'
Thu Jun 19 08:50:15 CST 2025: No more files to assign to agent pane 3. Agent is idle.
Progress: 453/     683 files completed (Thu Jun 19 08:50:25 CST 2025)
Thu Jun 19 08:50:25 CST 2025: Agent pane 3 signaled completion. Extracted file: 'non-transactional-dml.md'
Thu Jun 19 08:50:25 CST 2025: No more files to assign to agent pane 3. Agent is idle.
Progress: 453/     683 files completed (Thu Jun 19 08:50:35 CST 2025)
Thu Jun 19 08:50:35 CST 2025: Agent pane 3 signaled completion. Extracted file: 'non-transactional-dml.md'
Thu Jun 19 08:50:35 CST 2025: No more files to assign to agent pane 3. Agent is idle.
Thu Jun 19 08:50:42 CST 2025: [PASS] AI validation PASSED for 'sql-statements/sql-statement-replace.md'.
Thu Jun 19 08:50:42 CST 2025: [REPORT] Generating progress report.
Thu Jun 19 08:50:42 CST 2025: [CYCLE END] Finished processing. Next check in 3os.
---
Thu Jun 19 08:50:45 CST 2025: [CYCLE START] Checking for work...
Thu Jun 19 08:50:45 CST 2025: [FOUND] Pending file: 'sql-statements/sql-statement-restore.md'. Checking for translation...
Thu Jun 19 08:50:45 CST 2025: [LOCKING] Found '.amazon_q_result/sql-statements/sql-statement-restore.md'. Locking for validation.
Thu Jun 19 08:50:45 CST 2025: [VALIDATING] Starting AI validation for 'sql-statements/sql-statement-restore.md'.
Progress: 453/     683 files completed (Thu Jun 19 08:50:45 CST 2025)
Thu Jun 19 08:50:45 CST 2025: Agent pane 3 signaled completion. Extracted file: 'non-transactional-dml.md'
Thu Jun 19 08:50:45 CST 2025: No more files to assign to agent pane 3. Agent is idle.
Progress: 453/     683 files completed (Thu Jun 19 08:50:56 CST 2025)
Thu Jun 19 08:50:56 CST 2025: Agent pane 3 signaled completion. Extracted file: 'non-transactional-dml.md'
Thu Jun 19 08:50:56 CST 2025: No more files to assign to agent pane 3. Agent is idle.
Progress: 453/     683 files completed (Thu Jun 19 08:51:06 CST 2025)
Thu Jun 19 08:51:06 CST 2025: Agent pane 3 signaled completion. Extracted file: 'non-transactional-dml.md'
Thu Jun 19 08:51:06 CST 2025: No more files to assign to agent pane 3. Agent is idle.
Progress: 453/     683 files completed (Thu Jun 19 08:51:16 CST 2025)
Thu Jun 19 08:51:16 CST 2025: Agent pane 3 signaled completion. Extracted file: 'non-transactional-dml.md'
Thu Jun 19 08:51:16 CST 2025: No more files to assign to agent pane 3. Agent is idle.
Progress: 453/     683 files completed (Thu Jun 19 08:51:26 CST 2025)
Thu Jun 19 08:51:26 CST 2025: Agent pane 3 signaled completion. Extracted file: 'non-transactional-dml.md'
Thu Jun 19 08:51:26 CST 2025: No more files to assign to agent pane 3. Agent is idle.
Progress: 453/     683 files completed (Thu Jun 19 08:51:36 CST 2025)
Thu Jun 19 08:51:36 CST 2025: Agent pane 3 signaled completion. Extracted file: 'non-transactional-dml.md'
Thu Jun 19 08:51:36 CST 2025: No more files to assign to agent pane 3. Agent is idle.
Thu Jun 19 08:51:42 CST 2025: [PASS] AI validation PASSED for 'sql-statements/sql-statement-restore.md'.
Thu Jun 19 08:51:42 CST 2025: [REPORT] Generating progress report.
Thu Jun 19 08:51:42 CST 2025: [CYCLE END] Finished processing. Next check in 3os.
---
Thu Jun 19 08:51:45 CST 2025: [CYCLE START] Checking for work...
Thu Jun 19 08:51:46 CST 2025: [FOUND] Pending file: 'sql-statements/sql-statement-revoke-privileges.md'. Checking for translation...
Thu Jun 19 08:51:46 CST 2025: [LOCKING] Found '.amazon_q_result/sql-statements/sql-statement-revoke-privileges.md'. Locking for validation.
Thu Jun 19 08:51:46 CST 2025: [VALIDATING] Starting AI validation for 'sql-statements/sql-statement-revoke-privileges.md'.
Progress: 453/     683 files completed (Thu Jun 19 08:51:46 CST 2025)
Thu Jun 19 08:51:46 CST 2025: Agent pane 3 signaled completion. Extracted file: 'non-transactional-dml.md'
Thu Jun 19 08:51:46 CST 2025: No more files to assign to agent pane 3. Agent is idle.
Progress: 453/     683 files completed (Thu Jun 19 08:51:56 CST 2025)
Thu Jun 19 08:51:56 CST 2025: Agent pane 3 signaled completion. Extracted file: 'non-transactional-dml.md'
Thu Jun 19 08:51:56 CST 2025: No more files to assign to agent pane 3. Agent is idle.
Progress: 453/     683 files completed (Thu Jun 19 08:52:06 CST 2025)
Thu Jun 19 08:52:06 CST 2025: Agent pane 3 signaled completion. Extracted file: 'non-transactional-dml.md'
Thu Jun 19 08:52:07 CST 2025: No more files to assign to agent pane 3. Agent is idle.
Progress: 453/     683 files completed (Thu Jun 19 08:52:17 CST 2025)
Thu Jun 19 08:52:17 CST 2025: Agent pane 3 signaled completion. Extracted file: 'non-transactional-dml.md'
Thu Jun 19 08:52:17 CST 2025: No more files to assign to agent pane 3. Agent is idle.
Progress: 453/     683 files completed (Thu Jun 19 08:52:27 CST 2025)
Thu Jun 19 08:52:27 CST 2025: Agent pane 3 signaled completion. Extracted file: 'non-transactional-dml.md'
Thu Jun 19 08:52:27 CST 2025: No more files to assign to agent pane 3. Agent is idle.
Progress: 453/     683 files completed (Thu Jun 19 08:52:37 CST 2025)
Thu Jun 19 08:52:37 CST 2025: Agent pane 3 signaled completion. Extracted file: 'non-transactional-dml.md'
Thu Jun 19 08:52:37 CST 2025: No more files to assign to agent pane 3. Agent is idle.
Thu Jun 19 08:52:44 CST 2025: [PASS] AI validation PASSED for 'sql-statements/sql-statement-revoke-privileges.md'.
Thu Jun 19 08:52:44 CST 2025: [REPORT] Generating progress report.
Thu Jun 19 08:52:44 CST 2025: [CYCLE END] Finished processing. Next check in 3os.
Progress: 453/     683 files completed (Thu Jun 19 08:52:47 CST 2025)
Thu Jun 19 08:52:47 CST 2025: Agent pane 3 signaled completion. Extracted file: 'non-transactional-dml.md'
Thu Jun 19 08:52:47 CST 2025: No more files to assign to agent pane 3. Agent is idle.
---
Thu Jun 19 08:52:47 CST 2025: [CYCLE START] Checking for work...
Thu Jun 19 08:52:47 CST 2025: [FOUND] Pending file: 'sql-statements/sql-statement-revoke-role.md'. Checking for translation...
Thu Jun 19 08:52:47 CST 2025: [LOCKING] Found '.amazon_q_result/sql-statements/sql-statement-revoke-role.md'. Locking for validation.
Thu Jun 19 08:52:47 CST 2025: [VALIDATING] Starting AI validation for 'sql-statements/sql-statement-revoke-role.md'.
Progress: 453/     683 files completed (Thu Jun 19 08:52:57 CST 2025)
Thu Jun 19 08:52:57 CST 2025: Agent pane 3 signaled completion. Extracted file: 'non-transactional-dml.md'
Thu Jun 19 08:52:57 CST 2025: No more files to assign to agent pane 3. Agent is idle.
Thu Jun 19 08:53:05 CST 2025: [PASS] AI validation PASSED for 'sql-statements/sql-statement-revoke-role.md'.
Thu Jun 19 08:53:05 CST 2025: [REPORT] Generating progress report.
Thu Jun 19 08:53:05 CST 2025: [CYCLE END] Finished processing. Next check in 3os.
Progress: 453/     683 files completed (Thu Jun 19 08:53:07 CST 2025)
Thu Jun 19 08:53:07 CST 2025: Agent pane 3 signaled completion. Extracted file: 'non-transactional-dml.md'
Thu Jun 19 08:53:07 CST 2025: No more files to assign to agent pane 3. Agent is idle.
---
Thu Jun 19 08:53:08 CST 2025: [CYCLE START] Checking for work...
Thu Jun 19 08:53:08 CST 2025: [FOUND] Pending file: 'sql-statements/sql-statement-rollback.md'. Checking for translation...
Thu Jun 19 08:53:08 CST 2025: [LOCKING] Found '.amazon_q_result/sql-statements/sql-statement-rollback.md'. Locking for validation.
Thu Jun 19 08:53:08 CST 2025: [VALIDATING] Starting AI validation for 'sql-statements/sql-statement-rollback.md'.
Progress: 453/     683 files completed (Thu Jun 19 08:53:17 CST 2025)
Thu Jun 19 08:53:17 CST 2025: Agent pane 3 signaled completion. Extracted file: 'non-transactional-dml.md'
Thu Jun 19 08:53:17 CST 2025: No more files to assign to agent pane 3. Agent is idle.
Progress: 453/     683 files completed (Thu Jun 19 08:53:27 CST 2025)
Thu Jun 19 08:53:28 CST 2025: Agent pane 3 signaled completion. Extracted file: 'non-transactional-dml.md'
Thu Jun 19 08:53:28 CST 2025: No more files to assign to agent pane 3. Agent is idle.
Progress: 453/     683 files completed (Thu Jun 19 08:53:38 CST 2025)
Thu Jun 19 08:53:38 CST 2025: Agent pane 3 signaled completion. Extracted file: 'non-transactional-dml.md'
Thu Jun 19 08:53:38 CST 2025: No more files to assign to agent pane 3. Agent is idle.
Thu Jun 19 08:53:43 CST 2025: [PASS] AI validation PASSED for 'sql-statements/sql-statement-rollback.md'.
Thu Jun 19 08:53:43 CST 2025: [REPORT] Generating progress report.
Thu Jun 19 08:53:43 CST 2025: [CYCLE END] Finished processing. Next check in 3os.
---
Thu Jun 19 08:53:46 CST 2025: [CYCLE START] Checking for work...
Thu Jun 19 08:53:46 CST 2025: [FOUND] Pending file: 'sql-statements/sql-statement-savepoint.md'. Checking for translation...
Thu Jun 19 08:53:46 CST 2025: [LOCKING] Found '.amazon_q_result/sql-statements/sql-statement-savepoint.md'. Locking for validation.
Thu Jun 19 08:53:46 CST 2025: [VALIDATING] Starting AI validation for 'sql-statements/sql-statement-savepoint.md'.
Progress: 453/     683 files completed (Thu Jun 19 08:53:48 CST 2025)
Thu Jun 19 08:53:48 CST 2025: Agent pane 3 signaled completion. Extracted file: 'non-transactional-dml.md'
Thu Jun 19 08:53:48 CST 2025: No more files to assign to agent pane 3. Agent is idle.
Progress: 453/     683 files completed (Thu Jun 19 08:53:58 CST 2025)
Thu Jun 19 08:53:58 CST 2025: Agent pane 3 signaled completion. Extracted file: 'non-transactional-dml.md'
Thu Jun 19 08:53:58 CST 2025: No more files to assign to agent pane 3. Agent is idle.
Thu Jun 19 08:54:06 CST 2025: [PASS] AI validation PASSED for 'sql-statements/sql-statement-savepoint.md'.
Thu Jun 19 08:54:06 CST 2025: [REPORT] Generating progress report.
Thu Jun 19 08:54:06 CST 2025: [CYCLE END] Finished processing. Next check in 3os.
Progress: 453/     683 files completed (Thu Jun 19 08:54:08 CST 2025)
Thu Jun 19 08:54:08 CST 2025: Agent pane 3 signaled completion. Extracted file: 'non-transactional-dml.md'
Thu Jun 19 08:54:08 CST 2025: No more files to assign to agent pane 3. Agent is idle.
---
Thu Jun 19 08:54:09 CST 2025: [CYCLE START] Checking for work...
Thu Jun 19 08:54:09 CST 2025: [FOUND] Pending file: 'sql-statements/sql-statement-select.md'. Checking for translation...
Thu Jun 19 08:54:09 CST 2025: [LOCKING] Found '.amazon_q_result/sql-statements/sql-statement-select.md'. Locking for validation.
Thu Jun 19 08:54:10 CST 2025: [VALIDATING] Starting AI validation for 'sql-statements/sql-statement-select.md'.
Progress: 453/     683 files completed (Thu Jun 19 08:54:18 CST 2025)
Thu Jun 19 08:54:18 CST 2025: Agent pane 3 signaled completion. Extracted file: 'non-transactional-dml.md'
Thu Jun 19 08:54:18 CST 2025: No more files to assign to agent pane 3. Agent is idle.
Progress: 453/     683 files completed (Thu Jun 19 08:54:28 CST 2025)
Thu Jun 19 08:54:28 CST 2025: Agent pane 3 signaled completion. Extracted file: 'non-transactional-dml.md'
Thu Jun 19 08:54:28 CST 2025: No more files to assign to agent pane 3. Agent is idle.
Progress: 453/     683 files completed (Thu Jun 19 08:54:38 CST 2025)
Thu Jun 19 08:54:38 CST 2025: Agent pane 3 signaled completion. Extracted file: 'non-transactional-dml.md'
Thu Jun 19 08:54:38 CST 2025: No more files to assign to agent pane 3. Agent is idle.
Progress: 453/     683 files completed (Thu Jun 19 08:54:49 CST 2025)
Thu Jun 19 08:54:49 CST 2025: Agent pane 3 signaled completion. Extracted file: 'non-transactional-dml.md'
Thu Jun 19 08:54:49 CST 2025: No more files to assign to agent pane 3. Agent is idle.
Progress: 453/     683 files completed (Thu Jun 19 08:54:59 CST 2025)
Thu Jun 19 08:54:59 CST 2025: Agent pane 3 signaled completion. Extracted file: 'non-transactional-dml.md'
Thu Jun 19 08:54:59 CST 2025: No more files to assign to agent pane 3. Agent is idle.
Progress: 453/     683 files completed (Thu Jun 19 08:55:09 CST 2025)
Thu Jun 19 08:55:09 CST 2025: Agent pane 3 signaled completion. Extracted file: 'non-transactional-dml.md'
Thu Jun 19 08:55:09 CST 2025: No more files to assign to agent pane 3. Agent is idle.
Progress: 453/     683 files completed (Thu Jun 19 08:55:19 CST 2025)
Thu Jun 19 08:55:19 CST 2025: Agent pane 3 signaled completion. Extracted file: 'non-transactional-dml.md'
Thu Jun 19 08:55:19 CST 2025: No more files to assign to agent pane 3. Agent is idle.
Progress: 453/     683 files completed (Thu Jun 19 08:55:29 CST 2025)
Thu Jun 19 08:55:29 CST 2025: Agent pane 3 signaled completion. Extracted file: 'non-transactional-dml.md'
Thu Jun 19 08:55:29 CST 2025: No more files to assign to agent pane 3. Agent is idle.
Thu Jun 19 08:55:30 CST 2025: [PASS] AI validation PASSED for 'sql-statements/sql-statement-select.md'.
Thu Jun 19 08:55:30 CST 2025: [REPORT] Generating progress report.
Thu Jun 19 08:55:30 CST 2025: [CYCLE END] Finished processing. Next check in 3os.
---
Thu Jun 19 08:55:33 CST 2025: [CYCLE START] Checking for work...
Thu Jun 19 08:55:33 CST 2025: [FOUND] Pending file: 'sql-statements/sql-statement-set-default-role.md'. Checking for translation...
Thu Jun 19 08:55:33 CST 2025: [LOCKING] Found '.amazon_q_result/sql-statements/sql-statement-set-default-role.md'. Locking for validation.
Thu Jun 19 08:55:33 CST 2025: [VALIDATING] Starting AI validation for 'sql-statements/sql-statement-set-default-role.md'.
Progress: 453/     683 files completed (Thu Jun 19 08:55:39 CST 2025)
Thu Jun 19 08:55:39 CST 2025: Agent pane 3 signaled completion. Extracted file: 'non-transactional-dml.md'
Thu Jun 19 08:55:39 CST 2025: No more files to assign to agent pane 3. Agent is idle.
Progress: 453/     683 files completed (Thu Jun 19 08:55:49 CST 2025)
Thu Jun 19 08:55:49 CST 2025: Agent pane 3 signaled completion. Extracted file: 'non-transactional-dml.md'
Thu Jun 19 08:55:49 CST 2025: No more files to assign to agent pane 3. Agent is idle.
Thu Jun 19 08:55:54 CST 2025: [PASS] AI validation PASSED for 'sql-statements/sql-statement-set-default-role.md'.
Thu Jun 19 08:55:54 CST 2025: [REPORT] Generating progress report.
Thu Jun 19 08:55:54 CST 2025: [CYCLE END] Finished processing. Next check in 3os.
---
Thu Jun 19 08:55:57 CST 2025: [CYCLE START] Checking for work...
Thu Jun 19 08:55:57 CST 2025: [FOUND] Pending file: 'sql-statements/sql-statement-set-names.md'. Checking for translation...
Thu Jun 19 08:55:57 CST 2025: [LOCKING] Found '.amazon_q_result/sql-statements/sql-statement-set-names.md'. Locking for validation.
Thu Jun 19 08:55:57 CST 2025: [VALIDATING] Starting AI validation for 'sql-statements/sql-statement-set-names.md'.
Progress: 453/     683 files completed (Thu Jun 19 08:55:59 CST 2025)
Thu Jun 19 08:55:59 CST 2025: Agent pane 3 signaled completion. Extracted file: 'non-transactional-dml.md'
Thu Jun 19 08:56:00 CST 2025: No more files to assign to agent pane 3. Agent is idle.
Progress: 453/     683 files completed (Thu Jun 19 08:56:10 CST 2025)
Thu Jun 19 08:56:10 CST 2025: Agent pane 2 signaled completion. Extracted file: 'placement-rules-in-sql.md'
Thu Jun 19 08:56:10 CST 2025: No more files to assign to agent pane 2. Agent is idle.
Thu Jun 19 08:56:10 CST 2025: Agent pane 3 signaled completion. Extracted file: 'non-transactional-dml.md'
Thu Jun 19 08:56:10 CST 2025: No more files to assign to agent pane 3. Agent is idle.
Progress: 454/     683 files completed (Thu Jun 19 08:56:20 CST 2025)
Thu Jun 19 08:56:20 CST 2025: Agent pane 2 signaled completion. Extracted file: 'placement-rules-in-sql.md'
Thu Jun 19 08:56:20 CST 2025: No more files to assign to agent pane 2. Agent is idle.
Thu Jun 19 08:56:20 CST 2025: Agent pane 3 signaled completion. Extracted file: 'non-transactional-dml.md'
Thu Jun 19 08:56:20 CST 2025: No more files to assign to agent pane 3. Agent is idle.
Progress: 454/     683 files completed (Thu Jun 19 08:56:30 CST 2025)
Thu Jun 19 08:56:30 CST 2025: Agent pane 2 signaled completion. Extracted file: 'placement-rules-in-sql.md'
Thu Jun 19 08:56:30 CST 2025: No more files to assign to agent pane 2. Agent is idle.
Thu Jun 19 08:56:30 CST 2025: Agent pane 3 signaled completion. Extracted file: 'non-transactional-dml.md'
Thu Jun 19 08:56:30 CST 2025: No more files to assign to agent pane 3. Agent is idle.
Thu Jun 19 08:56:30 CST 2025: Agent pane 4 signaled completion. Extracted file: 'character-set-and-'
Thu Jun 19 08:56:30 CST 2025: No more files to assign to agent pane 4. Agent is idle.
Thu Jun 19 08:56:34 CST 2025: [PASS] AI validation PASSED for 'sql-statements/sql-statement-set-names.md'.
Thu Jun 19 08:56:34 CST 2025: [REPORT] Generating progress report.
Thu Jun 19 08:56:34 CST 2025: [CYCLE END] Finished processing. Next check in 3os.
---
Thu Jun 19 08:56:37 CST 2025: [CYCLE START] Checking for work...
Thu Jun 19 08:56:37 CST 2025: [FOUND] Pending file: 'sql-statements/sql-statement-set-password.md'. Checking for translation...
Thu Jun 19 08:56:37 CST 2025: [LOCKING] Found '.amazon_q_result/sql-statements/sql-statement-set-password.md'. Locking for validation.
Thu Jun 19 08:56:37 CST 2025: [VALIDATING] Starting AI validation for 'sql-statements/sql-statement-set-password.md'.
Progress: 455/     683 files completed (Thu Jun 19 08:56:40 CST 2025)
Thu Jun 19 08:56:40 CST 2025: Agent pane 2 signaled completion. Extracted file: 'placement-rules-in-sql.md'
Thu Jun 19 08:56:40 CST 2025: No more files to assign to agent pane 2. Agent is idle.
Thu Jun 19 08:56:40 CST 2025: Agent pane 3 signaled completion. Extracted file: 'non-transactional-dml.md'
Thu Jun 19 08:56:40 CST 2025: No more files to assign to agent pane 3. Agent is idle.
Thu Jun 19 08:56:40 CST 2025: Agent pane 4 signaled completion. Extracted file: 'character-set-and-'
Thu Jun 19 08:56:40 CST 2025: No more files to assign to agent pane 4. Agent is idle.
Progress: 456/     683 files completed (Thu Jun 19 08:56:50 CST 2025)
Thu Jun 19 08:56:50 CST 2025: Agent pane 2 signaled completion. Extracted file: 'placement-rules-in-sql.md'
Thu Jun 19 08:56:50 CST 2025: No more files to assign to agent pane 2. Agent is idle.
Thu Jun 19 08:56:50 CST 2025: Agent pane 3 signaled completion. Extracted file: 'non-transactional-dml.md'
Thu Jun 19 08:56:50 CST 2025: No more files to assign to agent pane 3. Agent is idle.
Thu Jun 19 08:56:50 CST 2025: Agent pane 4 signaled completion. Extracted file: 'character-set-and-'
Thu Jun 19 08:56:50 CST 2025: No more files to assign to agent pane 4. Agent is idle.
Thu Jun 19 08:56:55 CST 2025: [PASS] AI validation PASSED for 'sql-statements/sql-statement-set-password.md'.
Thu Jun 19 08:56:55 CST 2025: [REPORT] Generating progress report.
Thu Jun 19 08:56:55 CST 2025: [CYCLE END] Finished processing. Next check in 3os.
---
Thu Jun 19 08:56:58 CST 2025: [CYCLE START] Checking for work...
Thu Jun 19 08:56:58 CST 2025: [FOUND] Pending file: 'sql-statements/sql-statement-set-resource-group.md'. Checking for translation...
Thu Jun 19 08:56:58 CST 2025: [LOCKING] Found '.amazon_q_result/sql-statements/sql-statement-set-resource-group.md'. Locking for validation.
Thu Jun 19 08:56:58 CST 2025: [VALIDATING] Starting AI validation for 'sql-statements/sql-statement-set-resource-group.md'.
Progress: 457/     683 files completed (Thu Jun 19 08:57:00 CST 2025)
Thu Jun 19 08:57:01 CST 2025: Agent pane 2 signaled completion. Extracted file: 'placement-rules-in-sql.md'
Thu Jun 19 08:57:01 CST 2025: No more files to assign to agent pane 2. Agent is idle.
Thu Jun 19 08:57:01 CST 2025: Agent pane 3 signaled completion. Extracted file: 'non-transactional-dml.md'
Thu Jun 19 08:57:01 CST 2025: No more files to assign to agent pane 3. Agent is idle.
Thu Jun 19 08:57:01 CST 2025: Agent pane 4 signaled completion. Extracted file: 'character-set-and-'
Thu Jun 19 08:57:01 CST 2025: No more files to assign to agent pane 4. Agent is idle.
Progress: 458/     683 files completed (Thu Jun 19 08:57:11 CST 2025)
Thu Jun 19 08:57:11 CST 2025: Agent pane 2 signaled completion. Extracted file: 'placement-rules-in-sql.md'
Thu Jun 19 08:57:11 CST 2025: No more files to assign to agent pane 2. Agent is idle.
Thu Jun 19 08:57:11 CST 2025: Agent pane 3 signaled completion. Extracted file: 'non-transactional-dml.md'
Thu Jun 19 08:57:11 CST 2025: No more files to assign to agent pane 3. Agent is idle.
Thu Jun 19 08:57:11 CST 2025: Agent pane 4 signaled completion. Extracted file: 'character-set-and-'
Thu Jun 19 08:57:11 CST 2025: No more files to assign to agent pane 4. Agent is idle.
Thu Jun 19 08:57:16 CST 2025: [PASS] AI validation PASSED for 'sql-statements/sql-statement-set-resource-group.md'.
Thu Jun 19 08:57:16 CST 2025: [REPORT] Generating progress report.
Thu Jun 19 08:57:16 CST 2025: [CYCLE END] Finished processing. Next check in 3os.
---
Thu Jun 19 08:57:19 CST 2025: [CYCLE START] Checking for work...
Thu Jun 19 08:57:19 CST 2025: [FOUND] Pending file: 'sql-statements/sql-statement-set-role.md'. Checking for translation...
Thu Jun 19 08:57:19 CST 2025: [LOCKING] Found '.amazon_q_result/sql-statements/sql-statement-set-role.md'. Locking for validation.
Thu Jun 19 08:57:19 CST 2025: [VALIDATING] Starting AI validation for 'sql-statements/sql-statement-set-role.md'.
Progress: 459/     683 files completed (Thu Jun 19 08:57:21 CST 2025)
Thu Jun 19 08:57:21 CST 2025: Agent pane 2 signaled completion. Extracted file: 'placement-rules-in-sql.md'
Thu Jun 19 08:57:21 CST 2025: No more files to assign to agent pane 2. Agent is idle.
Thu Jun 19 08:57:21 CST 2025: Agent pane 3 signaled completion. Extracted file: 'non-transactional-dml.md'
Thu Jun 19 08:57:21 CST 2025: No more files to assign to agent pane 3. Agent is idle.
Thu Jun 19 08:57:21 CST 2025: Agent pane 4 signaled completion. Extracted file: 'character-set-and-'
Thu Jun 19 08:57:21 CST 2025: No more files to assign to agent pane 4. Agent is idle.
Progress: 460/     683 files completed (Thu Jun 19 08:57:31 CST 2025)
Thu Jun 19 08:57:31 CST 2025: Agent pane 2 signaled completion. Extracted file: 'placement-rules-in-sql.md'
Thu Jun 19 08:57:31 CST 2025: No more files to assign to agent pane 2. Agent is idle.
Thu Jun 19 08:57:31 CST 2025: Agent pane 3 signaled completion. Extracted file: 'non-transactional-dml.md'
Thu Jun 19 08:57:31 CST 2025: No more files to assign to agent pane 3. Agent is idle.
Thu Jun 19 08:57:31 CST 2025: Agent pane 4 signaled completion. Extracted file: 'character-set-and-'
Thu Jun 19 08:57:31 CST 2025: No more files to assign to agent pane 4. Agent is idle.
Thu Jun 19 08:57:31 CST 2025: Agent pane 5 signaled completion. Extracted file: 'tidb-cloud/release-notes-'
Thu Jun 19 08:57:31 CST 2025: No more files to assign to agent pane 5. Agent is idle.
Thu Jun 19 08:57:36 CST 2025: [PASS] AI validation PASSED for 'sql-statements/sql-statement-set-role.md'.
Thu Jun 19 08:57:36 CST 2025: [REPORT] Generating progress report.
Thu Jun 19 08:57:36 CST 2025: [CYCLE END] Finished processing. Next check in 3os.
---
Thu Jun 19 08:57:39 CST 2025: [CYCLE START] Checking for work...
Thu Jun 19 08:57:39 CST 2025: [FOUND] Pending file: 'sql-statements/sql-statement-set-transaction.md'. Checking for translation...
Thu Jun 19 08:57:39 CST 2025: [LOCKING] Found '.amazon_q_result/sql-statements/sql-statement-set-transaction.md'. Locking for validation.
Thu Jun 19 08:57:39 CST 2025: [VALIDATING] Starting AI validation for 'sql-statements/sql-statement-set-transaction.md'.
Progress: 462/     683 files completed (Thu Jun 19 08:57:41 CST 2025)
Thu Jun 19 08:57:41 CST 2025: Agent pane 2 signaled completion. Extracted file: 'placement-rules-in-sql.md'
Thu Jun 19 08:57:41 CST 2025: No more files to assign to agent pane 2. Agent is idle.
Thu Jun 19 08:57:41 CST 2025: Agent pane 3 signaled completion. Extracted file: 'non-transactional-dml.md'
Thu Jun 19 08:57:41 CST 2025: No more files to assign to agent pane 3. Agent is idle.
Thu Jun 19 08:57:41 CST 2025: Agent pane 4 signaled completion. Extracted file: 'character-set-and-'
Thu Jun 19 08:57:41 CST 2025: No more files to assign to agent pane 4. Agent is idle.
Thu Jun 19 08:57:41 CST 2025: Agent pane 5 signaled completion. Extracted file: 'tidb-cloud/release-notes-'
Thu Jun 19 08:57:41 CST 2025: No more files to assign to agent pane 5. Agent is idle.
Progress: 464/     683 files completed (Thu Jun 19 08:57:51 CST 2025)
Thu Jun 19 08:57:52 CST 2025: Agent pane 2 signaled completion. Extracted file: 'placement-rules-in-sql.md'
Thu Jun 19 08:57:52 CST 2025: No more files to assign to agent pane 2. Agent is idle.
Thu Jun 19 08:57:52 CST 2025: Agent pane 3 signaled completion. Extracted file: 'non-transactional-dml.md'
Thu Jun 19 08:57:52 CST 2025: No more files to assign to agent pane 3. Agent is idle.
Thu Jun 19 08:57:52 CST 2025: Agent pane 4 signaled completion. Extracted file: 'character-set-and-'
Thu Jun 19 08:57:52 CST 2025: No more files to assign to agent pane 4. Agent is idle.
Thu Jun 19 08:57:52 CST 2025: Agent pane 5 signaled completion. Extracted file: 'tidb-cloud/release-notes-'
Thu Jun 19 08:57:52 CST 2025: No more files to assign to agent pane 5. Agent is idle.
Thu Jun 19 08:58:00 CST 2025: [PASS] AI validation PASSED for 'sql-statements/sql-statement-set-transaction.md'.
Thu Jun 19 08:58:00 CST 2025: [REPORT] Generating progress report.
Thu Jun 19 08:58:00 CST 2025: [CYCLE END] Finished processing. Next check in 3os.
Progress: 466/     683 files completed (Thu Jun 19 08:58:02 CST 2025)
Thu Jun 19 08:58:02 CST 2025: Agent pane 2 signaled completion. Extracted file: 'placement-rules-in-sql.md'
Thu Jun 19 08:58:02 CST 2025: No more files to assign to agent pane 2. Agent is idle.
Thu Jun 19 08:58:02 CST 2025: Agent pane 3 signaled completion. Extracted file: 'non-transactional-dml.md'
Thu Jun 19 08:58:02 CST 2025: No more files to assign to agent pane 3. Agent is idle.
Thu Jun 19 08:58:02 CST 2025: Agent pane 4 signaled completion. Extracted file: 'character-set-and-'
Thu Jun 19 08:58:02 CST 2025: No more files to assign to agent pane 4. Agent is idle.
Thu Jun 19 08:58:02 CST 2025: Agent pane 5 signaled completion. Extracted file: 'tidb-cloud/release-notes-'
Thu Jun 19 08:58:02 CST 2025: No more files to assign to agent pane 5. Agent is idle.
---
Thu Jun 19 08:58:03 CST 2025: [CYCLE START] Checking for work...
Thu Jun 19 08:58:03 CST 2025: [FOUND] Pending file: 'sql-statements/sql-statement-set-variable.md'. Checking for translation...
Thu Jun 19 08:58:03 CST 2025: [LOCKING] Found '.amazon_q_result/sql-statements/sql-statement-set-variable.md'. Locking for validation.
Thu Jun 19 08:58:03 CST 2025: [VALIDATING] Starting AI validation for 'sql-statements/sql-statement-set-variable.md'.
Progress: 468/     683 files completed (Thu Jun 19 08:58:12 CST 2025)
Thu Jun 19 08:58:12 CST 2025: Agent pane 2 signaled completion. Extracted file: 'placement-rules-in-sql.md'
Thu Jun 19 08:58:12 CST 2025: No more files to assign to agent pane 2. Agent is idle.
Thu Jun 19 08:58:12 CST 2025: Agent pane 3 signaled completion. Extracted file: 'non-transactional-dml.md'
Thu Jun 19 08:58:12 CST 2025: No more files to assign to agent pane 3. Agent is idle.
Thu Jun 19 08:58:12 CST 2025: Agent pane 4 signaled completion. Extracted file: 'character-set-and-'
Thu Jun 19 08:58:12 CST 2025: No more files to assign to agent pane 4. Agent is idle.
Thu Jun 19 08:58:12 CST 2025: Agent pane 5 signaled completion. Extracted file: 'tidb-cloud/release-notes-'
Thu Jun 19 08:58:12 CST 2025: No more files to assign to agent pane 5. Agent is idle.
Thu Jun 19 08:58:21 CST 2025: [PASS] AI validation PASSED for 'sql-statements/sql-statement-set-variable.md'.
Thu Jun 19 08:58:21 CST 2025: [REPORT] Generating progress report.
Thu Jun 19 08:58:21 CST 2025: [CYCLE END] Finished processing. Next check in 3os.
Progress: 470/     683 files completed (Thu Jun 19 08:58:22 CST 2025)
Thu Jun 19 08:58:22 CST 2025: Agent pane 2 signaled completion. Extracted file: 'placement-rules-in-sql.md'
Thu Jun 19 08:58:22 CST 2025: No more files to assign to agent pane 2. Agent is idle.
Thu Jun 19 08:58:22 CST 2025: Agent pane 3 signaled completion. Extracted file: 'non-transactional-dml.md'
Thu Jun 19 08:58:22 CST 2025: No more files to assign to agent pane 3. Agent is idle.
Thu Jun 19 08:58:22 CST 2025: Agent pane 4 signaled completion. Extracted file: 'character-set-and-'
Thu Jun 19 08:58:22 CST 2025: No more files to assign to agent pane 4. Agent is idle.
Thu Jun 19 08:58:22 CST 2025: Agent pane 5 signaled completion. Extracted file: 'tidb-cloud/release-notes-'
Thu Jun 19 08:58:22 CST 2025: No more files to assign to agent pane 5. Agent is idle.
---
Thu Jun 19 08:58:24 CST 2025: [CYCLE START] Checking for work...
Thu Jun 19 08:58:24 CST 2025: [FOUND] Pending file: 'sql-statements/sql-statement-show-analyze-status.md'. Checking for translation...
Thu Jun 19 08:58:24 CST 2025: [LOCKING] Found '.amazon_q_result/sql-statements/sql-statement-show-analyze-status.md'. Locking for validation.
Thu Jun 19 08:58:24 CST 2025: [VALIDATING] Starting AI validation for 'sql-statements/sql-statement-show-analyze-status.md'.
Progress: 472/     683 files completed (Thu Jun 19 08:58:32 CST 2025)
Thu Jun 19 08:58:32 CST 2025: Agent pane 2 signaled completion. Extracted file: 'placement-rules-in-sql.md'
Thu Jun 19 08:58:32 CST 2025: No more files to assign to agent pane 2. Agent is idle.
Thu Jun 19 08:58:32 CST 2025: Agent pane 3 signaled completion. Extracted file: 'non-transactional-dml.md'
Thu Jun 19 08:58:32 CST 2025: No more files to assign to agent pane 3. Agent is idle.
Thu Jun 19 08:58:32 CST 2025: Agent pane 4 signaled completion. Extracted file: 'character-set-and-'
Thu Jun 19 08:58:32 CST 2025: No more files to assign to agent pane 4. Agent is idle.
Thu Jun 19 08:58:33 CST 2025: Agent pane 5 signaled completion. Extracted file: 'tidb-cloud/release-notes-'
Thu Jun 19 08:58:33 CST 2025: No more files to assign to agent pane 5. Agent is idle.
Progress: 474/     683 files completed (Thu Jun 19 08:58:43 CST 2025)
Thu Jun 19 08:58:43 CST 2025: Agent pane 2 signaled completion. Extracted file: 'placement-rules-in-sql.md'
Thu Jun 19 08:58:43 CST 2025: No more files to assign to agent pane 2. Agent is idle.
Thu Jun 19 08:58:43 CST 2025: Agent pane 3 signaled completion. Extracted file: 'non-transactional-dml.md'
Thu Jun 19 08:58:43 CST 2025: No more files to assign to agent pane 3. Agent is idle.
Thu Jun 19 08:58:43 CST 2025: Agent pane 4 signaled completion. Extracted file: 'character-set-and-'
Thu Jun 19 08:58:43 CST 2025: No more files to assign to agent pane 4. Agent is idle.
Thu Jun 19 08:58:43 CST 2025: Agent pane 5 signaled completion. Extracted file: 'tidb-cloud/release-notes-'
Thu Jun 19 08:58:43 CST 2025: No more files to assign to agent pane 5. Agent is idle.
Thu Jun 19 08:58:44 CST 2025: [PASS] AI validation PASSED for 'sql-statements/sql-statement-show-analyze-status.md'.
Thu Jun 19 08:58:44 CST 2025: [REPORT] Generating progress report.
Thu Jun 19 08:58:44 CST 2025: [CYCLE END] Finished processing. Next check in 3os.
---
Thu Jun 19 08:58:47 CST 2025: [CYCLE START] Checking for work...
Thu Jun 19 08:58:47 CST 2025: [FOUND] Pending file: 'sql-statements/sql-statement-show-backups.md'. Checking for translation...
Thu Jun 19 08:58:47 CST 2025: [LOCKING] Found '.amazon_q_result/sql-statements/sql-statement-show-backups.md'. Locking for validation.
Thu Jun 19 08:58:47 CST 2025: [VALIDATING] Starting AI validation for 'sql-statements/sql-statement-show-backups.md'.
Progress: 476/     683 files completed (Thu Jun 19 08:58:53 CST 2025)
Thu Jun 19 08:58:53 CST 2025: Agent pane 2 signaled completion. Extracted file: 'placement-rules-in-sql.md'
Thu Jun 19 08:58:53 CST 2025: No more files to assign to agent pane 2. Agent is idle.
Thu Jun 19 08:58:53 CST 2025: Agent pane 3 signaled completion. Extracted file: 'non-transactional-dml.md'
Thu Jun 19 08:58:53 CST 2025: No more files to assign to agent pane 3. Agent is idle.
Thu Jun 19 08:58:53 CST 2025: Agent pane 4 signaled completion. Extracted file: 'character-set-and-'
Thu Jun 19 08:58:53 CST 2025: No more files to assign to agent pane 4. Agent is idle.
Thu Jun 19 08:58:53 CST 2025: Agent pane 5 signaled completion. Extracted file: 'tidb-cloud/release-notes-'
Thu Jun 19 08:58:53 CST 2025: No more files to assign to agent pane 5. Agent is idle.
Progress: 478/     683 files completed (Thu Jun 19 08:59:03 CST 2025)
Thu Jun 19 08:59:03 CST 2025: Agent pane 2 signaled completion. Extracted file: 'placement-rules-in-sql.md'
Thu Jun 19 08:59:03 CST 2025: No more files to assign to agent pane 2. Agent is idle.
Thu Jun 19 08:59:03 CST 2025: Agent pane 3 signaled completion. Extracted file: 'non-transactional-dml.md'
Thu Jun 19 08:59:03 CST 2025: No more files to assign to agent pane 3. Agent is idle.
Thu Jun 19 08:59:03 CST 2025: Agent pane 4 signaled completion. Extracted file: 'character-set-and-'
Thu Jun 19 08:59:03 CST 2025: No more files to assign to agent pane 4. Agent is idle.
Thu Jun 19 08:59:03 CST 2025: Agent pane 5 signaled completion. Extracted file: 'tidb-cloud/release-notes-'
Thu Jun 19 08:59:03 CST 2025: No more files to assign to agent pane 5. Agent is idle.
Thu Jun 19 08:59:07 CST 2025: [PASS] AI validation PASSED for 'sql-statements/sql-statement-show-backups.md'.
Thu Jun 19 08:59:07 CST 2025: [REPORT] Generating progress report.
Thu Jun 19 08:59:07 CST 2025: [CYCLE END] Finished processing. Next check in 3os.
---
Thu Jun 19 08:59:10 CST 2025: [CYCLE START] Checking for work...
Thu Jun 19 08:59:10 CST 2025: [FOUND] Pending file: 'sql-statements/sql-statement-show-bindings.md'. Checking for translation...
Thu Jun 19 08:59:10 CST 2025: [LOCKING] Found '.amazon_q_result/sql-statements/sql-statement-show-bindings.md'. Locking for validation.
Thu Jun 19 08:59:10 CST 2025: [VALIDATING] Starting AI validation for 'sql-statements/sql-statement-show-bindings.md'.
Progress: 480/     683 files completed (Thu Jun 19 08:59:13 CST 2025)
Thu Jun 19 08:59:13 CST 2025: Agent pane 2 signaled completion. Extracted file: 'placement-rules-in-sql.md'
Thu Jun 19 08:59:13 CST 2025: No more files to assign to agent pane 2. Agent is idle.
Thu Jun 19 08:59:13 CST 2025: Agent pane 3 signaled completion. Extracted file: 'non-transactional-dml.md'
Thu Jun 19 08:59:13 CST 2025: No more files to assign to agent pane 3. Agent is idle.
Thu Jun 19 08:59:13 CST 2025: Agent pane 4 signaled completion. Extracted file: 'character-set-and-'
Thu Jun 19 08:59:13 CST 2025: No more files to assign to agent pane 4. Agent is idle.
Thu Jun 19 08:59:13 CST 2025: Agent pane 5 signaled completion. Extracted file: 'tidb-cloud/release-notes-'
Thu Jun 19 08:59:14 CST 2025: No more files to assign to agent pane 5. Agent is idle.
Progress: 482/     683 files completed (Thu Jun 19 08:59:24 CST 2025)
Thu Jun 19 08:59:24 CST 2025: Agent pane 2 signaled completion. Extracted file: 'placement-rules-in-sql.md'
Thu Jun 19 08:59:24 CST 2025: No more files to assign to agent pane 2. Agent is idle.
Thu Jun 19 08:59:24 CST 2025: Agent pane 3 signaled completion. Extracted file: 'non-transactional-dml.md'
Thu Jun 19 08:59:24 CST 2025: No more files to assign to agent pane 3. Agent is idle.
Thu Jun 19 08:59:24 CST 2025: Agent pane 4 signaled completion. Extracted file: 'character-set-and-'
Thu Jun 19 08:59:24 CST 2025: No more files to assign to agent pane 4. Agent is idle.
Thu Jun 19 08:59:24 CST 2025: Agent pane 5 signaled completion. Extracted file: 'tidb-cloud/release-notes-'
Thu Jun 19 08:59:24 CST 2025: No more files to assign to agent pane 5. Agent is idle.
Thu Jun 19 08:59:31 CST 2025: [PASS] AI validation PASSED for 'sql-statements/sql-statement-show-bindings.md'.
Thu Jun 19 08:59:31 CST 2025: [REPORT] Generating progress report.
Thu Jun 19 08:59:31 CST 2025: [CYCLE END] Finished processing. Next check in 3os.
Progress: 484/     683 files completed (Thu Jun 19 08:59:34 CST 2025)
Thu Jun 19 08:59:34 CST 2025: Agent pane 2 signaled completion. Extracted file: 'placement-rules-in-sql.md'
Thu Jun 19 08:59:34 CST 2025: No more files to assign to agent pane 2. Agent is idle.
---
Thu Jun 19 08:59:34 CST 2025: [CYCLE START] Checking for work...
Thu Jun 19 08:59:34 CST 2025: Agent pane 3 signaled completion. Extracted file: 'non-transactional-dml.md'
Thu Jun 19 08:59:34 CST 2025: [FOUND] Pending file: 'sql-statements/sql-statement-show-builtins.md'. Checking for translation...
Thu Jun 19 08:59:34 CST 2025: [LOCKING] Found '.amazon_q_result/sql-statements/sql-statement-show-builtins.md'. Locking for validation.
Thu Jun 19 08:59:34 CST 2025: No more files to assign to agent pane 3. Agent is idle.
Thu Jun 19 08:59:34 CST 2025: [VALIDATING] Starting AI validation for 'sql-statements/sql-statement-show-builtins.md'.
Thu Jun 19 08:59:34 CST 2025: Agent pane 4 signaled completion. Extracted file: 'character-set-and-'
Thu Jun 19 08:59:34 CST 2025: No more files to assign to agent pane 4. Agent is idle.
Thu Jun 19 08:59:34 CST 2025: Agent pane 5 signaled completion. Extracted file: 'tidb-cloud/release-notes-'
Thu Jun 19 08:59:34 CST 2025: No more files to assign to agent pane 5. Agent is idle.
Progress: 486/     683 files completed (Thu Jun 19 08:59:44 CST 2025)
Thu Jun 19 08:59:44 CST 2025: Agent pane 2 signaled completion. Extracted file: 'placement-rules-in-sql.md'
Thu Jun 19 08:59:44 CST 2025: No more files to assign to agent pane 2. Agent is idle.
Thu Jun 19 08:59:44 CST 2025: Agent pane 3 signaled completion. Extracted file: 'non-transactional-dml.md'
Thu Jun 19 08:59:44 CST 2025: No more files to assign to agent pane 3. Agent is idle.
Thu Jun 19 08:59:44 CST 2025: Agent pane 4 signaled completion. Extracted file: 'character-set-and-'
Thu Jun 19 08:59:44 CST 2025: No more files to assign to agent pane 4. Agent is idle.
Thu Jun 19 08:59:44 CST 2025: Agent pane 5 signaled completion. Extracted file: 'tidb-cloud/release-notes-'
Thu Jun 19 08:59:44 CST 2025: No more files to assign to agent pane 5. Agent is idle.
Thu Jun 19 08:59:50 CST 2025: [PASS] AI validation PASSED for 'sql-statements/sql-statement-show-builtins.md'.
Thu Jun 19 08:59:50 CST 2025: [REPORT] Generating progress report.
Thu Jun 19 08:59:50 CST 2025: [CYCLE END] Finished processing. Next check in 3os.
---
Thu Jun 19 08:59:53 CST 2025: [CYCLE START] Checking for work...
Thu Jun 19 08:59:53 CST 2025: [FOUND] Pending file: 'sql-statements/sql-statement-show-character-set.md'. Checking for translation...
Thu Jun 19 08:59:53 CST 2025: [LOCKING] Found '.amazon_q_result/sql-statements/sql-statement-show-character-set.md'. Locking for validation.
Thu Jun 19 08:59:53 CST 2025: [VALIDATING] Starting AI validation for 'sql-statements/sql-statement-show-character-set.md'.
Progress: 488/     683 files completed (Thu Jun 19 08:59:54 CST 2025)
Thu Jun 19 08:59:54 CST 2025: Agent pane 2 signaled completion. Extracted file: 'placement-rules-in-sql.md'
Thu Jun 19 08:59:54 CST 2025: No more files to assign to agent pane 2. Agent is idle.
Thu Jun 19 08:59:54 CST 2025: Agent pane 3 signaled completion. Extracted file: 'non-transactional-dml.md'
Thu Jun 19 08:59:54 CST 2025: No more files to assign to agent pane 3. Agent is idle.
Thu Jun 19 08:59:54 CST 2025: Agent pane 4 signaled completion. Extracted file: 'character-set-and-'
Thu Jun 19 08:59:54 CST 2025: No more files to assign to agent pane 4. Agent is idle.
Thu Jun 19 08:59:54 CST 2025: Agent pane 5 signaled completion. Extracted file: 'tidb-cloud/release-notes-'
Thu Jun 19 08:59:54 CST 2025: No more files to assign to agent pane 5. Agent is idle.
Progress: 490/     683 files completed (Thu Jun 19 09:00:04 CST 2025)
Thu Jun 19 09:00:04 CST 2025: Agent pane 2 signaled completion. Extracted file: 'placement-rules-in-sql.md'
Thu Jun 19 09:00:04 CST 2025: No more files to assign to agent pane 2. Agent is idle.
Thu Jun 19 09:00:04 CST 2025: Agent pane 3 signaled completion. Extracted file: 'non-transactional-dml.md'
Thu Jun 19 09:00:04 CST 2025: No more files to assign to agent pane 3. Agent is idle.
Thu Jun 19 09:00:04 CST 2025: Agent pane 4 signaled completion. Extracted file: 'character-set-and-'
Thu Jun 19 09:00:05 CST 2025: No more files to assign to agent pane 4. Agent is idle.
Thu Jun 19 09:00:05 CST 2025: Agent pane 5 signaled completion. Extracted file: 'tidb-cloud/release-notes-'
Thu Jun 19 09:00:05 CST 2025: No more files to assign to agent pane 5. Agent is idle.
Thu Jun 19 09:00:10 CST 2025: [PASS] AI validation PASSED for 'sql-statements/sql-statement-show-character-set.md'.
Thu Jun 19 09:00:10 CST 2025: [REPORT] Generating progress report.
Thu Jun 19 09:00:10 CST 2025: [CYCLE END] Finished processing. Next check in 3os.
---
Thu Jun 19 09:00:13 CST 2025: [CYCLE START] Checking for work...
Thu Jun 19 09:00:13 CST 2025: [FOUND] Pending file: 'sql-statements/sql-statement-show-collation.md'. Checking for translation...
Thu Jun 19 09:00:13 CST 2025: [LOCKING] Found '.amazon_q_result/sql-statements/sql-statement-show-collation.md'. Locking for validation.
Thu Jun 19 09:00:13 CST 2025: [VALIDATING] Starting AI validation for 'sql-statements/sql-statement-show-collation.md'.
Progress: 492/     683 files completed (Thu Jun 19 09:00:15 CST 2025)
Thu Jun 19 09:00:15 CST 2025: Agent pane 2 signaled completion. Extracted file: 'placement-rules-in-sql.md'
Thu Jun 19 09:00:15 CST 2025: No more files to assign to agent pane 2. Agent is idle.
Thu Jun 19 09:00:15 CST 2025: Agent pane 3 signaled completion. Extracted file: 'non-transactional-dml.md'
Thu Jun 19 09:00:15 CST 2025: No more files to assign to agent pane 3. Agent is idle.
Thu Jun 19 09:00:15 CST 2025: Agent pane 4 signaled completion. Extracted file: 'character-set-and-'
Thu Jun 19 09:00:15 CST 2025: No more files to assign to agent pane 4. Agent is idle.
Thu Jun 19 09:00:15 CST 2025: Agent pane 5 signaled completion. Extracted file: 'tidb-cloud/release-notes-'
Thu Jun 19 09:00:15 CST 2025: No more files to assign to agent pane 5. Agent is idle.
Progress: 494/     683 files completed (Thu Jun 19 09:00:25 CST 2025)
Thu Jun 19 09:00:25 CST 2025: Agent pane 2 signaled completion. Extracted file: 'placement-rules-in-sql.md'
Thu Jun 19 09:00:25 CST 2025: No more files to assign to agent pane 2. Agent is idle.
Thu Jun 19 09:00:25 CST 2025: Agent pane 3 signaled completion. Extracted file: 'non-transactional-dml.md'
Thu Jun 19 09:00:25 CST 2025: No more files to assign to agent pane 3. Agent is idle.
Thu Jun 19 09:00:25 CST 2025: Agent pane 4 signaled completion. Extracted file: 'character-set-and-'
Thu Jun 19 09:00:25 CST 2025: No more files to assign to agent pane 4. Agent is idle.
Thu Jun 19 09:00:25 CST 2025: Agent pane 5 signaled completion. Extracted file: 'tidb-cloud/release-notes-'
Thu Jun 19 09:00:25 CST 2025: No more files to assign to agent pane 5. Agent is idle.
Thu Jun 19 09:00:31 CST 2025: [PASS] AI validation PASSED for 'sql-statements/sql-statement-show-collation.md'.
Thu Jun 19 09:00:31 CST 2025: [REPORT] Generating progress report.
Thu Jun 19 09:00:31 CST 2025: [CYCLE END] Finished processing. Next check in 3os.
---
Thu Jun 19 09:00:34 CST 2025: [CYCLE START] Checking for work...
Thu Jun 19 09:00:34 CST 2025: [FOUND] Pending file: 'sql-statements/sql-statement-show-column-stats-usage.md'. Checking for translation...
Thu Jun 19 09:00:34 CST 2025: [LOCKING] Found '.amazon_q_result/sql-statements/sql-statement-show-column-stats-usage.md'. Locking for validation.
Thu Jun 19 09:00:34 CST 2025: [VALIDATING] Starting AI validation for 'sql-statements/sql-statement-show-column-stats-usage.md'.
Progress: 496/     683 files completed (Thu Jun 19 09:00:35 CST 2025)
Thu Jun 19 09:00:35 CST 2025: Agent pane 2 signaled completion. Extracted file: 'placement-rules-in-sql.md'
Thu Jun 19 09:00:35 CST 2025: No more files to assign to agent pane 2. Agent is idle.
Thu Jun 19 09:00:35 CST 2025: Agent pane 3 signaled completion. Extracted file: 'non-transactional-dml.md'
Thu Jun 19 09:00:35 CST 2025: No more files to assign to agent pane 3. Agent is idle.
Thu Jun 19 09:00:35 CST 2025: Agent pane 4 signaled completion. Extracted file: 'character-set-and-'
Thu Jun 19 09:00:35 CST 2025: No more files to assign to agent pane 4. Agent is idle.
Thu Jun 19 09:00:35 CST 2025: Agent pane 5 signaled completion. Extracted file: 'tidb-cloud/release-notes-'
Thu Jun 19 09:00:35 CST 2025: No more files to assign to agent pane 5. Agent is idle.
Progress: 498/     683 files completed (Thu Jun 19 09:00:45 CST 2025)
Thu Jun 19 09:00:45 CST 2025: Agent pane 2 signaled completion. Extracted file: 'placement-rules-in-sql.md'
Thu Jun 19 09:00:45 CST 2025: No more files to assign to agent pane 2. Agent is idle.
Thu Jun 19 09:00:45 CST 2025: Agent pane 3 signaled completion. Extracted file: 'non-transactional-dml.md'
Thu Jun 19 09:00:45 CST 2025: No more files to assign to agent pane 3. Agent is idle.
Thu Jun 19 09:00:45 CST 2025: Agent pane 4 signaled completion. Extracted file: 'character-set-and-'
Thu Jun 19 09:00:45 CST 2025: No more files to assign to agent pane 4. Agent is idle.
Thu Jun 19 09:00:45 CST 2025: Agent pane 5 signaled completion. Extracted file: 'tidb-cloud/release-notes-'
Thu Jun 19 09:00:45 CST 2025: No more files to assign to agent pane 5. Agent is idle.
Thu Jun 19 09:00:53 CST 2025: [PASS] AI validation PASSED for 'sql-statements/sql-statement-show-column-stats-usage.md'.
Thu Jun 19 09:00:53 CST 2025: [REPORT] Generating progress report.
Thu Jun 19 09:00:53 CST 2025: [CYCLE END] Finished processing. Next check in 3os.
Progress: 500/     683 files completed (Thu Jun 19 09:00:55 CST 2025)
Thu Jun 19 09:00:55 CST 2025: Agent pane 2 signaled completion. Extracted file: 'placement-rules-in-sql.md'
Thu Jun 19 09:00:55 CST 2025: No more files to assign to agent pane 2. Agent is idle.
Thu Jun 19 09:00:55 CST 2025: Agent pane 3 signaled completion. Extracted file: 'non-transactional-dml.md'
Thu Jun 19 09:00:56 CST 2025: No more files to assign to agent pane 3. Agent is idle.
Thu Jun 19 09:00:56 CST 2025: Agent pane 4 signaled completion. Extracted file: 'character-set-and-'
Thu Jun 19 09:00:56 CST 2025: No more files to assign to agent pane 4. Agent is idle.
Thu Jun 19 09:00:56 CST 2025: Agent pane 5 signaled completion. Extracted file: 'tidb-cloud/release-notes-'
Thu Jun 19 09:00:56 CST 2025: No more files to assign to agent pane 5. Agent is idle.
---
Thu Jun 19 09:00:56 CST 2025: [CYCLE START] Checking for work...
Thu Jun 19 09:00:56 CST 2025: [FOUND] Pending file: 'sql-statements/sql-statement-show-columns-from.md'. Checking for translation...
Thu Jun 19 09:00:56 CST 2025: [LOCKING] Found '.amazon_q_result/sql-statements/sql-statement-show-columns-from.md'. Locking for validation.
Thu Jun 19 09:00:56 CST 2025: [VALIDATING] Starting AI validation for 'sql-statements/sql-statement-show-columns-from.md'.
Progress: 502/     683 files completed (Thu Jun 19 09:01:06 CST 2025)
Thu Jun 19 09:01:06 CST 2025: Agent pane 2 signaled completion. Extracted file: 'placement-rules-in-sql.md'
Thu Jun 19 09:01:06 CST 2025: No more files to assign to agent pane 2. Agent is idle.
Thu Jun 19 09:01:06 CST 2025: Agent pane 3 signaled completion. Extracted file: 'non-transactional-dml.md'
Thu Jun 19 09:01:06 CST 2025: No more files to assign to agent pane 3. Agent is idle.
Thu Jun 19 09:01:06 CST 2025: Agent pane 4 signaled completion. Extracted file: 'character-set-and-'
Thu Jun 19 09:01:06 CST 2025: No more files to assign to agent pane 4. Agent is idle.
Thu Jun 19 09:01:06 CST 2025: Agent pane 5 signaled completion. Extracted file: 'tidb-cloud/release-notes-'
Thu Jun 19 09:01:06 CST 2025: No more files to assign to agent pane 5. Agent is idle.
Thu Jun 19 09:01:16 CST 2025: [PASS] AI validation PASSED for 'sql-statements/sql-statement-show-columns-from.md'.
Thu Jun 19 09:01:16 CST 2025: [REPORT] Generating progress report.
Thu Jun 19 09:01:16 CST 2025: [CYCLE END] Finished processing. Next check in 3os.
Progress: 504/     683 files completed (Thu Jun 19 09:01:16 CST 2025)
Thu Jun 19 09:01:16 CST 2025: Agent pane 2 signaled completion. Extracted file: 'placement-rules-in-sql.md'
Thu Jun 19 09:01:16 CST 2025: No more files to assign to agent pane 2. Agent is idle.
Thu Jun 19 09:01:16 CST 2025: Agent pane 3 signaled completion. Extracted file: 'non-transactional-dml.md'
Thu Jun 19 09:01:16 CST 2025: No more files to assign to agent pane 3. Agent is idle.
Thu Jun 19 09:01:16 CST 2025: Agent pane 4 signaled completion. Extracted file: 'character-set-and-'
Thu Jun 19 09:01:16 CST 2025: No more files to assign to agent pane 4. Agent is idle.
Thu Jun 19 09:01:16 CST 2025: Agent pane 5 signaled completion. Extracted file: 'tidb-cloud/release-notes-'
Thu Jun 19 09:01:16 CST 2025: No more files to assign to agent pane 5. Agent is idle.
---
Thu Jun 19 09:01:19 CST 2025: [CYCLE START] Checking for work...
Thu Jun 19 09:01:19 CST 2025: [FOUND] Pending file: 'sql-statements/sql-statement-show-create-database.md'. Checking for translation...
Thu Jun 19 09:01:19 CST 2025: [LOCKING] Found '.amazon_q_result/sql-statements/sql-statement-show-create-database.md'. Locking for validation.
Thu Jun 19 09:01:19 CST 2025: [VALIDATING] Starting AI validation for 'sql-statements/sql-statement-show-create-database.md'.
Progress: 506/     683 files completed (Thu Jun 19 09:01:26 CST 2025)
Thu Jun 19 09:01:26 CST 2025: Agent pane 2 signaled completion. Extracted file: 'placement-rules-in-sql.md'
Thu Jun 19 09:01:26 CST 2025: No more files to assign to agent pane 2. Agent is idle.
Thu Jun 19 09:01:26 CST 2025: Agent pane 3 signaled completion. Extracted file: 'non-transactional-dml.md'
Thu Jun 19 09:01:26 CST 2025: No more files to assign to agent pane 3. Agent is idle.
Thu Jun 19 09:01:26 CST 2025: Agent pane 4 signaled completion. Extracted file: 'character-set-and-'
Thu Jun 19 09:01:26 CST 2025: No more files to assign to agent pane 4. Agent is idle.
Thu Jun 19 09:01:26 CST 2025: Agent pane 5 signaled completion. Extracted file: 'tidb-cloud/release-notes-'
Thu Jun 19 09:01:26 CST 2025: No more files to assign to agent pane 5. Agent is idle.
Progress: 508/     683 files completed (Thu Jun 19 09:01:36 CST 2025)
Thu Jun 19 09:01:36 CST 2025: Agent pane 2 signaled completion. Extracted file: 'placement-rules-in-sql.md'
Thu Jun 19 09:01:36 CST 2025: No more files to assign to agent pane 2. Agent is idle.
Thu Jun 19 09:01:36 CST 2025: Agent pane 3 signaled completion. Extracted file: 'non-transactional-dml.md'
Thu Jun 19 09:01:36 CST 2025: No more files to assign to agent pane 3. Agent is idle.
Thu Jun 19 09:01:36 CST 2025: Agent pane 4 signaled completion. Extracted file: 'character-set-and-'
Thu Jun 19 09:01:36 CST 2025: No more files to assign to agent pane 4. Agent is idle.
Thu Jun 19 09:01:36 CST 2025: Agent pane 5 signaled completion. Extracted file: 'tidb-cloud/release-notes-'
Thu Jun 19 09:01:37 CST 2025: No more files to assign to agent pane 5. Agent is idle.
Thu Jun 19 09:01:37 CST 2025: [PASS] AI validation PASSED for 'sql-statements/sql-statement-show-create-database.md'.
Thu Jun 19 09:01:37 CST 2025: [REPORT] Generating progress report.
Thu Jun 19 09:01:37 CST 2025: [CYCLE END] Finished processing. Next check in 3os.
---
Thu Jun 19 09:01:40 CST 2025: [CYCLE START] Checking for work...
Thu Jun 19 09:01:40 CST 2025: [FOUND] Pending file: 'sql-statements/sql-statement-show-create-placement-policy.md'. Checking for translation...
Thu Jun 19 09:01:40 CST 2025: [LOCKING] Found '.amazon_q_result/sql-statements/sql-statement-show-create-placement-policy.md'. Locking for validation.
Thu Jun 19 09:01:40 CST 2025: [VALIDATING] Starting AI validation for 'sql-statements/sql-statement-show-create-placement-policy.md'.
Progress: 510/     683 files completed (Thu Jun 19 09:01:47 CST 2025)
Thu Jun 19 09:01:47 CST 2025: Agent pane 2 signaled completion. Extracted file: 'placement-rules-in-sql.md'
Thu Jun 19 09:01:47 CST 2025: No more files to assign to agent pane 2. Agent is idle.
Thu Jun 19 09:01:47 CST 2025: Agent pane 3 signaled completion. Extracted file: 'non-transactional-dml.md'
Thu Jun 19 09:01:47 CST 2025: No more files to assign to agent pane 3. Agent is idle.
Thu Jun 19 09:01:47 CST 2025: Agent pane 4 signaled completion. Extracted file: 'character-set-and-'
Thu Jun 19 09:01:47 CST 2025: No more files to assign to agent pane 4. Agent is idle.
Thu Jun 19 09:01:47 CST 2025: Agent pane 5 signaled completion. Extracted file: 'tidb-cloud/release-notes-'
Thu Jun 19 09:01:47 CST 2025: No more files to assign to agent pane 5. Agent is idle.
Progress: 512/     683 files completed (Thu Jun 19 09:01:57 CST 2025)
Thu Jun 19 09:01:57 CST 2025: Agent pane 2 signaled completion. Extracted file: 'placement-rules-in-sql.md'
Thu Jun 19 09:01:57 CST 2025: No more files to assign to agent pane 2. Agent is idle.
Thu Jun 19 09:01:57 CST 2025: Agent pane 3 signaled completion. Extracted file: 'non-transactional-dml.md'
Thu Jun 19 09:01:57 CST 2025: No more files to assign to agent pane 3. Agent is idle.
Thu Jun 19 09:01:57 CST 2025: Agent pane 4 signaled completion. Extracted file: 'character-set-and-'
Thu Jun 19 09:01:57 CST 2025: No more files to assign to agent pane 4. Agent is idle.
Thu Jun 19 09:01:57 CST 2025: Agent pane 5 signaled completion. Extracted file: 'tidb-cloud/release-notes-'
Thu Jun 19 09:01:57 CST 2025: No more files to assign to agent pane 5. Agent is idle.
Thu Jun 19 09:02:01 CST 2025: [PASS] AI validation PASSED for 'sql-statements/sql-statement-show-create-placement-policy.md'.
Thu Jun 19 09:02:01 CST 2025: [REPORT] Generating progress report.
Thu Jun 19 09:02:01 CST 2025: [CYCLE END] Finished processing. Next check in 3os.
---
Thu Jun 19 09:02:04 CST 2025: [CYCLE START] Checking for work...
Thu Jun 19 09:02:04 CST 2025: [FOUND] Pending file: 'sql-statements/sql-statement-show-create-resource-group.md'. Checking for translation...
Thu Jun 19 09:02:04 CST 2025: [LOCKING] Found '.amazon_q_result/sql-statements/sql-statement-show-create-resource-group.md'. Locking for validation.
Thu Jun 19 09:02:04 CST 2025: [VALIDATING] Starting AI validation for 'sql-statements/sql-statement-show-create-resource-group.md'.
Progress: 514/     683 files completed (Thu Jun 19 09:02:07 CST 2025)
Thu Jun 19 09:02:07 CST 2025: Agent pane 2 signaled completion. Extracted file: 'placement-rules-in-sql.md'
Thu Jun 19 09:02:07 CST 2025: No more files to assign to agent pane 2. Agent is idle.
Thu Jun 19 09:02:07 CST 2025: Agent pane 3 signaled completion. Extracted file: 'non-transactional-dml.md'
Thu Jun 19 09:02:07 CST 2025: No more files to assign to agent pane 3. Agent is idle.
Thu Jun 19 09:02:07 CST 2025: Agent pane 4 signaled completion. Extracted file: 'character-set-and-'
Thu Jun 19 09:02:07 CST 2025: No more files to assign to agent pane 4. Agent is idle.
Thu Jun 19 09:02:07 CST 2025: Agent pane 5 signaled completion. Extracted file: 'tidb-cloud/release-notes-'
Thu Jun 19 09:02:07 CST 2025: No more files to assign to agent pane 5. Agent is idle.
Progress: 516/     683 files completed (Thu Jun 19 09:02:17 CST 2025)
Thu Jun 19 09:02:17 CST 2025: Agent pane 2 signaled completion. Extracted file: 'placement-rules-in-sql.md'
Thu Jun 19 09:02:17 CST 2025: No more files to assign to agent pane 2. Agent is idle.
Thu Jun 19 09:02:17 CST 2025: Agent pane 3 signaled completion. Extracted file: 'non-transactional-dml.md'
Thu Jun 19 09:02:17 CST 2025: No more files to assign to agent pane 3. Agent is idle.
Thu Jun 19 09:02:17 CST 2025: Agent pane 4 signaled completion. Extracted file: 'character-set-and-'
Thu Jun 19 09:02:17 CST 2025: No more files to assign to agent pane 4. Agent is idle.
Thu Jun 19 09:02:17 CST 2025: Agent pane 5 signaled completion. Extracted file: 'tidb-cloud/release-notes-'
Thu Jun 19 09:02:17 CST 2025: No more files to assign to agent pane 5. Agent is idle.
Progress: 518/     683 files completed (Thu Jun 19 09:02:27 CST 2025)
Thu Jun 19 09:02:27 CST 2025: Agent pane 2 signaled completion. Extracted file: 'placement-rules-in-sql.md'
Thu Jun 19 09:02:27 CST 2025: No more files to assign to agent pane 2. Agent is idle.
Thu Jun 19 09:02:27 CST 2025: Agent pane 3 signaled completion. Extracted file: 'non-transactional-dml.md'
Thu Jun 19 09:02:27 CST 2025: No more files to assign to agent pane 3. Agent is idle.
Thu Jun 19 09:02:27 CST 2025: Agent pane 4 signaled completion. Extracted file: 'character-set-and-'
Thu Jun 19 09:02:28 CST 2025: No more files to assign to agent pane 4. Agent is idle.
Thu Jun 19 09:02:28 CST 2025: Agent pane 5 signaled completion. Extracted file: 'tidb-cloud/release-notes-'
Thu Jun 19 09:02:28 CST 2025: No more files to assign to agent pane 5. Agent is idle.
Thu Jun 19 09:02:28 CST 2025: [PASS] AI validation PASSED for 'sql-statements/sql-statement-show-create-resource-group.md'.
Thu Jun 19 09:02:28 CST 2025: [REPORT] Generating progress report.
Thu Jun 19 09:02:28 CST 2025: [CYCLE END] Finished processing. Next check in 3os.
---
Thu Jun 19 09:02:31 CST 2025: [CYCLE START] Checking for work...
Thu Jun 19 09:02:31 CST 2025: [FOUND] Pending file: 'sql-statements/sql-statement-show-create-sequence.md'. Checking for translation...
Thu Jun 19 09:02:31 CST 2025: [LOCKING] Found '.amazon_q_result/sql-statements/sql-statement-show-create-sequence.md'. Locking for validation.
Thu Jun 19 09:02:31 CST 2025: [VALIDATING] Starting AI validation for 'sql-statements/sql-statement-show-create-sequence.md'.
Progress: 520/     683 files completed (Thu Jun 19 09:02:38 CST 2025)
Thu Jun 19 09:02:38 CST 2025: Agent pane 2 signaled completion. Extracted file: 'placement-rules-in-sql.md'
Thu Jun 19 09:02:38 CST 2025: No more files to assign to agent pane 2. Agent is idle.
Thu Jun 19 09:02:38 CST 2025: Agent pane 3 signaled completion. Extracted file: 'non-transactional-dml.md'
Thu Jun 19 09:02:38 CST 2025: No more files to assign to agent pane 3. Agent is idle.
Thu Jun 19 09:02:38 CST 2025: Agent pane 4 signaled completion. Extracted file: 'character-set-and-'
Thu Jun 19 09:02:38 CST 2025: No more files to assign to agent pane 4. Agent is idle.
Thu Jun 19 09:02:38 CST 2025: Agent pane 5 signaled completion. Extracted file: 'tidb-cloud/release-notes-'
Thu Jun 19 09:02:38 CST 2025: No more files to assign to agent pane 5. Agent is idle.
Thu Jun 19 09:02:47 CST 2025: [PASS] AI validation PASSED for 'sql-statements/sql-statement-show-create-sequence.md'.
Thu Jun 19 09:02:47 CST 2025: [REPORT] Generating progress report.
Thu Jun 19 09:02:47 CST 2025: [CYCLE END] Finished processing. Next check in 3os.
Progress: 522/     683 files completed (Thu Jun 19 09:02:48 CST 2025)
Thu Jun 19 09:02:48 CST 2025: Agent pane 2 signaled completion. Extracted file: 'placement-rules-in-sql.md'
Thu Jun 19 09:02:48 CST 2025: No more files to assign to agent pane 2. Agent is idle.
Thu Jun 19 09:02:48 CST 2025: Agent pane 3 signaled completion. Extracted file: 'non-transactional-dml.md'
Thu Jun 19 09:02:48 CST 2025: No more files to assign to agent pane 3. Agent is idle.
Thu Jun 19 09:02:48 CST 2025: Agent pane 4 signaled completion. Extracted file: 'character-set-and-'
Thu Jun 19 09:02:48 CST 2025: No more files to assign to agent pane 4. Agent is idle.
Thu Jun 19 09:02:48 CST 2025: Agent pane 5 signaled completion. Extracted file: 'tidb-cloud/release-notes-'
Thu Jun 19 09:02:48 CST 2025: No more files to assign to agent pane 5. Agent is idle.
---
Thu Jun 19 09:02:50 CST 2025: [CYCLE START] Checking for work...
Thu Jun 19 09:02:50 CST 2025: [FOUND] Pending file: 'sql-statements/sql-statement-show-create-table.md'. Checking for translation...
Thu Jun 19 09:02:50 CST 2025: [LOCKING] Found '.amazon_q_result/sql-statements/sql-statement-show-create-table.md'. Locking for validation.
Thu Jun 19 09:02:50 CST 2025: [VALIDATING] Starting AI validation for 'sql-statements/sql-statement-show-create-table.md'.
Progress: 524/     683 files completed (Thu Jun 19 09:02:58 CST 2025)
Thu Jun 19 09:02:58 CST 2025: Agent pane 2 signaled completion. Extracted file: 'placement-rules-in-sql.md'
Thu Jun 19 09:02:58 CST 2025: No more files to assign to agent pane 2. Agent is idle.
Thu Jun 19 09:02:58 CST 2025: Agent pane 3 signaled completion. Extracted file: 'non-transactional-dml.md'
Thu Jun 19 09:02:58 CST 2025: No more files to assign to agent pane 3. Agent is idle.
Thu Jun 19 09:02:58 CST 2025: Agent pane 4 signaled completion. Extracted file: 'character-set-and-'
Thu Jun 19 09:02:58 CST 2025: No more files to assign to agent pane 4. Agent is idle.
Thu Jun 19 09:02:58 CST 2025: Agent pane 5 signaled completion. Extracted file: 'tidb-cloud/release-notes-'
Thu Jun 19 09:02:58 CST 2025: No more files to assign to agent pane 5. Agent is idle.
Thu Jun 19 09:03:06 CST 2025: [PASS] AI validation PASSED for 'sql-statements/sql-statement-show-create-table.md'.
Thu Jun 19 09:03:06 CST 2025: [REPORT] Generating progress report.
Thu Jun 19 09:03:06 CST 2025: [CYCLE END] Finished processing. Next check in 3os.
Progress: 526/     683 files completed (Thu Jun 19 09:03:08 CST 2025)
Thu Jun 19 09:03:08 CST 2025: Agent pane 2 signaled completion. Extracted file: 'placement-rules-in-sql.md'
Thu Jun 19 09:03:08 CST 2025: No more files to assign to agent pane 2. Agent is idle.
Thu Jun 19 09:03:08 CST 2025: Agent pane 3 signaled completion. Extracted file: 'non-transactional-dml.md'
Thu Jun 19 09:03:08 CST 2025: No more files to assign to agent pane 3. Agent is idle.
Thu Jun 19 09:03:08 CST 2025: Agent pane 4 signaled completion. Extracted file: 'character-set-and-'
Thu Jun 19 09:03:08 CST 2025: No more files to assign to agent pane 4. Agent is idle.
Thu Jun 19 09:03:08 CST 2025: Agent pane 5 signaled completion. Extracted file: 'tidb-cloud/release-notes-'
Thu Jun 19 09:03:08 CST 2025: No more files to assign to agent pane 5. Agent is idle.
---
Thu Jun 19 09:03:09 CST 2025: [CYCLE START] Checking for work...
Thu Jun 19 09:03:09 CST 2025: [FOUND] Pending file: 'sql-statements/sql-statement-show-create-user.md'. Checking for translation...
Thu Jun 19 09:03:09 CST 2025: [LOCKING] Found '.amazon_q_result/sql-statements/sql-statement-show-create-user.md'. Locking for validation.
Thu Jun 19 09:03:09 CST 2025: [VALIDATING] Starting AI validation for 'sql-statements/sql-statement-show-create-user.md'.
Progress: 528/     683 files completed (Thu Jun 19 09:03:18 CST 2025)
Thu Jun 19 09:03:18 CST 2025: Agent pane 2 signaled completion. Extracted file: 'placement-rules-in-sql.md'
Thu Jun 19 09:03:18 CST 2025: No more files to assign to agent pane 2. Agent is idle.
Thu Jun 19 09:03:19 CST 2025: Agent pane 3 signaled completion. Extracted file: 'non-transactional-dml.md'
Thu Jun 19 09:03:19 CST 2025: No more files to assign to agent pane 3. Agent is idle.
Thu Jun 19 09:03:19 CST 2025: Agent pane 4 signaled completion. Extracted file: 'character-set-and-'
Thu Jun 19 09:03:19 CST 2025: No more files to assign to agent pane 4. Agent is idle.
Thu Jun 19 09:03:19 CST 2025: Agent pane 5 signaled completion. Extracted file: 'tidb-cloud/release-notes-'
Thu Jun 19 09:03:19 CST 2025: No more files to assign to agent pane 5. Agent is idle.
Thu Jun 19 09:03:24 CST 2025: [PASS] AI validation PASSED for 'sql-statements/sql-statement-show-create-user.md'.
Thu Jun 19 09:03:24 CST 2025: [REPORT] Generating progress report.
Thu Jun 19 09:03:24 CST 2025: [CYCLE END] Finished processing. Next check in 3os.
---
Thu Jun 19 09:03:27 CST 2025: [CYCLE START] Checking for work...
Thu Jun 19 09:03:27 CST 2025: [FOUND] Pending file: 'sql-statements/sql-statement-show-databases.md'. Checking for translation...
Thu Jun 19 09:03:27 CST 2025: [LOCKING] Found '.amazon_q_result/sql-statements/sql-statement-show-databases.md'. Locking for validation.
Thu Jun 19 09:03:28 CST 2025: [VALIDATING] Starting AI validation for 'sql-statements/sql-statement-show-databases.md'.
Progress: 530/     683 files completed (Thu Jun 19 09:03:29 CST 2025)
Thu Jun 19 09:03:29 CST 2025: Agent pane 2 signaled completion. Extracted file: 'placement-rules-in-sql.md'
Thu Jun 19 09:03:29 CST 2025: No more files to assign to agent pane 2. Agent is idle.
Thu Jun 19 09:03:29 CST 2025: Agent pane 3 signaled completion. Extracted file: 'non-transactional-dml.md'
Thu Jun 19 09:03:29 CST 2025: No more files to assign to agent pane 3. Agent is idle.
Thu Jun 19 09:03:29 CST 2025: Agent pane 4 signaled completion. Extracted file: 'character-set-and-'
Thu Jun 19 09:03:29 CST 2025: No more files to assign to agent pane 4. Agent is idle.
Thu Jun 19 09:03:29 CST 2025: Agent pane 5 signaled completion. Extracted file: 'tidb-cloud/release-notes-'
Thu Jun 19 09:03:29 CST 2025: No more files to assign to agent pane 5. Agent is idle.
Progress: 532/     683 files completed (Thu Jun 19 09:03:39 CST 2025)
Thu Jun 19 09:03:39 CST 2025: Agent pane 2 signaled completion. Extracted file: 'placement-rules-in-sql.md'
Thu Jun 19 09:03:39 CST 2025: No more files to assign to agent pane 2. Agent is idle.
Thu Jun 19 09:03:39 CST 2025: Agent pane 3 signaled completion. Extracted file: 'non-transactional-dml.md'
Thu Jun 19 09:03:39 CST 2025: No more files to assign to agent pane 3. Agent is idle.
Thu Jun 19 09:03:39 CST 2025: Agent pane 4 signaled completion. Extracted file: 'character-set-and-'
Thu Jun 19 09:03:39 CST 2025: No more files to assign to agent pane 4. Agent is idle.
Thu Jun 19 09:03:39 CST 2025: Agent pane 5 signaled completion. Extracted file: 'tidb-cloud/release-notes-'
Thu Jun 19 09:03:39 CST 2025: No more files to assign to agent pane 5. Agent is idle.
Thu Jun 19 09:03:44 CST 2025: [PASS] AI validation PASSED for 'sql-statements/sql-statement-show-databases.md'.
Thu Jun 19 09:03:44 CST 2025: [REPORT] Generating progress report.
Thu Jun 19 09:03:44 CST 2025: [CYCLE END] Finished processing. Next check in 3os.
---
Thu Jun 19 09:03:47 CST 2025: [CYCLE START] Checking for work...
Thu Jun 19 09:03:47 CST 2025: [FOUND] Pending file: 'sql-statements/sql-statement-show-engines.md'. Checking for translation...
Thu Jun 19 09:03:47 CST 2025: [LOCKING] Found '.amazon_q_result/sql-statements/sql-statement-show-engines.md'. Locking for validation.
Thu Jun 19 09:03:47 CST 2025: [VALIDATING] Starting AI validation for 'sql-statements/sql-statement-show-engines.md'.
Progress: 534/     683 files completed (Thu Jun 19 09:03:49 CST 2025)
Thu Jun 19 09:03:49 CST 2025: Agent pane 2 signaled completion. Extracted file: 'placement-rules-in-sql.md'
Thu Jun 19 09:03:49 CST 2025: No more files to assign to agent pane 2. Agent is idle.
Thu Jun 19 09:03:49 CST 2025: Agent pane 3 signaled completion. Extracted file: 'non-transactional-dml.md'
Thu Jun 19 09:03:49 CST 2025: No more files to assign to agent pane 3. Agent is idle.
Thu Jun 19 09:03:49 CST 2025: Agent pane 4 signaled completion. Extracted file: 'character-set-and-'
Thu Jun 19 09:03:49 CST 2025: No more files to assign to agent pane 4. Agent is idle.
Thu Jun 19 09:03:49 CST 2025: Agent pane 5 signaled completion. Extracted file: 'tidb-cloud/release-notes-'
Thu Jun 19 09:03:49 CST 2025: No more files to assign to agent pane 5. Agent is idle.
Progress: 536/     683 files completed (Thu Jun 19 09:03:59 CST 2025)
Thu Jun 19 09:03:59 CST 2025: Agent pane 2 signaled completion. Extracted file: 'placement-rules-in-sql.md'
Thu Jun 19 09:03:59 CST 2025: No more files to assign to agent pane 2. Agent is idle.
Thu Jun 19 09:03:59 CST 2025: Agent pane 3 signaled completion. Extracted file: 'non-transactional-dml.md'
Thu Jun 19 09:03:59 CST 2025: No more files to assign to agent pane 3. Agent is idle.
Thu Jun 19 09:04:00 CST 2025: Agent pane 4 signaled completion. Extracted file: 'character-set-and-'
Thu Jun 19 09:04:00 CST 2025: No more files to assign to agent pane 4. Agent is idle.
Thu Jun 19 09:04:00 CST 2025: Agent pane 5 signaled completion. Extracted file: 'tidb-cloud/release-notes-'
Thu Jun 19 09:04:00 CST 2025: No more files to assign to agent pane 5. Agent is idle.
Thu Jun 19 09:04:04 CST 2025: [PASS] AI validation PASSED for 'sql-statements/sql-statement-show-engines.md'.
Thu Jun 19 09:04:04 CST 2025: [REPORT] Generating progress report.
Thu Jun 19 09:04:04 CST 2025: [CYCLE END] Finished processing. Next check in 3os.
---
Thu Jun 19 09:04:07 CST 2025: [CYCLE START] Checking for work...
Thu Jun 19 09:04:07 CST 2025: [FOUND] Pending file: 'sql-statements/sql-statement-show-errors.md'. Checking for translation...
Thu Jun 19 09:04:07 CST 2025: [LOCKING] Found '.amazon_q_result/sql-statements/sql-statement-show-errors.md'. Locking for validation.
Thu Jun 19 09:04:07 CST 2025: [VALIDATING] Starting AI validation for 'sql-statements/sql-statement-show-errors.md'.
Progress: 538/     683 files completed (Thu Jun 19 09:04:10 CST 2025)
Thu Jun 19 09:04:10 CST 2025: Agent pane 2 signaled completion. Extracted file: 'placement-rules-in-sql.md'
Thu Jun 19 09:04:10 CST 2025: No more files to assign to agent pane 2. Agent is idle.
Thu Jun 19 09:04:10 CST 2025: Agent pane 3 signaled completion. Extracted file: 'non-transactional-dml.md'
Thu Jun 19 09:04:10 CST 2025: No more files to assign to agent pane 3. Agent is idle.
Thu Jun 19 09:04:10 CST 2025: Agent pane 4 signaled completion. Extracted file: 'character-set-and-'
Thu Jun 19 09:04:10 CST 2025: No more files to assign to agent pane 4. Agent is idle.
Thu Jun 19 09:04:10 CST 2025: Agent pane 5 signaled completion. Extracted file: 'tidb-cloud/release-notes-'
Thu Jun 19 09:04:10 CST 2025: No more files to assign to agent pane 5. Agent is idle.
Progress: 540/     683 files completed (Thu Jun 19 09:04:20 CST 2025)
Thu Jun 19 09:04:20 CST 2025: Agent pane 2 signaled completion. Extracted file: 'placement-rules-in-sql.md'
Thu Jun 19 09:04:20 CST 2025: No more files to assign to agent pane 2. Agent is idle.
Thu Jun 19 09:04:20 CST 2025: Agent pane 3 signaled completion. Extracted file: 'non-transactional-dml.md'
Thu Jun 19 09:04:20 CST 2025: No more files to assign to agent pane 3. Agent is idle.
Thu Jun 19 09:04:20 CST 2025: Agent pane 4 signaled completion. Extracted file: 'character-set-and-'
Thu Jun 19 09:04:20 CST 2025: No more files to assign to agent pane 4. Agent is idle.
Thu Jun 19 09:04:20 CST 2025: Agent pane 5 signaled completion. Extracted file: 'tidb-cloud/release-notes-'
Thu Jun 19 09:04:20 CST 2025: No more files to assign to agent pane 5. Agent is idle.
Thu Jun 19 09:04:25 CST 2025: [PASS] AI validation PASSED for 'sql-statements/sql-statement-show-errors.md'.
Thu Jun 19 09:04:25 CST 2025: [REPORT] Generating progress report.
Thu Jun 19 09:04:25 CST 2025: [CYCLE END] Finished processing. Next check in 3os.
---
Thu Jun 19 09:04:28 CST 2025: [CYCLE START] Checking for work...
Thu Jun 19 09:04:28 CST 2025: [FOUND] Pending file: 'sql-statements/sql-statement-show-fields-from.md'. Checking for translation...
Thu Jun 19 09:04:28 CST 2025: [LOCKING] Found '.amazon_q_result/sql-statements/sql-statement-show-fields-from.md'. Locking for validation.
Thu Jun 19 09:04:28 CST 2025: [VALIDATING] Starting AI validation for 'sql-statements/sql-statement-show-fields-from.md'.
Progress: 542/     683 files completed (Thu Jun 19 09:04:30 CST 2025)
Thu Jun 19 09:04:30 CST 2025: Agent pane 2 signaled completion. Extracted file: 'placement-rules-in-sql.md'
Thu Jun 19 09:04:30 CST 2025: No more files to assign to agent pane 2. Agent is idle.
Thu Jun 19 09:04:30 CST 2025: Agent pane 3 signaled completion. Extracted file: 'non-transactional-dml.md'
Thu Jun 19 09:04:30 CST 2025: No more files to assign to agent pane 3. Agent is idle.
Thu Jun 19 09:04:30 CST 2025: Agent pane 4 signaled completion. Extracted file: 'character-set-and-'
Thu Jun 19 09:04:30 CST 2025: No more files to assign to agent pane 4. Agent is idle.
Thu Jun 19 09:04:30 CST 2025: Agent pane 5 signaled completion. Extracted file: 'tidb-cloud/release-notes-'
Thu Jun 19 09:04:30 CST 2025: No more files to assign to agent pane 5. Agent is idle.
Progress: 544/     683 files completed (Thu Jun 19 09:04:40 CST 2025)
Thu Jun 19 09:04:40 CST 2025: Agent pane 2 signaled completion. Extracted file: 'placement-rules-in-sql.md'
Thu Jun 19 09:04:40 CST 2025: No more files to assign to agent pane 2. Agent is idle.
Thu Jun 19 09:04:40 CST 2025: Agent pane 3 signaled completion. Extracted file: 'non-transactional-dml.md'
Thu Jun 19 09:04:40 CST 2025: No more files to assign to agent pane 3. Agent is idle.
Thu Jun 19 09:04:40 CST 2025: Agent pane 4 signaled completion. Extracted file: 'character-set-and-'
Thu Jun 19 09:04:40 CST 2025: No more files to assign to agent pane 4. Agent is idle.
Thu Jun 19 09:04:40 CST 2025: Agent pane 5 signaled completion. Extracted file: 'tidb-cloud/release-notes-'
Thu Jun 19 09:04:41 CST 2025: No more files to assign to agent pane 5. Agent is idle.
Thu Jun 19 09:04:49 CST 2025: [PASS] AI validation PASSED for 'sql-statements/sql-statement-show-fields-from.md'.
Thu Jun 19 09:04:49 CST 2025: [REPORT] Generating progress report.
Thu Jun 19 09:04:49 CST 2025: [CYCLE END] Finished processing. Next check in 3os.
Progress: 546/     683 files completed (Thu Jun 19 09:04:51 CST 2025)
Thu Jun 19 09:04:51 CST 2025: Agent pane 2 signaled completion. Extracted file: 'placement-rules-in-sql.md'
Thu Jun 19 09:04:51 CST 2025: No more files to assign to agent pane 2. Agent is idle.
Thu Jun 19 09:04:51 CST 2025: Agent pane 3 signaled completion. Extracted file: 'non-transactional-dml.md'
Thu Jun 19 09:04:51 CST 2025: No more files to assign to agent pane 3. Agent is idle.
Thu Jun 19 09:04:51 CST 2025: Agent pane 4 signaled completion. Extracted file: 'character-set-and-'
Thu Jun 19 09:04:51 CST 2025: No more files to assign to agent pane 4. Agent is idle.
Thu Jun 19 09:04:51 CST 2025: Agent pane 5 signaled completion. Extracted file: 'tidb-cloud/release-notes-'
Thu Jun 19 09:04:51 CST 2025: No more files to assign to agent pane 5. Agent is idle.
---
Thu Jun 19 09:04:52 CST 2025: [CYCLE START] Checking for work...
Thu Jun 19 09:04:52 CST 2025: [FOUND] Pending file: 'sql-statements/sql-statement-show-grants.md'. Checking for translation...
Thu Jun 19 09:04:52 CST 2025: [LOCKING] Found '.amazon_q_result/sql-statements/sql-statement-show-grants.md'. Locking for validation.
Thu Jun 19 09:04:52 CST 2025: [VALIDATING] Starting AI validation for 'sql-statements/sql-statement-show-grants.md'.
Progress: 548/     683 files completed (Thu Jun 19 09:05:01 CST 2025)
Thu Jun 19 09:05:01 CST 2025: Agent pane 2 signaled completion. Extracted file: 'placement-rules-in-sql.md'
Thu Jun 19 09:05:01 CST 2025: No more files to assign to agent pane 2. Agent is idle.
Thu Jun 19 09:05:01 CST 2025: Agent pane 3 signaled completion. Extracted file: 'non-transactional-dml.md'
Thu Jun 19 09:05:01 CST 2025: No more files to assign to agent pane 3. Agent is idle.
Thu Jun 19 09:05:01 CST 2025: Agent pane 4 signaled completion. Extracted file: 'character-set-and-'
Thu Jun 19 09:05:01 CST 2025: No more files to assign to agent pane 4. Agent is idle.
Thu Jun 19 09:05:01 CST 2025: Agent pane 5 signaled completion. Extracted file: 'tidb-cloud/release-notes-'
Thu Jun 19 09:05:01 CST 2025: No more files to assign to agent pane 5. Agent is idle.
Progress: 550/     683 files completed (Thu Jun 19 09:05:11 CST 2025)
Thu Jun 19 09:05:11 CST 2025: Agent pane 2 signaled completion. Extracted file: 'placement-rules-in-sql.md'
Thu Jun 19 09:05:11 CST 2025: No more files to assign to agent pane 2. Agent is idle.
Thu Jun 19 09:05:11 CST 2025: Agent pane 3 signaled completion. Extracted file: 'non-transactional-dml.md'
Thu Jun 19 09:05:11 CST 2025: No more files to assign to agent pane 3. Agent is idle.
Thu Jun 19 09:05:11 CST 2025: Agent pane 4 signaled completion. Extracted file: 'character-set-and-'
Thu Jun 19 09:05:11 CST 2025: No more files to assign to agent pane 4. Agent is idle.
Thu Jun 19 09:05:11 CST 2025: Agent pane 5 signaled completion. Extracted file: 'tidb-cloud/release-notes-'
Thu Jun 19 09:05:11 CST 2025: No more files to assign to agent pane 5. Agent is idle.
Thu Jun 19 09:05:12 CST 2025: [PASS] AI validation PASSED for 'sql-statements/sql-statement-show-grants.md'.
Thu Jun 19 09:05:12 CST 2025: [REPORT] Generating progress report.
Thu Jun 19 09:05:12 CST 2025: [CYCLE END] Finished processing. Next check in 3os.
---
Thu Jun 19 09:05:15 CST 2025: [CYCLE START] Checking for work...
Thu Jun 19 09:05:15 CST 2025: [FOUND] Pending file: 'sql-statements/sql-statement-show-import-job.md'. Checking for translation...
Thu Jun 19 09:05:15 CST 2025: [LOCKING] Found '.amazon_q_result/sql-statements/sql-statement-show-import-job.md'. Locking for validation.
Thu Jun 19 09:05:15 CST 2025: [VALIDATING] Starting AI validation for 'sql-statements/sql-statement-show-import-job.md'.
Progress: 552/     683 files completed (Thu Jun 19 09:05:21 CST 2025)
Thu Jun 19 09:05:21 CST 2025: Agent pane 2 signaled completion. Extracted file: 'placement-rules-in-sql.md'
Thu Jun 19 09:05:21 CST 2025: No more files to assign to agent pane 2. Agent is idle.
Thu Jun 19 09:05:21 CST 2025: Agent pane 3 signaled completion. Extracted file: 'non-transactional-dml.md'
Thu Jun 19 09:05:21 CST 2025: No more files to assign to agent pane 3. Agent is idle.
Thu Jun 19 09:05:21 CST 2025: Agent pane 4 signaled completion. Extracted file: 'character-set-and-'
Thu Jun 19 09:05:21 CST 2025: No more files to assign to agent pane 4. Agent is idle.
Thu Jun 19 09:05:21 CST 2025: Agent pane 5 signaled completion. Extracted file: 'tidb-cloud/release-notes-'
Thu Jun 19 09:05:21 CST 2025: No more files to assign to agent pane 5. Agent is idle.
Progress: 554/     683 files completed (Thu Jun 19 09:05:31 CST 2025)
Thu Jun 19 09:05:31 CST 2025: Agent pane 2 signaled completion. Extracted file: 'placement-rules-in-sql.md'
Thu Jun 19 09:05:31 CST 2025: No more files to assign to agent pane 2. Agent is idle.
Thu Jun 19 09:05:31 CST 2025: Agent pane 3 signaled completion. Extracted file: 'non-transactional-dml.md'
Thu Jun 19 09:05:31 CST 2025: No more files to assign to agent pane 3. Agent is idle.
Thu Jun 19 09:05:32 CST 2025: Agent pane 4 signaled completion. Extracted file: 'character-set-and-'
Thu Jun 19 09:05:32 CST 2025: No more files to assign to agent pane 4. Agent is idle.
Thu Jun 19 09:05:32 CST 2025: Agent pane 5 signaled completion. Extracted file: 'tidb-cloud/release-notes-'
Thu Jun 19 09:05:32 CST 2025: No more files to assign to agent pane 5. Agent is idle.
Thu Jun 19 09:05:33 CST 2025: [PASS] AI validation PASSED for 'sql-statements/sql-statement-show-import-job.md'.
Thu Jun 19 09:05:33 CST 2025: [REPORT] Generating progress report.
Thu Jun 19 09:05:33 CST 2025: [CYCLE END] Finished processing. Next check in 3os.
---
Thu Jun 19 09:05:36 CST 2025: [CYCLE START] Checking for work...
Thu Jun 19 09:05:36 CST 2025: [FOUND] Pending file: 'sql-statements/sql-statement-show-indexes.md'. Checking for translation...
Thu Jun 19 09:05:36 CST 2025: [LOCKING] Found '.amazon_q_result/sql-statements/sql-statement-show-indexes.md'. Locking for validation.
Thu Jun 19 09:05:36 CST 2025: [VALIDATING] Starting AI validation for 'sql-statements/sql-statement-show-indexes.md'.
Progress: 556/     683 files completed (Thu Jun 19 09:05:42 CST 2025)
Thu Jun 19 09:05:42 CST 2025: Agent pane 2 signaled completion. Extracted file: 'placement-rules-in-sql.md'
Thu Jun 19 09:05:42 CST 2025: No more files to assign to agent pane 2. Agent is idle.
Thu Jun 19 09:05:42 CST 2025: Agent pane 3 signaled completion. Extracted file: 'non-transactional-dml.md'
Thu Jun 19 09:05:42 CST 2025: No more files to assign to agent pane 3. Agent is idle.
Thu Jun 19 09:05:42 CST 2025: Agent pane 4 signaled completion. Extracted file: 'character-set-and-'
Thu Jun 19 09:05:42 CST 2025: No more files to assign to agent pane 4. Agent is idle.
Thu Jun 19 09:05:42 CST 2025: Agent pane 5 signaled completion. Extracted file: 'tidb-cloud/release-notes-'
Thu Jun 19 09:05:42 CST 2025: No more files to assign to agent pane 5. Agent is idle.
Progress: 558/     683 files completed (Thu Jun 19 09:05:52 CST 2025)
Thu Jun 19 09:05:52 CST 2025: Agent pane 2 signaled completion. Extracted file: 'placement-rules-in-sql.md'
Thu Jun 19 09:05:52 CST 2025: No more files to assign to agent pane 2. Agent is idle.
Thu Jun 19 09:05:52 CST 2025: Agent pane 3 signaled completion. Extracted file: 'non-transactional-dml.md'
Thu Jun 19 09:05:52 CST 2025: No more files to assign to agent pane 3. Agent is idle.
Thu Jun 19 09:05:52 CST 2025: Agent pane 4 signaled completion. Extracted file: 'character-set-and-'
Thu Jun 19 09:05:52 CST 2025: No more files to assign to agent pane 4. Agent is idle.
Thu Jun 19 09:05:52 CST 2025: Agent pane 5 signaled completion. Extracted file: 'tidb-cloud/release-notes-'
Thu Jun 19 09:05:52 CST 2025: No more files to assign to agent pane 5. Agent is idle.
Thu Jun 19 09:05:53 CST 2025: [PASS] AI validation PASSED for 'sql-statements/sql-statement-show-indexes.md'.
Thu Jun 19 09:05:53 CST 2025: [REPORT] Generating progress report.
Thu Jun 19 09:05:53 CST 2025: [CYCLE END] Finished processing. Next check in 3os.
---
Thu Jun 19 09:05:56 CST 2025: [CYCLE START] Checking for work...
Thu Jun 19 09:05:56 CST 2025: [FOUND] Pending file: 'sql-statements/sql-statement-show-master-status.md'. Checking for translation...
Thu Jun 19 09:05:56 CST 2025: [LOCKING] Found '.amazon_q_result/sql-statements/sql-statement-show-master-status.md'. Locking for validation.
Thu Jun 19 09:05:56 CST 2025: [VALIDATING] Starting AI validation for 'sql-statements/sql-statement-show-master-status.md'.
Progress: 560/     683 files completed (Thu Jun 19 09:06:02 CST 2025)
Thu Jun 19 09:06:02 CST 2025: Agent pane 2 signaled completion. Extracted file: 'placement-rules-in-sql.md'
Thu Jun 19 09:06:02 CST 2025: No more files to assign to agent pane 2. Agent is idle.
Thu Jun 19 09:06:02 CST 2025: Agent pane 3 signaled completion. Extracted file: 'non-transactional-dml.md'
Thu Jun 19 09:06:02 CST 2025: No more files to assign to agent pane 3. Agent is idle.
Thu Jun 19 09:06:02 CST 2025: Agent pane 4 signaled completion. Extracted file: 'character-set-and-'
Thu Jun 19 09:06:02 CST 2025: No more files to assign to agent pane 4. Agent is idle.
Thu Jun 19 09:06:02 CST 2025: Agent pane 5 signaled completion. Extracted file: 'tidb-cloud/release-notes-'
Thu Jun 19 09:06:02 CST 2025: No more files to assign to agent pane 5. Agent is idle.
Thu Jun 19 09:06:11 CST 2025: [PASS] AI validation PASSED for 'sql-statements/sql-statement-show-master-status.md'.
Thu Jun 19 09:06:11 CST 2025: [REPORT] Generating progress report.
Thu Jun 19 09:06:11 CST 2025: [CYCLE END] Finished processing. Next check in 3os.
Progress: 562/     683 files completed (Thu Jun 19 09:06:12 CST 2025)
Thu Jun 19 09:06:12 CST 2025: Agent pane 2 signaled completion. Extracted file: 'placement-rules-in-sql.md'
Thu Jun 19 09:06:12 CST 2025: No more files to assign to agent pane 2. Agent is idle.
Thu Jun 19 09:06:12 CST 2025: Agent pane 3 signaled completion. Extracted file: 'non-transactional-dml.md'
Thu Jun 19 09:06:12 CST 2025: No more files to assign to agent pane 3. Agent is idle.
Thu Jun 19 09:06:12 CST 2025: Agent pane 4 signaled completion. Extracted file: 'character-set-and-'
Thu Jun 19 09:06:12 CST 2025: No more files to assign to agent pane 4. Agent is idle.
Thu Jun 19 09:06:12 CST 2025: Agent pane 5 signaled completion. Extracted file: 'tidb-cloud/release-notes-'
Thu Jun 19 09:06:12 CST 2025: No more files to assign to agent pane 5. Agent is idle.
---
Thu Jun 19 09:06:15 CST 2025: [CYCLE START] Checking for work...
Thu Jun 19 09:06:15 CST 2025: [FOUND] Pending file: 'sql-statements/sql-statement-show-placement.md'. Checking for translation...
Thu Jun 19 09:06:15 CST 2025: [LOCKING] Found '.amazon_q_result/sql-statements/sql-statement-show-placement.md'. Locking for validation.
Thu Jun 19 09:06:15 CST 2025: [VALIDATING] Starting AI validation for 'sql-statements/sql-statement-show-placement.md'.
Progress: 564/     683 files completed (Thu Jun 19 09:06:22 CST 2025)
Thu Jun 19 09:06:23 CST 2025: Agent pane 2 signaled completion. Extracted file: 'placement-rules-in-sql.md'
Thu Jun 19 09:06:23 CST 2025: No more files to assign to agent pane 2. Agent is idle.
Thu Jun 19 09:06:23 CST 2025: Agent pane 3 signaled completion. Extracted file: 'non-transactional-dml.md'
Thu Jun 19 09:06:23 CST 2025: No more files to assign to agent pane 3. Agent is idle.
Thu Jun 19 09:06:23 CST 2025: Agent pane 4 signaled completion. Extracted file: 'character-set-and-'
Thu Jun 19 09:06:23 CST 2025: No more files to assign to agent pane 4. Agent is idle.
Thu Jun 19 09:06:23 CST 2025: Agent pane 5 signaled completion. Extracted file: 'tidb-cloud/release-notes-'
Thu Jun 19 09:06:23 CST 2025: No more files to assign to agent pane 5. Agent is idle.
Thu Jun 19 09:06:31 CST 2025: [PASS] AI validation PASSED for 'sql-statements/sql-statement-show-placement.md'.
Thu Jun 19 09:06:31 CST 2025: [REPORT] Generating progress report.
Thu Jun 19 09:06:31 CST 2025: [CYCLE END] Finished processing. Next check in 3os.
Progress: 566/     683 files completed (Thu Jun 19 09:06:33 CST 2025)
Thu Jun 19 09:06:33 CST 2025: Agent pane 2 signaled completion. Extracted file: 'placement-rules-in-sql.md'
Thu Jun 19 09:06:33 CST 2025: No more files to assign to agent pane 2. Agent is idle.
Thu Jun 19 09:06:33 CST 2025: Agent pane 3 signaled completion. Extracted file: 'non-transactional-dml.md'
Thu Jun 19 09:06:33 CST 2025: No more files to assign to agent pane 3. Agent is idle.
Thu Jun 19 09:06:33 CST 2025: Agent pane 4 signaled completion. Extracted file: 'character-set-and-'
Thu Jun 19 09:06:33 CST 2025: No more files to assign to agent pane 4. Agent is idle.
Thu Jun 19 09:06:33 CST 2025: Agent pane 5 signaled completion. Extracted file: 'tidb-cloud/release-notes-'
Thu Jun 19 09:06:33 CST 2025: No more files to assign to agent pane 5. Agent is idle.
---
Thu Jun 19 09:06:34 CST 2025: [CYCLE START] Checking for work...
Thu Jun 19 09:06:34 CST 2025: [FOUND] Pending file: 'sql-statements/sql-statement-show-placement-for.md'. Checking for translation...
Thu Jun 19 09:06:34 CST 2025: [LOCKING] Found '.amazon_q_result/sql-statements/sql-statement-show-placement-for.md'. Locking for validation.
Thu Jun 19 09:06:34 CST 2025: [VALIDATING] Starting AI validation for 'sql-statements/sql-statement-show-placement-for.md'.
Progress: 568/     683 files completed (Thu Jun 19 09:06:43 CST 2025)
Thu Jun 19 09:06:43 CST 2025: Agent pane 2 signaled completion. Extracted file: 'placement-rules-in-sql.md'
Thu Jun 19 09:06:43 CST 2025: No more files to assign to agent pane 2. Agent is idle.
Thu Jun 19 09:06:43 CST 2025: Agent pane 3 signaled completion. Extracted file: 'non-transactional-dml.md'
Thu Jun 19 09:06:43 CST 2025: No more files to assign to agent pane 3. Agent is idle.
Thu Jun 19 09:06:43 CST 2025: Agent pane 4 signaled completion. Extracted file: 'character-set-and-'
Thu Jun 19 09:06:43 CST 2025: No more files to assign to agent pane 4. Agent is idle.
Thu Jun 19 09:06:43 CST 2025: Agent pane 5 signaled completion. Extracted file: 'tidb-cloud/release-notes-'
Thu Jun 19 09:06:43 CST 2025: No more files to assign to agent pane 5. Agent is idle.
Progress: 570/     683 files completed (Thu Jun 19 09:06:53 CST 2025)
Thu Jun 19 09:06:53 CST 2025: Agent pane 2 signaled completion. Extracted file: 'placement-rules-in-sql.md'
Thu Jun 19 09:06:53 CST 2025: No more files to assign to agent pane 2. Agent is idle.
Thu Jun 19 09:06:53 CST 2025: Agent pane 3 signaled completion. Extracted file: 'non-transactional-dml.md'
Thu Jun 19 09:06:53 CST 2025: No more files to assign to agent pane 3. Agent is idle.
Thu Jun 19 09:06:53 CST 2025: Agent pane 4 signaled completion. Extracted file: 'character-set-and-'
Thu Jun 19 09:06:53 CST 2025: No more files to assign to agent pane 4. Agent is idle.
Thu Jun 19 09:06:53 CST 2025: Agent pane 5 signaled completion. Extracted file: 'tidb-cloud/release-notes-'
Thu Jun 19 09:06:53 CST 2025: No more files to assign to agent pane 5. Agent is idle.
Thu Jun 19 09:06:55 CST 2025: [PASS] AI validation PASSED for 'sql-statements/sql-statement-show-placement-for.md'.
Thu Jun 19 09:06:55 CST 2025: [REPORT] Generating progress report.
Thu Jun 19 09:06:55 CST 2025: [CYCLE END] Finished processing. Next check in 3os.
---
Thu Jun 19 09:06:58 CST 2025: [CYCLE START] Checking for work...
Thu Jun 19 09:06:58 CST 2025: [FOUND] Pending file: 'sql-statements/sql-statement-show-placement-labels.md'. Checking for translation...
Thu Jun 19 09:06:58 CST 2025: [LOCKING] Found '.amazon_q_result/sql-statements/sql-statement-show-placement-labels.md'. Locking for validation.
Thu Jun 19 09:06:58 CST 2025: [VALIDATING] Starting AI validation for 'sql-statements/sql-statement-show-placement-labels.md'.
Progress: 572/     683 files completed (Thu Jun 19 09:07:03 CST 2025)
Thu Jun 19 09:07:03 CST 2025: Agent pane 2 signaled completion. Extracted file: 'placement-rules-in-sql.md'
Thu Jun 19 09:07:03 CST 2025: No more files to assign to agent pane 2. Agent is idle.
Thu Jun 19 09:07:03 CST 2025: Agent pane 3 signaled completion. Extracted file: 'non-transactional-dml.md'
Thu Jun 19 09:07:03 CST 2025: No more files to assign to agent pane 3. Agent is idle.
Thu Jun 19 09:07:04 CST 2025: Agent pane 4 signaled completion. Extracted file: 'character-set-and-'
Thu Jun 19 09:07:04 CST 2025: No more files to assign to agent pane 4. Agent is idle.
Thu Jun 19 09:07:04 CST 2025: Agent pane 5 signaled completion. Extracted file: 'tidb-cloud/release-notes-'
Thu Jun 19 09:07:04 CST 2025: No more files to assign to agent pane 5. Agent is idle.
Thu Jun 19 09:07:13 CST 2025: [PASS] AI validation PASSED for 'sql-statements/sql-statement-show-placement-labels.md'.
Thu Jun 19 09:07:13 CST 2025: [REPORT] Generating progress report.
Thu Jun 19 09:07:13 CST 2025: [CYCLE END] Finished processing. Next check in 3os.
Progress: 574/     683 files completed (Thu Jun 19 09:07:14 CST 2025)
Thu Jun 19 09:07:14 CST 2025: Agent pane 2 signaled completion. Extracted file: 'placement-rules-in-sql.md'
Thu Jun 19 09:07:14 CST 2025: No more files to assign to agent pane 2. Agent is idle.
Thu Jun 19 09:07:14 CST 2025: Agent pane 3 signaled completion. Extracted file: 'non-transactional-dml.md'
Thu Jun 19 09:07:14 CST 2025: No more files to assign to agent pane 3. Agent is idle.
Thu Jun 19 09:07:14 CST 2025: Agent pane 4 signaled completion. Extracted file: 'character-set-and-'
Thu Jun 19 09:07:14 CST 2025: No more files to assign to agent pane 4. Agent is idle.
Thu Jun 19 09:07:14 CST 2025: Agent pane 5 signaled completion. Extracted file: 'tidb-cloud/release-notes-'
Thu Jun 19 09:07:14 CST 2025: No more files to assign to agent pane 5. Agent is idle.
---
Thu Jun 19 09:07:16 CST 2025: [CYCLE START] Checking for work...
Thu Jun 19 09:07:16 CST 2025: [FOUND] Pending file: 'sql-statements/sql-statement-show-plugins.md'. Checking for translation...
Thu Jun 19 09:07:16 CST 2025: [LOCKING] Found '.amazon_q_result/sql-statements/sql-statement-show-plugins.md'. Locking for validation.
Thu Jun 19 09:07:16 CST 2025: [VALIDATING] Starting AI validation for 'sql-statements/sql-statement-show-plugins.md'.
Progress: 576/     683 files completed (Thu Jun 19 09:07:24 CST 2025)
Thu Jun 19 09:07:24 CST 2025: Agent pane 2 signaled completion. Extracted file: 'placement-rules-in-sql.md'
Thu Jun 19 09:07:24 CST 2025: No more files to assign to agent pane 2. Agent is idle.
Thu Jun 19 09:07:24 CST 2025: Agent pane 3 signaled completion. Extracted file: 'non-transactional-dml.md'
Thu Jun 19 09:07:24 CST 2025: No more files to assign to agent pane 3. Agent is idle.
Thu Jun 19 09:07:24 CST 2025: Agent pane 4 signaled completion. Extracted file: 'character-set-and-'
Thu Jun 19 09:07:24 CST 2025: No more files to assign to agent pane 4. Agent is idle.
Thu Jun 19 09:07:24 CST 2025: Agent pane 5 signaled completion. Extracted file: 'tidb-cloud/release-notes-'
Thu Jun 19 09:07:24 CST 2025: No more files to assign to agent pane 5. Agent is idle.
Thu Jun 19 09:07:31 CST 2025: [PASS] AI validation PASSED for 'sql-statements/sql-statement-show-plugins.md'.
Thu Jun 19 09:07:31 CST 2025: [REPORT] Generating progress report.
Thu Jun 19 09:07:31 CST 2025: [CYCLE END] Finished processing. Next check in 3os.
---
Thu Jun 19 09:07:34 CST 2025: [CYCLE START] Checking for work...
Thu Jun 19 09:07:34 CST 2025: [FOUND] Pending file: 'sql-statements/sql-statement-show-privileges.md'. Checking for translation...
Thu Jun 19 09:07:34 CST 2025: [LOCKING] Found '.amazon_q_result/sql-statements/sql-statement-show-privileges.md'. Locking for validation.
Thu Jun 19 09:07:34 CST 2025: [VALIDATING] Starting AI validation for 'sql-statements/sql-statement-show-privileges.md'.
Progress: 578/     683 files completed (Thu Jun 19 09:07:34 CST 2025)
Thu Jun 19 09:07:34 CST 2025: Agent pane 2 signaled completion. Extracted file: 'placement-rules-in-sql.md'
Thu Jun 19 09:07:34 CST 2025: No more files to assign to agent pane 2. Agent is idle.
Thu Jun 19 09:07:34 CST 2025: Agent pane 3 signaled completion. Extracted file: 'non-transactional-dml.md'
Thu Jun 19 09:07:34 CST 2025: No more files to assign to agent pane 3. Agent is idle.
Thu Jun 19 09:07:34 CST 2025: Agent pane 4 signaled completion. Extracted file: 'character-set-and-'
Thu Jun 19 09:07:34 CST 2025: No more files to assign to agent pane 4. Agent is idle.
Thu Jun 19 09:07:34 CST 2025: Agent pane 5 signaled completion. Extracted file: 'tidb-cloud/release-notes-'
Thu Jun 19 09:07:34 CST 2025: No more files to assign to agent pane 5. Agent is idle.
Progress: 580/     683 files completed (Thu Jun 19 09:07:44 CST 2025)
Thu Jun 19 09:07:44 CST 2025: Agent pane 2 signaled completion. Extracted file: 'placement-rules-in-sql.md'
Thu Jun 19 09:07:44 CST 2025: No more files to assign to agent pane 2. Agent is idle.
Thu Jun 19 09:07:44 CST 2025: Agent pane 3 signaled completion. Extracted file: 'non-transactional-dml.md'
Thu Jun 19 09:07:44 CST 2025: No more files to assign to agent pane 3. Agent is idle.
Thu Jun 19 09:07:44 CST 2025: Agent pane 4 signaled completion. Extracted file: 'character-set-and-'
Thu Jun 19 09:07:44 CST 2025: No more files to assign to agent pane 4. Agent is idle.
Thu Jun 19 09:07:44 CST 2025: Agent pane 5 signaled completion. Extracted file: 'tidb-cloud/release-notes-'
Thu Jun 19 09:07:44 CST 2025: No more files to assign to agent pane 5. Agent is idle.
Thu Jun 19 09:07:53 CST 2025: [PASS] AI validation PASSED for 'sql-statements/sql-statement-show-privileges.md'.
Thu Jun 19 09:07:53 CST 2025: [REPORT] Generating progress report.
Thu Jun 19 09:07:54 CST 2025: [CYCLE END] Finished processing. Next check in 3os.
Progress: 582/     683 files completed (Thu Jun 19 09:07:54 CST 2025)
Thu Jun 19 09:07:55 CST 2025: Agent pane 2 signaled completion. Extracted file: 'placement-rules-in-sql.md'
Thu Jun 19 09:07:55 CST 2025: No more files to assign to agent pane 2. Agent is idle.
Thu Jun 19 09:07:55 CST 2025: Agent pane 3 signaled completion. Extracted file: 'non-transactional-dml.md'
Thu Jun 19 09:07:55 CST 2025: No more files to assign to agent pane 3. Agent is idle.
Thu Jun 19 09:07:55 CST 2025: Agent pane 4 signaled completion. Extracted file: 'character-set-and-'
Thu Jun 19 09:07:55 CST 2025: No more files to assign to agent pane 4. Agent is idle.
Thu Jun 19 09:07:55 CST 2025: Agent pane 5 signaled completion. Extracted file: 'tidb-cloud/release-notes-'
Thu Jun 19 09:07:55 CST 2025: No more files to assign to agent pane 5. Agent is idle.
---
Thu Jun 19 09:07:57 CST 2025: [CYCLE START] Checking for work...
Thu Jun 19 09:07:57 CST 2025: [FOUND] Pending file: 'sql-statements/sql-statement-show-processlist.md'. Checking for translation...
Thu Jun 19 09:07:57 CST 2025: [LOCKING] Found '.amazon_q_result/sql-statements/sql-statement-show-processlist.md'. Locking for validation.
Thu Jun 19 09:07:57 CST 2025: [VALIDATING] Starting AI validation for 'sql-statements/sql-statement-show-processlist.md'.
Progress: 584/     683 files completed (Thu Jun 19 09:08:05 CST 2025)
Thu Jun 19 09:08:05 CST 2025: Agent pane 2 signaled completion. Extracted file: 'placement-rules-in-sql.md'
Thu Jun 19 09:08:05 CST 2025: No more files to assign to agent pane 2. Agent is idle.
Thu Jun 19 09:08:05 CST 2025: Agent pane 3 signaled completion. Extracted file: 'non-transactional-dml.md'
Thu Jun 19 09:08:05 CST 2025: No more files to assign to agent pane 3. Agent is idle.
Thu Jun 19 09:08:05 CST 2025: Agent pane 4 signaled completion. Extracted file: 'character-set-and-'
Thu Jun 19 09:08:05 CST 2025: No more files to assign to agent pane 4. Agent is idle.
Thu Jun 19 09:08:05 CST 2025: Agent pane 5 signaled completion. Extracted file: 'tidb-cloud/release-notes-'
Thu Jun 19 09:08:05 CST 2025: No more files to assign to agent pane 5. Agent is idle.
Thu Jun 19 09:08:12 CST 2025: [PASS] AI validation PASSED for 'sql-statements/sql-statement-show-processlist.md'.
Thu Jun 19 09:08:12 CST 2025: [REPORT] Generating progress report.
Thu Jun 19 09:08:12 CST 2025: [CYCLE END] Finished processing. Next check in 3os.
Progress: 586/     683 files completed (Thu Jun 19 09:08:15 CST 2025)
Thu Jun 19 09:08:15 CST 2025: Agent pane 2 signaled completion. Extracted file: 'placement-rules-in-sql.md'
Thu Jun 19 09:08:15 CST 2025: No more files to assign to agent pane 2. Agent is idle.
Thu Jun 19 09:08:15 CST 2025: Agent pane 3 signaled completion. Extracted file: 'non-transactional-dml.md'
Thu Jun 19 09:08:15 CST 2025: No more files to assign to agent pane 3. Agent is idle.
Thu Jun 19 09:08:15 CST 2025: Agent pane 4 signaled completion. Extracted file: 'character-set-and-'
Thu Jun 19 09:08:15 CST 2025: No more files to assign to agent pane 4. Agent is idle.
Thu Jun 19 09:08:15 CST 2025: Agent pane 5 signaled completion. Extracted file: 'tidb-cloud/release-notes-'
Thu Jun 19 09:08:15 CST 2025: No more files to assign to agent pane 5. Agent is idle.
---
Thu Jun 19 09:08:15 CST 2025: [CYCLE START] Checking for work...
Thu Jun 19 09:08:15 CST 2025: [FOUND] Pending file: 'sql-statements/sql-statement-show-profiles.md'. Checking for translation...
Thu Jun 19 09:08:15 CST 2025: [LOCKING] Found '.amazon_q_result/sql-statements/sql-statement-show-profiles.md'. Locking for validation.
Thu Jun 19 09:08:15 CST 2025: [VALIDATING] Starting AI validation for 'sql-statements/sql-statement-show-profiles.md'.
Progress: 588/     683 files completed (Thu Jun 19 09:08:25 CST 2025)
Thu Jun 19 09:08:25 CST 2025: Agent pane 2 signaled completion. Extracted file: 'placement-rules-in-sql.md'
Thu Jun 19 09:08:25 CST 2025: No more files to assign to agent pane 2. Agent is idle.
Thu Jun 19 09:08:25 CST 2025: Agent pane 3 signaled completion. Extracted file: 'non-transactional-dml.md'
Thu Jun 19 09:08:25 CST 2025: No more files to assign to agent pane 3. Agent is idle.
Thu Jun 19 09:08:25 CST 2025: Agent pane 4 signaled completion. Extracted file: 'character-set-and-'
Thu Jun 19 09:08:25 CST 2025: No more files to assign to agent pane 4. Agent is idle.
Thu Jun 19 09:08:25 CST 2025: Agent pane 5 signaled completion. Extracted file: 'tidb-cloud/release-notes-'
Thu Jun 19 09:08:25 CST 2025: No more files to assign to agent pane 5. Agent is idle.
Progress: 590/     683 files completed (Thu Jun 19 09:08:35 CST 2025)
Thu Jun 19 09:08:35 CST 2025: Agent pane 2 signaled completion. Extracted file: 'placement-rules-in-sql.md'
Thu Jun 19 09:08:35 CST 2025: No more files to assign to agent pane 2. Agent is idle.
Thu Jun 19 09:08:35 CST 2025: Agent pane 3 signaled completion. Extracted file: 'non-transactional-dml.md'
Thu Jun 19 09:08:35 CST 2025: No more files to assign to agent pane 3. Agent is idle.
Thu Jun 19 09:08:36 CST 2025: Agent pane 4 signaled completion. Extracted file: 'character-set-and-'
Thu Jun 19 09:08:36 CST 2025: No more files to assign to agent pane 4. Agent is idle.
Thu Jun 19 09:08:36 CST 2025: Agent pane 5 signaled completion. Extracted file: 'tidb-cloud/release-notes-'
Thu Jun 19 09:08:36 CST 2025: No more files to assign to agent pane 5. Agent is idle.
Thu Jun 19 09:08:36 CST 2025: [PASS] AI validation PASSED for 'sql-statements/sql-statement-show-profiles.md'.
Thu Jun 19 09:08:36 CST 2025: [REPORT] Generating progress report.
Thu Jun 19 09:08:36 CST 2025: [CYCLE END] Finished processing. Next check in 3os.
---
Thu Jun 19 09:08:39 CST 2025: [CYCLE START] Checking for work...
Thu Jun 19 09:08:39 CST 2025: [FOUND] Pending file: 'sql-statements/sql-statement-show-schemas.md'. Checking for translation...
Thu Jun 19 09:08:39 CST 2025: [LOCKING] Found '.amazon_q_result/sql-statements/sql-statement-show-schemas.md'. Locking for validation.
Thu Jun 19 09:08:39 CST 2025: [VALIDATING] Starting AI validation for 'sql-statements/sql-statement-show-schemas.md'.
Progress: 592/     683 files completed (Thu Jun 19 09:08:46 CST 2025)
Thu Jun 19 09:08:46 CST 2025: Agent pane 2 signaled completion. Extracted file: 'placement-rules-in-sql.md'
Thu Jun 19 09:08:46 CST 2025: No more files to assign to agent pane 2. Agent is idle.
Thu Jun 19 09:08:46 CST 2025: Agent pane 3 signaled completion. Extracted file: 'non-transactional-dml.md'
Thu Jun 19 09:08:46 CST 2025: No more files to assign to agent pane 3. Agent is idle.
Thu Jun 19 09:08:46 CST 2025: Agent pane 4 signaled completion. Extracted file: 'character-set-and-'
Thu Jun 19 09:08:46 CST 2025: No more files to assign to agent pane 4. Agent is idle.
Thu Jun 19 09:08:46 CST 2025: Agent pane 5 signaled completion. Extracted file: 'tidb-cloud/release-notes-'
Thu Jun 19 09:08:46 CST 2025: No more files to assign to agent pane 5. Agent is idle.
Progress: 594/     683 files completed (Thu Jun 19 09:08:56 CST 2025)
Thu Jun 19 09:08:56 CST 2025: Agent pane 2 signaled completion. Extracted file: 'placement-rules-in-sql.md'
Thu Jun 19 09:08:56 CST 2025: No more files to assign to agent pane 2. Agent is idle.
Thu Jun 19 09:08:56 CST 2025: Agent pane 3 signaled completion. Extracted file: 'non-transactional-dml.md'
Thu Jun 19 09:08:56 CST 2025: No more files to assign to agent pane 3. Agent is idle.
Thu Jun 19 09:08:56 CST 2025: Agent pane 4 signaled completion. Extracted file: 'character-set-and-'
Thu Jun 19 09:08:56 CST 2025: No more files to assign to agent pane 4. Agent is idle.
Thu Jun 19 09:08:56 CST 2025: Agent pane 5 signaled completion. Extracted file: 'tidb-cloud/release-notes-'
Thu Jun 19 09:08:56 CST 2025: No more files to assign to agent pane 5. Agent is idle.
Thu Jun 19 09:08:57 CST 2025: [PASS] AI validation PASSED for 'sql-statements/sql-statement-show-schemas.md'.
Thu Jun 19 09:08:57 CST 2025: [REPORT] Generating progress report.
Thu Jun 19 09:08:57 CST 2025: [CYCLE END] Finished processing. Next check in 3os.
---
Thu Jun 19 09:09:00 CST 2025: [CYCLE START] Checking for work...
Thu Jun 19 09:09:00 CST 2025: [FOUND] Pending file: 'sql-statements/sql-statement-show-stats-buckets.md'. Checking for translation...
Thu Jun 19 09:09:00 CST 2025: [LOCKING] Found '.amazon_q_result/sql-statements/sql-statement-show-stats-buckets.md'. Locking for validation.
Thu Jun 19 09:09:00 CST 2025: [VALIDATING] Starting AI validation for 'sql-statements/sql-statement-show-stats-buckets.md'.
Progress: 596/     683 files completed (Thu Jun 19 09:09:06 CST 2025)
Thu Jun 19 09:09:06 CST 2025: Agent pane 2 signaled completion. Extracted file: 'placement-rules-in-sql.md'
Thu Jun 19 09:09:06 CST 2025: No more files to assign to agent pane 2. Agent is idle.
Thu Jun 19 09:09:06 CST 2025: Agent pane 3 signaled completion. Extracted file: 'non-transactional-dml.md'
Thu Jun 19 09:09:06 CST 2025: No more files to assign to agent pane 3. Agent is idle.
Thu Jun 19 09:09:06 CST 2025: Agent pane 4 signaled completion. Extracted file: 'character-set-and-'
Thu Jun 19 09:09:06 CST 2025: No more files to assign to agent pane 4. Agent is idle.
Thu Jun 19 09:09:06 CST 2025: Agent pane 5 signaled completion. Extracted file: 'tidb-cloud/release-notes-'
Thu Jun 19 09:09:06 CST 2025: No more files to assign to agent pane 5. Agent is idle.
Progress: 598/     683 files completed (Thu Jun 19 09:09:16 CST 2025)
Thu Jun 19 09:09:16 CST 2025: Agent pane 2 signaled completion. Extracted file: 'placement-rules-in-sql.md'
Thu Jun 19 09:09:16 CST 2025: No more files to assign to agent pane 2. Agent is idle.
Thu Jun 19 09:09:16 CST 2025: Agent pane 3 signaled completion. Extracted file: 'non-transactional-dml.md'
Thu Jun 19 09:09:16 CST 2025: No more files to assign to agent pane 3. Agent is idle.
Thu Jun 19 09:09:16 CST 2025: Agent pane 4 signaled completion. Extracted file: 'character-set-and-'
Thu Jun 19 09:09:16 CST 2025: No more files to assign to agent pane 4. Agent is idle.
Thu Jun 19 09:09:17 CST 2025: Agent pane 5 signaled completion. Extracted file: 'tidb-cloud/release-notes-'
Thu Jun 19 09:09:17 CST 2025: No more files to assign to agent pane 5. Agent is idle.
Thu Jun 19 09:09:24 CST 2025: [PASS] AI validation PASSED for 'sql-statements/sql-statement-show-stats-buckets.md'.
Thu Jun 19 09:09:24 CST 2025: [REPORT] Generating progress report.
Thu Jun 19 09:09:24 CST 2025: [CYCLE END] Finished processing. Next check in 3os.
Progress: 600/     683 files completed (Thu Jun 19 09:09:27 CST 2025)
Thu Jun 19 09:09:27 CST 2025: Agent pane 2 signaled completion. Extracted file: 'placement-rules-in-sql.md'
Thu Jun 19 09:09:27 CST 2025: No more files to assign to agent pane 2. Agent is idle.
Thu Jun 19 09:09:27 CST 2025: Agent pane 3 signaled completion. Extracted file: 'non-transactional-dml.md'
Thu Jun 19 09:09:27 CST 2025: No more files to assign to agent pane 3. Agent is idle.
Thu Jun 19 09:09:27 CST 2025: Agent pane 4 signaled completion. Extracted file: 'character-set-and-'
Thu Jun 19 09:09:27 CST 2025: No more files to assign to agent pane 4. Agent is idle.
Thu Jun 19 09:09:27 CST 2025: Agent pane 5 signaled completion. Extracted file: 'tidb-cloud/release-notes-'
---
Thu Jun 19 09:09:27 CST 2025: No more files to assign to agent pane 5. Agent is idle.
Thu Jun 19 09:09:27 CST 2025: [CYCLE START] Checking for work...
Thu Jun 19 09:09:27 CST 2025: [FOUND] Pending file: 'sql-statements/sql-statement-show-stats-healthy.md'. Checking for translation...
Thu Jun 19 09:09:27 CST 2025: [LOCKING] Found '.amazon_q_result/sql-statements/sql-statement-show-stats-healthy.md'. Locking for validation.
Thu Jun 19 09:09:27 CST 2025: [VALIDATING] Starting AI validation for 'sql-statements/sql-statement-show-stats-healthy.md'.
Progress: 602/     683 files completed (Thu Jun 19 09:09:37 CST 2025)
Thu Jun 19 09:09:37 CST 2025: Agent pane 2 signaled completion. Extracted file: 'placement-rules-in-sql.md'
Thu Jun 19 09:09:37 CST 2025: No more files to assign to agent pane 2. Agent is idle.
Thu Jun 19 09:09:37 CST 2025: Agent pane 3 signaled completion. Extracted file: 'non-transactional-dml.md'
Thu Jun 19 09:09:37 CST 2025: No more files to assign to agent pane 3. Agent is idle.
Thu Jun 19 09:09:37 CST 2025: Agent pane 4 signaled completion. Extracted file: 'character-set-and-'
Thu Jun 19 09:09:37 CST 2025: No more files to assign to agent pane 4. Agent is idle.
Thu Jun 19 09:09:37 CST 2025: Agent pane 5 signaled completion. Extracted file: 'tidb-cloud/release-notes-'
Thu Jun 19 09:09:37 CST 2025: No more files to assign to agent pane 5. Agent is idle.
Progress: 604/     683 files completed (Thu Jun 19 09:09:47 CST 2025)
Thu Jun 19 09:09:47 CST 2025: Agent pane 2 signaled completion. Extracted file: 'placement-rules-in-sql.md'
Thu Jun 19 09:09:47 CST 2025: No more files to assign to agent pane 2. Agent is idle.
Thu Jun 19 09:09:47 CST 2025: Agent pane 3 signaled completion. Extracted file: 'non-transactional-dml.md'
Thu Jun 19 09:09:47 CST 2025: No more files to assign to agent pane 3. Agent is idle.
Thu Jun 19 09:09:47 CST 2025: Agent pane 4 signaled completion. Extracted file: 'character-set-and-'
Thu Jun 19 09:09:47 CST 2025: No more files to assign to agent pane 4. Agent is idle.
Thu Jun 19 09:09:47 CST 2025: Agent pane 5 signaled completion. Extracted file: 'tidb-cloud/release-notes-'
Thu Jun 19 09:09:47 CST 2025: No more files to assign to agent pane 5. Agent is idle.
Thu Jun 19 09:09:47 CST 2025: [PASS] AI validation PASSED for 'sql-statements/sql-statement-show-stats-healthy.md'.
Thu Jun 19 09:09:47 CST 2025: [REPORT] Generating progress report.
Thu Jun 19 09:09:47 CST 2025: [CYCLE END] Finished processing. Next check in 3os.
---
Thu Jun 19 09:09:50 CST 2025: [CYCLE START] Checking for work...
Thu Jun 19 09:09:50 CST 2025: [FOUND] Pending file: 'sql-statements/sql-statement-show-stats-histograms.md'. Checking for translation...
Thu Jun 19 09:09:50 CST 2025: [LOCKING] Found '.amazon_q_result/sql-statements/sql-statement-show-stats-histograms.md'. Locking for validation.
Thu Jun 19 09:09:50 CST 2025: [VALIDATING] Starting AI validation for 'sql-statements/sql-statement-show-stats-histograms.md'.
Progress: 606/     683 files completed (Thu Jun 19 09:09:57 CST 2025)
Thu Jun 19 09:09:57 CST 2025: Agent pane 2 signaled completion. Extracted file: 'placement-rules-in-sql.md'
Thu Jun 19 09:09:57 CST 2025: No more files to assign to agent pane 2. Agent is idle.
Thu Jun 19 09:09:57 CST 2025: Agent pane 3 signaled completion. Extracted file: 'non-transactional-dml.md'
Thu Jun 19 09:09:57 CST 2025: No more files to assign to agent pane 3. Agent is idle.
Thu Jun 19 09:09:57 CST 2025: Agent pane 4 signaled completion. Extracted file: 'character-set-and-'
Thu Jun 19 09:09:57 CST 2025: No more files to assign to agent pane 4. Agent is idle.
Thu Jun 19 09:09:57 CST 2025: Agent pane 5 signaled completion. Extracted file: 'tidb-cloud/release-notes-'
Thu Jun 19 09:09:57 CST 2025: No more files to assign to agent pane 5. Agent is idle.
Progress: 608/     683 files completed (Thu Jun 19 09:10:07 CST 2025)
Thu Jun 19 09:10:07 CST 2025: Agent pane 2 signaled completion. Extracted file: 'placement-rules-in-sql.md'
Thu Jun 19 09:10:07 CST 2025: No more files to assign to agent pane 2. Agent is idle.
Thu Jun 19 09:10:07 CST 2025: Agent pane 3 signaled completion. Extracted file: 'non-transactional-dml.md'
Thu Jun 19 09:10:07 CST 2025: No more files to assign to agent pane 3. Agent is idle.
Thu Jun 19 09:10:07 CST 2025: Agent pane 4 signaled completion. Extracted file: 'character-set-and-'
Thu Jun 19 09:10:08 CST 2025: No more files to assign to agent pane 4. Agent is idle.
Thu Jun 19 09:10:08 CST 2025: Agent pane 5 signaled completion. Extracted file: 'tidb-cloud/release-notes-'
Thu Jun 19 09:10:08 CST 2025: No more files to assign to agent pane 5. Agent is idle.
Thu Jun 19 09:10:11 CST 2025: [PASS] AI validation PASSED for 'sql-statements/sql-statement-show-stats-histograms.md'.
Thu Jun 19 09:10:11 CST 2025: [REPORT] Generating progress report.
Thu Jun 19 09:10:11 CST 2025: [CYCLE END] Finished processing. Next check in 3os.
---
Thu Jun 19 09:10:14 CST 2025: [CYCLE START] Checking for work...
Thu Jun 19 09:10:14 CST 2025: [FOUND] Pending file: 'sql-statements/sql-statement-show-stats-locked.md'. Checking for translation...
Thu Jun 19 09:10:14 CST 2025: [LOCKING] Found '.amazon_q_result/sql-statements/sql-statement-show-stats-locked.md'. Locking for validation.
Thu Jun 19 09:10:14 CST 2025: [VALIDATING] Starting AI validation for 'sql-statements/sql-statement-show-stats-locked.md'.
Progress: 610/     683 files completed (Thu Jun 19 09:10:18 CST 2025)
Thu Jun 19 09:10:18 CST 2025: Agent pane 2 signaled completion. Extracted file: 'placement-rules-in-sql.md'
Thu Jun 19 09:10:18 CST 2025: No more files to assign to agent pane 2. Agent is idle.
Thu Jun 19 09:10:18 CST 2025: Agent pane 3 signaled completion. Extracted file: 'non-transactional-dml.md'
Thu Jun 19 09:10:18 CST 2025: No more files to assign to agent pane 3. Agent is idle.
Thu Jun 19 09:10:18 CST 2025: Agent pane 4 signaled completion. Extracted file: 'character-set-and-'
Thu Jun 19 09:10:18 CST 2025: No more files to assign to agent pane 4. Agent is idle.
Thu Jun 19 09:10:18 CST 2025: Agent pane 5 signaled completion. Extracted file: 'tidb-cloud/release-notes-'
Thu Jun 19 09:10:18 CST 2025: No more files to assign to agent pane 5. Agent is idle.
Progress: 612/     683 files completed (Thu Jun 19 09:10:28 CST 2025)
Thu Jun 19 09:10:28 CST 2025: Agent pane 2 signaled completion. Extracted file: 'placement-rules-in-sql.md'
Thu Jun 19 09:10:28 CST 2025: No more files to assign to agent pane 2. Agent is idle.
Thu Jun 19 09:10:28 CST 2025: Agent pane 3 signaled completion. Extracted file: 'non-transactional-dml.md'
Thu Jun 19 09:10:28 CST 2025: No more files to assign to agent pane 3. Agent is idle.
Thu Jun 19 09:10:28 CST 2025: Agent pane 4 signaled completion. Extracted file: 'character-set-and-'
Thu Jun 19 09:10:28 CST 2025: No more files to assign to agent pane 4. Agent is idle.
Thu Jun 19 09:10:28 CST 2025: Agent pane 5 signaled completion. Extracted file: 'tidb-cloud/release-notes-'
Thu Jun 19 09:10:28 CST 2025: No more files to assign to agent pane 5. Agent is idle.
Thu Jun 19 09:10:32 CST 2025: [PASS] AI validation PASSED for 'sql-statements/sql-statement-show-stats-locked.md'.
Thu Jun 19 09:10:32 CST 2025: [REPORT] Generating progress report.
Thu Jun 19 09:10:32 CST 2025: [CYCLE END] Finished processing. Next check in 3os.
---
Thu Jun 19 09:10:35 CST 2025: [CYCLE START] Checking for work...
Thu Jun 19 09:10:35 CST 2025: [FOUND] Pending file: 'sql-statements/sql-statement-show-stats-meta.md'. Checking for translation...
Thu Jun 19 09:10:35 CST 2025: [LOCKING] Found '.amazon_q_result/sql-statements/sql-statement-show-stats-meta.md'. Locking for validation.
Thu Jun 19 09:10:35 CST 2025: [VALIDATING] Starting AI validation for 'sql-statements/sql-statement-show-stats-meta.md'.
Progress: 614/     683 files completed (Thu Jun 19 09:10:38 CST 2025)
Thu Jun 19 09:10:38 CST 2025: Agent pane 2 signaled completion. Extracted file: 'placement-rules-in-sql.md'
Thu Jun 19 09:10:38 CST 2025: No more files to assign to agent pane 2. Agent is idle.
Thu Jun 19 09:10:38 CST 2025: Agent pane 3 signaled completion. Extracted file: 'non-transactional-dml.md'
Thu Jun 19 09:10:38 CST 2025: No more files to assign to agent pane 3. Agent is idle.
Thu Jun 19 09:10:38 CST 2025: Agent pane 4 signaled completion. Extracted file: 'character-set-and-'
Thu Jun 19 09:10:38 CST 2025: No more files to assign to agent pane 4. Agent is idle.
Thu Jun 19 09:10:38 CST 2025: Agent pane 5 signaled completion. Extracted file: 'tidb-cloud/release-notes-'
Thu Jun 19 09:10:38 CST 2025: No more files to assign to agent pane 5. Agent is idle.
Progress: 616/     683 files completed (Thu Jun 19 09:10:48 CST 2025)
Thu Jun 19 09:10:48 CST 2025: Agent pane 2 signaled completion. Extracted file: 'placement-rules-in-sql.md'
Thu Jun 19 09:10:48 CST 2025: No more files to assign to agent pane 2. Agent is idle.
Thu Jun 19 09:10:48 CST 2025: Agent pane 3 signaled completion. Extracted file: 'non-transactional-dml.md'
Thu Jun 19 09:10:48 CST 2025: No more files to assign to agent pane 3. Agent is idle.
Thu Jun 19 09:10:48 CST 2025: Agent pane 4 signaled completion. Extracted file: 'character-set-and-'
Thu Jun 19 09:10:48 CST 2025: No more files to assign to agent pane 4. Agent is idle.
Thu Jun 19 09:10:48 CST 2025: Agent pane 5 signaled completion. Extracted file: 'tidb-cloud/release-notes-'
Thu Jun 19 09:10:48 CST 2025: No more files to assign to agent pane 5. Agent is idle.
Thu Jun 19 09:10:51 CST 2025: [PASS] AI validation PASSED for 'sql-statements/sql-statement-show-stats-meta.md'.
Thu Jun 19 09:10:51 CST 2025: [REPORT] Generating progress report.
Thu Jun 19 09:10:51 CST 2025: [CYCLE END] Finished processing. Next check in 3os.
---
Thu Jun 19 09:10:55 CST 2025: [CYCLE START] Checking for work...
Thu Jun 19 09:10:55 CST 2025: [FOUND] Pending file: 'sql-statements/sql-statement-show-stats-topn.md'. Checking for translation...
Thu Jun 19 09:10:55 CST 2025: [LOCKING] Found '.amazon_q_result/sql-statements/sql-statement-show-stats-topn.md'. Locking for validation.
Thu Jun 19 09:10:55 CST 2025: [VALIDATING] Starting AI validation for 'sql-statements/sql-statement-show-stats-topn.md'.
Progress: 618/     683 files completed (Thu Jun 19 09:10:58 CST 2025)
Thu Jun 19 09:10:58 CST 2025: Agent pane 2 signaled completion. Extracted file: 'placement-rules-in-sql.md'
Thu Jun 19 09:10:58 CST 2025: No more files to assign to agent pane 2. Agent is idle.
Thu Jun 19 09:10:58 CST 2025: Agent pane 3 signaled completion. Extracted file: 'non-transactional-dml.md'
Thu Jun 19 09:10:59 CST 2025: No more files to assign to agent pane 3. Agent is idle.
Thu Jun 19 09:10:59 CST 2025: Agent pane 4 signaled completion. Extracted file: 'character-set-and-'
Thu Jun 19 09:10:59 CST 2025: No more files to assign to agent pane 4. Agent is idle.
Thu Jun 19 09:10:59 CST 2025: Agent pane 5 signaled completion. Extracted file: 'tidb-cloud/release-notes-'
Thu Jun 19 09:10:59 CST 2025: No more files to assign to agent pane 5. Agent is idle.
Progress: 620/     683 files completed (Thu Jun 19 09:11:09 CST 2025)
Thu Jun 19 09:11:09 CST 2025: Agent pane 2 signaled completion. Extracted file: 'placement-rules-in-sql.md'
Thu Jun 19 09:11:09 CST 2025: No more files to assign to agent pane 2. Agent is idle.
Thu Jun 19 09:11:09 CST 2025: Agent pane 3 signaled completion. Extracted file: 'non-transactional-dml.md'
Thu Jun 19 09:11:09 CST 2025: No more files to assign to agent pane 3. Agent is idle.
Thu Jun 19 09:11:09 CST 2025: Agent pane 4 signaled completion. Extracted file: 'character-set-and-'
Thu Jun 19 09:11:09 CST 2025: No more files to assign to agent pane 4. Agent is idle.
Thu Jun 19 09:11:09 CST 2025: Agent pane 5 signaled completion. Extracted file: 'tidb-cloud/release-notes-'
Thu Jun 19 09:11:09 CST 2025: No more files to assign to agent pane 5. Agent is idle.
Thu Jun 19 09:11:11 CST 2025: [PASS] AI validation PASSED for 'sql-statements/sql-statement-show-stats-topn.md'.
Thu Jun 19 09:11:11 CST 2025: [REPORT] Generating progress report.
Thu Jun 19 09:11:11 CST 2025: [CYCLE END] Finished processing. Next check in 3os.
---
Thu Jun 19 09:11:14 CST 2025: [CYCLE START] Checking for work...
Thu Jun 19 09:11:14 CST 2025: [FOUND] Pending file: 'sql-statements/sql-statement-show-status.md'. Checking for translation...
Thu Jun 19 09:11:14 CST 2025: [LOCKING] Found '.amazon_q_result/sql-statements/sql-statement-show-status.md'. Locking for validation.
Thu Jun 19 09:11:14 CST 2025: [VALIDATING] Starting AI validation for 'sql-statements/sql-statement-show-status.md'.
Progress: 622/     683 files completed (Thu Jun 19 09:11:19 CST 2025)
Thu Jun 19 09:11:19 CST 2025: Agent pane 2 signaled completion. Extracted file: 'placement-rules-in-sql.md'
Thu Jun 19 09:11:19 CST 2025: No more files to assign to agent pane 2. Agent is idle.
Thu Jun 19 09:11:19 CST 2025: Agent pane 3 signaled completion. Extracted file: 'non-transactional-dml.md'
Thu Jun 19 09:11:19 CST 2025: No more files to assign to agent pane 3. Agent is idle.
Thu Jun 19 09:11:19 CST 2025: Agent pane 4 signaled completion. Extracted file: 'character-set-and-'
Thu Jun 19 09:11:19 CST 2025: No more files to assign to agent pane 4. Agent is idle.
Thu Jun 19 09:11:19 CST 2025: Agent pane 5 signaled completion. Extracted file: 'tidb-cloud/release-notes-'
Thu Jun 19 09:11:19 CST 2025: No more files to assign to agent pane 5. Agent is idle.
Progress: 624/     683 files completed (Thu Jun 19 09:11:29 CST 2025)
Thu Jun 19 09:11:29 CST 2025: Agent pane 2 signaled completion. Extracted file: 'placement-rules-in-sql.md'
Thu Jun 19 09:11:29 CST 2025: No more files to assign to agent pane 2. Agent is idle.
Thu Jun 19 09:11:29 CST 2025: Agent pane 3 signaled completion. Extracted file: 'non-transactional-dml.md'
Thu Jun 19 09:11:29 CST 2025: No more files to assign to agent pane 3. Agent is idle.
Thu Jun 19 09:11:29 CST 2025: Agent pane 4 signaled completion. Extracted file: 'character-set-and-'
Thu Jun 19 09:11:29 CST 2025: No more files to assign to agent pane 4. Agent is idle.
Thu Jun 19 09:11:29 CST 2025: Agent pane 5 signaled completion. Extracted file: 'tidb-cloud/release-notes-'
Thu Jun 19 09:11:29 CST 2025: No more files to assign to agent pane 5. Agent is idle.
Thu Jun 19 09:11:29 CST 2025: [PASS] AI validation PASSED for 'sql-statements/sql-statement-show-status.md'.
Thu Jun 19 09:11:29 CST 2025: [REPORT] Generating progress report.
Thu Jun 19 09:11:29 CST 2025: [CYCLE END] Finished processing. Next check in 3os.
---
Thu Jun 19 09:11:32 CST 2025: [CYCLE START] Checking for work...
Thu Jun 19 09:11:32 CST 2025: [FOUND] Pending file: 'sql-statements/sql-statement-show-table-next-rowid.md'. Checking for translation...
Thu Jun 19 09:11:32 CST 2025: [LOCKING] Found '.amazon_q_result/sql-statements/sql-statement-show-table-next-rowid.md'. Locking for validation.
Thu Jun 19 09:11:32 CST 2025: [VALIDATING] Starting AI validation for 'sql-statements/sql-statement-show-table-next-rowid.md'.
Progress: 626/     683 files completed (Thu Jun 19 09:11:39 CST 2025)
Thu Jun 19 09:11:39 CST 2025: Agent pane 2 signaled completion. Extracted file: 'placement-rules-in-sql.md'
Thu Jun 19 09:11:39 CST 2025: No more files to assign to agent pane 2. Agent is idle.
Thu Jun 19 09:11:39 CST 2025: Agent pane 3 signaled completion. Extracted file: 'non-transactional-dml.md'
Thu Jun 19 09:11:39 CST 2025: No more files to assign to agent pane 3. Agent is idle.
Thu Jun 19 09:11:39 CST 2025: Agent pane 4 signaled completion. Extracted file: 'character-set-and-'
Thu Jun 19 09:11:39 CST 2025: No more files to assign to agent pane 4. Agent is idle.
Thu Jun 19 09:11:39 CST 2025: Agent pane 5 signaled completion. Extracted file: 'tidb-cloud/release-notes-'
Thu Jun 19 09:11:39 CST 2025: No more files to assign to agent pane 5. Agent is idle.
Progress: 628/     683 files completed (Thu Jun 19 09:11:49 CST 2025)
Thu Jun 19 09:11:50 CST 2025: Agent pane 2 signaled completion. Extracted file: 'placement-rules-in-sql.md'
Thu Jun 19 09:11:50 CST 2025: No more files to assign to agent pane 2. Agent is idle.
Thu Jun 19 09:11:50 CST 2025: Agent pane 3 signaled completion. Extracted file: 'non-transactional-dml.md'
Thu Jun 19 09:11:50 CST 2025: No more files to assign to agent pane 3. Agent is idle.
Thu Jun 19 09:11:50 CST 2025: Agent pane 4 signaled completion. Extracted file: 'character-set-and-'
Thu Jun 19 09:11:50 CST 2025: No more files to assign to agent pane 4. Agent is idle.
Thu Jun 19 09:11:50 CST 2025: Agent pane 5 signaled completion. Extracted file: 'tidb-cloud/release-notes-'
Thu Jun 19 09:11:50 CST 2025: No more files to assign to agent pane 5. Agent is idle.
Progress: 630/     683 files completed (Thu Jun 19 09:12:00 CST 2025)
Thu Jun 19 09:12:00 CST 2025: Agent pane 2 signaled completion. Extracted file: 'placement-rules-in-sql.md'
Thu Jun 19 09:12:00 CST 2025: No more files to assign to agent pane 2. Agent is idle.
Thu Jun 19 09:12:00 CST 2025: Agent pane 3 signaled completion. Extracted file: 'non-transactional-dml.md'
Thu Jun 19 09:12:00 CST 2025: No more files to assign to agent pane 3. Agent is idle.
Thu Jun 19 09:12:00 CST 2025: Agent pane 4 signaled completion. Extracted file: 'character-set-and-'
Thu Jun 19 09:12:00 CST 2025: No more files to assign to agent pane 4. Agent is idle.
Thu Jun 19 09:12:00 CST 2025: Agent pane 5 signaled completion. Extracted file: 'tidb-cloud/release-notes-'
Thu Jun 19 09:12:00 CST 2025: No more files to assign to agent pane 5. Agent is idle.
Progress: 632/     683 files completed (Thu Jun 19 09:12:10 CST 2025)
Thu Jun 19 09:12:10 CST 2025: Agent pane 2 signaled completion. Extracted file: 'placement-rules-in-sql.md'
Thu Jun 19 09:12:10 CST 2025: No more files to assign to agent pane 2. Agent is idle.
Thu Jun 19 09:12:10 CST 2025: Agent pane 3 signaled completion. Extracted file: 'non-transactional-dml.md'
Thu Jun 19 09:12:10 CST 2025: No more files to assign to agent pane 3. Agent is idle.
Thu Jun 19 09:12:10 CST 2025: Agent pane 4 signaled completion. Extracted file: 'character-set-and-'
Thu Jun 19 09:12:10 CST 2025: No more files to assign to agent pane 4. Agent is idle.
Thu Jun 19 09:12:10 CST 2025: Agent pane 5 signaled completion. Extracted file: 'tidb-cloud/release-notes-'
Thu Jun 19 09:12:10 CST 2025: No more files to assign to agent pane 5. Agent is idle.
Thu Jun 19 09:12:14 CST 2025: [PASS] AI validation PASSED for 'sql-statements/sql-statement-show-table-next-rowid.md'.
Thu Jun 19 09:12:14 CST 2025: [REPORT] Generating progress report.
Thu Jun 19 09:12:14 CST 2025: [CYCLE END] Finished processing. Next check in 3os.
---
Thu Jun 19 09:12:18 CST 2025: [CYCLE START] Checking for work...
Thu Jun 19 09:12:18 CST 2025: [FOUND] Pending file: 'sql-statements/sql-statement-show-table-regions.md'. Checking for translation...
Thu Jun 19 09:12:18 CST 2025: [LOCKING] Found '.amazon_q_result/sql-statements/sql-statement-show-table-regions.md'. Locking for validation.
Thu Jun 19 09:12:18 CST 2025: [VALIDATING] Starting AI validation for 'sql-statements/sql-statement-show-table-regions.md'.
Progress: 634/     683 files completed (Thu Jun 19 09:12:20 CST 2025)
Thu Jun 19 09:12:20 CST 2025: Agent pane 2 signaled completion. Extracted file: 'placement-rules-in-sql.md'
Thu Jun 19 09:12:20 CST 2025: No more files to assign to agent pane 2. Agent is idle.
Thu Jun 19 09:12:20 CST 2025: Agent pane 3 signaled completion. Extracted file: 'non-transactional-dml.md'
Thu Jun 19 09:12:20 CST 2025: No more files to assign to agent pane 3. Agent is idle.
Thu Jun 19 09:12:20 CST 2025: Agent pane 4 signaled completion. Extracted file: 'character-set-and-'
Thu Jun 19 09:12:20 CST 2025: No more files to assign to agent pane 4. Agent is idle.
Thu Jun 19 09:12:20 CST 2025: Agent pane 5 signaled completion. Extracted file: 'tidb-cloud/release-notes-'
Thu Jun 19 09:12:20 CST 2025: No more files to assign to agent pane 5. Agent is idle.
Progress: 636/     683 files completed (Thu Jun 19 09:12:30 CST 2025)
Thu Jun 19 09:12:30 CST 2025: Agent pane 2 signaled completion. Extracted file: 'placement-rules-in-sql.md'
Thu Jun 19 09:12:30 CST 2025: No more files to assign to agent pane 2. Agent is idle.
Thu Jun 19 09:12:30 CST 2025: Agent pane 3 signaled completion. Extracted file: 'non-transactional-dml.md'
Thu Jun 19 09:12:30 CST 2025: No more files to assign to agent pane 3. Agent is idle.
Thu Jun 19 09:12:30 CST 2025: Agent pane 4 signaled completion. Extracted file: 'character-set-and-'
Thu Jun 19 09:12:30 CST 2025: No more files to assign to agent pane 4. Agent is idle.
Thu Jun 19 09:12:30 CST 2025: Agent pane 5 signaled completion. Extracted file: 'tidb-cloud/release-notes-'
Thu Jun 19 09:12:30 CST 2025: No more files to assign to agent pane 5. Agent is idle.
Progress: 638/     683 files completed (Thu Jun 19 09:12:41 CST 2025)
Thu Jun 19 09:12:41 CST 2025: Agent pane 2 signaled completion. Extracted file: 'placement-rules-in-sql.md'
Thu Jun 19 09:12:41 CST 2025: No more files to assign to agent pane 2. Agent is idle.
Thu Jun 19 09:12:41 CST 2025: Agent pane 3 signaled completion. Extracted file: 'non-transactional-dml.md'
Thu Jun 19 09:12:41 CST 2025: No more files to assign to agent pane 3. Agent is idle.
Thu Jun 19 09:12:41 CST 2025: Agent pane 4 signaled completion. Extracted file: 'character-set-and-'
Thu Jun 19 09:12:41 CST 2025: No more files to assign to agent pane 4. Agent is idle.
Thu Jun 19 09:12:41 CST 2025: Agent pane 5 signaled completion. Extracted file: 'tidb-cloud/release-notes-'
Thu Jun 19 09:12:41 CST 2025: No more files to assign to agent pane 5. Agent is idle.
Thu Jun 19 09:12:41 CST 2025: [PASS] AI validation PASSED for 'sql-statements/sql-statement-show-table-regions.md'.
Thu Jun 19 09:12:41 CST 2025: [REPORT] Generating progress report.
Thu Jun 19 09:12:41 CST 2025: [CYCLE END] Finished processing. Next check in 3os.
---
Thu Jun 19 09:12:44 CST 2025: [CYCLE START] Checking for work...
Thu Jun 19 09:12:44 CST 2025: [FOUND] Pending file: 'sql-statements/sql-statement-show-table-status.md'. Checking for translation...
Thu Jun 19 09:12:44 CST 2025: [LOCKING] Found '.amazon_q_result/sql-statements/sql-statement-show-table-status.md'. Locking for validation.
Thu Jun 19 09:12:44 CST 2025: [VALIDATING] Starting AI validation for 'sql-statements/sql-statement-show-table-status.md'.
Progress: 640/     683 files completed (Thu Jun 19 09:12:51 CST 2025)
Thu Jun 19 09:12:51 CST 2025: Agent pane 2 signaled completion. Extracted file: 'placement-rules-in-sql.md'
Thu Jun 19 09:12:51 CST 2025: No more files to assign to agent pane 2. Agent is idle.
Thu Jun 19 09:12:51 CST 2025: Agent pane 3 signaled completion. Extracted file: 'non-transactional-dml.md'
Thu Jun 19 09:12:51 CST 2025: No more files to assign to agent pane 3. Agent is idle.
Thu Jun 19 09:12:51 CST 2025: Agent pane 4 signaled completion. Extracted file: 'character-set-and-'
Thu Jun 19 09:12:51 CST 2025: No more files to assign to agent pane 4. Agent is idle.
Thu Jun 19 09:12:51 CST 2025: Agent pane 5 signaled completion. Extracted file: 'tidb-cloud/release-notes-'
Thu Jun 19 09:12:51 CST 2025: No more files to assign to agent pane 5. Agent is idle.
Progress: 642/     683 files completed (Thu Jun 19 09:13:01 CST 2025)
Thu Jun 19 09:13:01 CST 2025: Agent pane 2 signaled completion. Extracted file: 'placement-rules-in-sql.md'
Thu Jun 19 09:13:01 CST 2025: No more files to assign to agent pane 2. Agent is idle.
Thu Jun 19 09:13:01 CST 2025: Agent pane 3 signaled completion. Extracted file: 'non-transactional-dml.md'
Thu Jun 19 09:13:01 CST 2025: No more files to assign to agent pane 3. Agent is idle.
Thu Jun 19 09:13:01 CST 2025: Agent pane 4 signaled completion. Extracted file: 'character-set-and-'
Thu Jun 19 09:13:01 CST 2025: No more files to assign to agent pane 4. Agent is idle.
Thu Jun 19 09:13:01 CST 2025: Agent pane 5 signaled completion. Extracted file: 'tidb-cloud/release-notes-'
Thu Jun 19 09:13:01 CST 2025: No more files to assign to agent pane 5. Agent is idle.
Thu Jun 19 09:13:02 CST 2025: [PASS] AI validation PASSED for 'sql-statements/sql-statement-show-table-status.md'.
Thu Jun 19 09:13:02 CST 2025: [REPORT] Generating progress report.
Thu Jun 19 09:13:02 CST 2025: [CYCLE END] Finished processing. Next check in 3os.
---
Thu Jun 19 09:13:05 CST 2025: [CYCLE START] Checking for work...
Thu Jun 19 09:13:05 CST 2025: [FOUND] Pending file: 'sql-statements/sql-statement-show-tables.md'. Checking for translation...
Thu Jun 19 09:13:05 CST 2025: [LOCKING] Found '.amazon_q_result/sql-statements/sql-statement-show-tables.md'. Locking for validation.
Thu Jun 19 09:13:05 CST 2025: [VALIDATING] Starting AI validation for 'sql-statements/sql-statement-show-tables.md'.
Progress: 644/     683 files completed (Thu Jun 19 09:13:11 CST 2025)
Thu Jun 19 09:13:11 CST 2025: Agent pane 2 signaled completion. Extracted file: 'placement-rules-in-sql.md'
Thu Jun 19 09:13:11 CST 2025: No more files to assign to agent pane 2. Agent is idle.
Thu Jun 19 09:13:11 CST 2025: Agent pane 3 signaled completion. Extracted file: 'non-transactional-dml.md'
Thu Jun 19 09:13:11 CST 2025: No more files to assign to agent pane 3. Agent is idle.
Thu Jun 19 09:13:11 CST 2025: Agent pane 4 signaled completion. Extracted file: 'character-set-and-'
Thu Jun 19 09:13:11 CST 2025: No more files to assign to agent pane 4. Agent is idle.
Thu Jun 19 09:13:11 CST 2025: Agent pane 5 signaled completion. Extracted file: 'tidb-cloud/release-notes-'
Thu Jun 19 09:13:11 CST 2025: No more files to assign to agent pane 5. Agent is idle.
Thu Jun 19 09:13:21 CST 2025: [PASS] AI validation PASSED for 'sql-statements/sql-statement-show-tables.md'.
Thu Jun 19 09:13:21 CST 2025: [REPORT] Generating progress report.
Thu Jun 19 09:13:21 CST 2025: [CYCLE END] Finished processing. Next check in 3os.
Progress: 646/     683 files completed (Thu Jun 19 09:13:21 CST 2025)
Thu Jun 19 09:13:21 CST 2025: Agent pane 2 signaled completion. Extracted file: 'placement-rules-in-sql.md'
Thu Jun 19 09:13:21 CST 2025: No more files to assign to agent pane 2. Agent is idle.
Thu Jun 19 09:13:21 CST 2025: Agent pane 3 signaled completion. Extracted file: 'non-transactional-dml.md'
Thu Jun 19 09:13:21 CST 2025: No more files to assign to agent pane 3. Agent is idle.
Thu Jun 19 09:13:21 CST 2025: Agent pane 4 signaled completion. Extracted file: 'character-set-and-'
Thu Jun 19 09:13:21 CST 2025: No more files to assign to agent pane 4. Agent is idle.
Thu Jun 19 09:13:21 CST 2025: Agent pane 5 signaled completion. Extracted file: 'tidb-cloud/release-notes-'
Thu Jun 19 09:13:21 CST 2025: No more files to assign to agent pane 5. Agent is idle.
---
Thu Jun 19 09:13:24 CST 2025: [CYCLE START] Checking for work...
Thu Jun 19 09:13:24 CST 2025: [FOUND] Pending file: 'sql-statements/sql-statement-show-variables.md'. Checking for translation...
Thu Jun 19 09:13:24 CST 2025: [LOCKING] Found '.amazon_q_result/sql-statements/sql-statement-show-variables.md'. Locking for validation.
Thu Jun 19 09:13:24 CST 2025: [VALIDATING] Starting AI validation for 'sql-statements/sql-statement-show-variables.md'.
Progress: 648/     683 files completed (Thu Jun 19 09:13:32 CST 2025)
Thu Jun 19 09:13:32 CST 2025: Agent pane 2 signaled completion. Extracted file: 'placement-rules-in-sql.md'
Thu Jun 19 09:13:32 CST 2025: No more files to assign to agent pane 2. Agent is idle.
Thu Jun 19 09:13:32 CST 2025: Agent pane 3 signaled completion. Extracted file: 'non-transactional-dml.md'
Thu Jun 19 09:13:32 CST 2025: No more files to assign to agent pane 3. Agent is idle.
Thu Jun 19 09:13:32 CST 2025: Agent pane 4 signaled completion. Extracted file: 'character-set-and-'
Thu Jun 19 09:13:32 CST 2025: No more files to assign to agent pane 4. Agent is idle.
Thu Jun 19 09:13:32 CST 2025: Agent pane 5 signaled completion. Extracted file: 'tidb-cloud/release-notes-'
Thu Jun 19 09:13:32 CST 2025: No more files to assign to agent pane 5. Agent is idle.
Progress: 650/     683 files completed (Thu Jun 19 09:13:42 CST 2025)
Thu Jun 19 09:13:42 CST 2025: Agent pane 2 signaled completion. Extracted file: 'placement-rules-in-sql.md'
Thu Jun 19 09:13:42 CST 2025: No more files to assign to agent pane 2. Agent is idle.
Thu Jun 19 09:13:42 CST 2025: Agent pane 3 signaled completion. Extracted file: 'non-transactional-dml.md'
Thu Jun 19 09:13:42 CST 2025: No more files to assign to agent pane 3. Agent is idle.
Thu Jun 19 09:13:42 CST 2025: Agent pane 4 signaled completion. Extracted file: 'character-set-and-'
Thu Jun 19 09:13:42 CST 2025: No more files to assign to agent pane 4. Agent is idle.
Thu Jun 19 09:13:42 CST 2025: Agent pane 5 signaled completion. Extracted file: 'tidb-cloud/release-notes-'
Thu Jun 19 09:13:42 CST 2025: No more files to assign to agent pane 5. Agent is idle.
Thu Jun 19 09:13:44 CST 2025: [PASS] AI validation PASSED for 'sql-statements/sql-statement-show-variables.md'.
Thu Jun 19 09:13:44 CST 2025: [REPORT] Generating progress report.
Thu Jun 19 09:13:44 CST 2025: [CYCLE END] Finished processing. Next check in 3os.
---
Thu Jun 19 09:13:47 CST 2025: [CYCLE START] Checking for work...
Thu Jun 19 09:13:47 CST 2025: [FOUND] Pending file: 'sql-statements/sql-statement-show-warnings.md'. Checking for translation...
Thu Jun 19 09:13:47 CST 2025: [LOCKING] Found '.amazon_q_result/sql-statements/sql-statement-show-warnings.md'. Locking for validation.
Thu Jun 19 09:13:47 CST 2025: [VALIDATING] Starting AI validation for 'sql-statements/sql-statement-show-warnings.md'.
Progress: 652/     683 files completed (Thu Jun 19 09:13:52 CST 2025)
Thu Jun 19 09:13:52 CST 2025: Agent pane 2 signaled completion. Extracted file: 'placement-rules-in-sql.md'
Thu Jun 19 09:13:52 CST 2025: No more files to assign to agent pane 2. Agent is idle.
Thu Jun 19 09:13:52 CST 2025: Agent pane 3 signaled completion. Extracted file: 'non-transactional-dml.md'
Thu Jun 19 09:13:52 CST 2025: No more files to assign to agent pane 3. Agent is idle.
Thu Jun 19 09:13:52 CST 2025: Agent pane 4 signaled completion. Extracted file: 'character-set-and-'
Thu Jun 19 09:13:52 CST 2025: No more files to assign to agent pane 4. Agent is idle.
Thu Jun 19 09:13:52 CST 2025: Agent pane 5 signaled completion. Extracted file: 'tidb-cloud/release-notes-'
Thu Jun 19 09:13:52 CST 2025: No more files to assign to agent pane 5. Agent is idle.
Progress: 654/     683 files completed (Thu Jun 19 09:14:02 CST 2025)
Thu Jun 19 09:14:02 CST 2025: Agent pane 2 signaled completion. Extracted file: 'placement-rules-in-sql.md'
Thu Jun 19 09:14:02 CST 2025: No more files to assign to agent pane 2. Agent is idle.
Thu Jun 19 09:14:02 CST 2025: Agent pane 3 signaled completion. Extracted file: 'non-transactional-dml.md'
Thu Jun 19 09:14:02 CST 2025: No more files to assign to agent pane 3. Agent is idle.
Thu Jun 19 09:14:02 CST 2025: Agent pane 4 signaled completion. Extracted file: 'character-set-and-'
Thu Jun 19 09:14:02 CST 2025: No more files to assign to agent pane 4. Agent is idle.
Thu Jun 19 09:14:02 CST 2025: Agent pane 5 signaled completion. Extracted file: 'tidb-cloud/release-notes-'
Thu Jun 19 09:14:02 CST 2025: No more files to assign to agent pane 5. Agent is idle.
Thu Jun 19 09:14:02 CST 2025: [PASS] AI validation PASSED for 'sql-statements/sql-statement-show-warnings.md'.
Thu Jun 19 09:14:02 CST 2025: [REPORT] Generating progress report.
Thu Jun 19 09:14:02 CST 2025: [CYCLE END] Finished processing. Next check in 3os.
---
Thu Jun 19 09:14:05 CST 2025: [CYCLE START] Checking for work...
Thu Jun 19 09:14:05 CST 2025: [FOUND] Pending file: 'sql-statements/sql-statement-split-region.md'. Checking for translation...
Thu Jun 19 09:14:05 CST 2025: [LOCKING] Found '.amazon_q_result/sql-statements/sql-statement-split-region.md'. Locking for validation.
Thu Jun 19 09:14:05 CST 2025: [VALIDATING] Starting AI validation for 'sql-statements/sql-statement-split-region.md'.
Progress: 656/     683 files completed (Thu Jun 19 09:14:12 CST 2025)
Thu Jun 19 09:14:12 CST 2025: Agent pane 2 signaled completion. Extracted file: 'placement-rules-in-sql.md'
Thu Jun 19 09:14:12 CST 2025: No more files to assign to agent pane 2. Agent is idle.
Thu Jun 19 09:14:12 CST 2025: Agent pane 3 signaled completion. Extracted file: 'non-transactional-dml.md'
Thu Jun 19 09:14:12 CST 2025: No more files to assign to agent pane 3. Agent is idle.
Thu Jun 19 09:14:12 CST 2025: Agent pane 4 signaled completion. Extracted file: 'character-set-and-'
Thu Jun 19 09:14:12 CST 2025: No more files to assign to agent pane 4. Agent is idle.
Thu Jun 19 09:14:12 CST 2025: Agent pane 5 signaled completion. Extracted file: 'tidb-cloud/release-notes-'
Thu Jun 19 09:14:12 CST 2025: No more files to assign to agent pane 5. Agent is idle.
Progress: 658/     683 files completed (Thu Jun 19 09:14:23 CST 2025)
Thu Jun 19 09:14:23 CST 2025: Agent pane 2 signaled completion. Extracted file: 'placement-rules-in-sql.md'
Thu Jun 19 09:14:23 CST 2025: No more files to assign to agent pane 2. Agent is idle.
Thu Jun 19 09:14:23 CST 2025: Agent pane 3 signaled completion. Extracted file: 'non-transactional-dml.md'
Thu Jun 19 09:14:23 CST 2025: No more files to assign to agent pane 3. Agent is idle.
Thu Jun 19 09:14:23 CST 2025: Agent pane 4 signaled completion. Extracted file: 'character-set-and-'
Thu Jun 19 09:14:23 CST 2025: No more files to assign to agent pane 4. Agent is idle.
Thu Jun 19 09:14:23 CST 2025: Agent pane 5 signaled completion. Extracted file: 'tidb-cloud/release-notes-'
Thu Jun 19 09:14:23 CST 2025: No more files to assign to agent pane 5. Agent is idle.
Thu Jun 19 09:14:28 CST 2025: [PASS] AI validation PASSED for 'sql-statements/sql-statement-split-region.md'.
Thu Jun 19 09:14:28 CST 2025: [REPORT] Generating progress report.
Thu Jun 19 09:14:28 CST 2025: [CYCLE END] Finished processing. Next check in 3os.
---
Thu Jun 19 09:14:31 CST 2025: [CYCLE START] Checking for work...
Thu Jun 19 09:14:31 CST 2025: [FOUND] Pending file: 'sql-statements/sql-statement-start-transaction.md'. Checking for translation...
Thu Jun 19 09:14:31 CST 2025: [LOCKING] Found '.amazon_q_result/sql-statements/sql-statement-start-transaction.md'. Locking for validation.
Thu Jun 19 09:14:31 CST 2025: [VALIDATING] Starting AI validation for 'sql-statements/sql-statement-start-transaction.md'.
Progress: 660/     683 files completed (Thu Jun 19 09:14:33 CST 2025)
Thu Jun 19 09:14:33 CST 2025: Agent pane 2 signaled completion. Extracted file: 'placement-rules-in-sql.md'
Thu Jun 19 09:14:33 CST 2025: No more files to assign to agent pane 2. Agent is idle.
Thu Jun 19 09:14:33 CST 2025: Agent pane 3 signaled completion. Extracted file: 'non-transactional-dml.md'
Thu Jun 19 09:14:33 CST 2025: No more files to assign to agent pane 3. Agent is idle.
Thu Jun 19 09:14:33 CST 2025: Agent pane 4 signaled completion. Extracted file: 'character-set-and-'
Thu Jun 19 09:14:33 CST 2025: No more files to assign to agent pane 4. Agent is idle.
Thu Jun 19 09:14:33 CST 2025: Agent pane 5 signaled completion. Extracted file: 'tidb-cloud/release-notes-'
Thu Jun 19 09:14:33 CST 2025: No more files to assign to agent pane 5. Agent is idle.
Progress: 662/     683 files completed (Thu Jun 19 09:14:43 CST 2025)
Thu Jun 19 09:14:43 CST 2025: Agent pane 2 signaled completion. Extracted file: 'placement-rules-in-sql.md'
Thu Jun 19 09:14:43 CST 2025: No more files to assign to agent pane 2. Agent is idle.
Thu Jun 19 09:14:43 CST 2025: Agent pane 3 signaled completion. Extracted file: 'non-transactional-dml.md'
Thu Jun 19 09:14:43 CST 2025: No more files to assign to agent pane 3. Agent is idle.
Thu Jun 19 09:14:43 CST 2025: Agent pane 4 signaled completion. Extracted file: 'character-set-and-'
Thu Jun 19 09:14:43 CST 2025: No more files to assign to agent pane 4. Agent is idle.
Thu Jun 19 09:14:43 CST 2025: Agent pane 5 signaled completion. Extracted file: 'tidb-cloud/release-notes-'
Thu Jun 19 09:14:43 CST 2025: No more files to assign to agent pane 5. Agent is idle.
Progress: 664/     683 files completed (Thu Jun 19 09:14:53 CST 2025)
Thu Jun 19 09:14:53 CST 2025: Agent pane 2 signaled completion. Extracted file: 'placement-rules-in-sql.md'
Thu Jun 19 09:14:53 CST 2025: No more files to assign to agent pane 2. Agent is idle.
Thu Jun 19 09:14:53 CST 2025: Agent pane 3 signaled completion. Extracted file: 'non-transactional-dml.md'
Thu Jun 19 09:14:53 CST 2025: No more files to assign to agent pane 3. Agent is idle.
Thu Jun 19 09:14:53 CST 2025: Agent pane 4 signaled completion. Extracted file: 'character-set-and-'
Thu Jun 19 09:14:53 CST 2025: No more files to assign to agent pane 4. Agent is idle.
Thu Jun 19 09:14:53 CST 2025: Agent pane 5 signaled completion. Extracted file: 'tidb-cloud/release-notes-'
Thu Jun 19 09:14:53 CST 2025: No more files to assign to agent pane 5. Agent is idle.
Thu Jun 19 09:14:56 CST 2025: [PASS] AI validation PASSED for 'sql-statements/sql-statement-start-transaction.md'.
Thu Jun 19 09:14:56 CST 2025: [REPORT] Generating progress report.
Thu Jun 19 09:14:56 CST 2025: [CYCLE END] Finished processing. Next check in 3os.
---
Thu Jun 19 09:14:59 CST 2025: [CYCLE START] Checking for work...
Thu Jun 19 09:14:59 CST 2025: [FOUND] Pending file: 'sql-statements/sql-statement-table.md'. Checking for translation...
Thu Jun 19 09:14:59 CST 2025: [LOCKING] Found '.amazon_q_result/sql-statements/sql-statement-table.md'. Locking for validation.
Thu Jun 19 09:14:59 CST 2025: [VALIDATING] Starting AI validation for 'sql-statements/sql-statement-table.md'.
Progress: 666/     683 files completed (Thu Jun 19 09:15:03 CST 2025)
Thu Jun 19 09:15:03 CST 2025: Agent pane 2 signaled completion. Extracted file: 'placement-rules-in-sql.md'
Thu Jun 19 09:15:03 CST 2025: No more files to assign to agent pane 2. Agent is idle.
Thu Jun 19 09:15:03 CST 2025: Agent pane 3 signaled completion. Extracted file: 'non-transactional-dml.md'
Thu Jun 19 09:15:03 CST 2025: No more files to assign to agent pane 3. Agent is idle.
Thu Jun 19 09:15:03 CST 2025: Agent pane 4 signaled completion. Extracted file: 'character-set-and-'
Thu Jun 19 09:15:03 CST 2025: No more files to assign to agent pane 4. Agent is idle.
Thu Jun 19 09:15:03 CST 2025: Agent pane 5 signaled completion. Extracted file: 'tidb-cloud/release-notes-'
Thu Jun 19 09:15:03 CST 2025: No more files to assign to agent pane 5. Agent is idle.
Progress: 668/     683 files completed (Thu Jun 19 09:15:13 CST 2025)
Thu Jun 19 09:15:14 CST 2025: Agent pane 2 signaled completion. Extracted file: 'placement-rules-in-sql.md'
Thu Jun 19 09:15:14 CST 2025: No more files to assign to agent pane 2. Agent is idle.
Thu Jun 19 09:15:14 CST 2025: Agent pane 3 signaled completion. Extracted file: 'non-transactional-dml.md'
Thu Jun 19 09:15:14 CST 2025: No more files to assign to agent pane 3. Agent is idle.
Thu Jun 19 09:15:14 CST 2025: Agent pane 4 signaled completion. Extracted file: 'character-set-and-'
Thu Jun 19 09:15:14 CST 2025: No more files to assign to agent pane 4. Agent is idle.
Thu Jun 19 09:15:14 CST 2025: Agent pane 5 signaled completion. Extracted file: 'tidb-cloud/release-notes-'
Thu Jun 19 09:15:14 CST 2025: No more files to assign to agent pane 5. Agent is idle.
Thu Jun 19 09:15:19 CST 2025: [PASS] AI validation PASSED for 'sql-statements/sql-statement-table.md'.
Thu Jun 19 09:15:19 CST 2025: [REPORT] Generating progress report.
Thu Jun 19 09:15:19 CST 2025: [CYCLE END] Finished processing. Next check in 3os.
---
Thu Jun 19 09:15:22 CST 2025: [CYCLE START] Checking for work...
Thu Jun 19 09:15:22 CST 2025: [FOUND] Pending file: 'sql-statements/sql-statement-trace.md'. Checking for translation...
Thu Jun 19 09:15:22 CST 2025: [LOCKING] Found '.amazon_q_result/sql-statements/sql-statement-trace.md'. Locking for validation.
Thu Jun 19 09:15:22 CST 2025: [VALIDATING] Starting AI validation for 'sql-statements/sql-statement-trace.md'.
Progress: 670/     683 files completed (Thu Jun 19 09:15:24 CST 2025)
Thu Jun 19 09:15:24 CST 2025: Agent pane 2 signaled completion. Extracted file: 'placement-rules-in-sql.md'
Thu Jun 19 09:15:24 CST 2025: No more files to assign to agent pane 2. Agent is idle.
Thu Jun 19 09:15:24 CST 2025: Agent pane 3 signaled completion. Extracted file: 'non-transactional-dml.md'
Thu Jun 19 09:15:24 CST 2025: No more files to assign to agent pane 3. Agent is idle.
Thu Jun 19 09:15:24 CST 2025: Agent pane 4 signaled completion. Extracted file: 'character-set-and-'
Thu Jun 19 09:15:24 CST 2025: No more files to assign to agent pane 4. Agent is idle.
Thu Jun 19 09:15:24 CST 2025: Agent pane 5 signaled completion. Extracted file: 'tidb-cloud/release-notes-'
Thu Jun 19 09:15:24 CST 2025: No more files to assign to agent pane 5. Agent is idle.
Progress: 672/     683 files completed (Thu Jun 19 09:15:34 CST 2025)
Thu Jun 19 09:15:34 CST 2025: Agent pane 2 signaled completion. Extracted file: 'placement-rules-in-sql.md'
Thu Jun 19 09:15:34 CST 2025: No more files to assign to agent pane 2. Agent is idle.
Thu Jun 19 09:15:34 CST 2025: Agent pane 3 signaled completion. Extracted file: 'non-transactional-dml.md'
Thu Jun 19 09:15:34 CST 2025: No more files to assign to agent pane 3. Agent is idle.
Thu Jun 19 09:15:34 CST 2025: Agent pane 4 signaled completion. Extracted file: 'character-set-and-'
Thu Jun 19 09:15:34 CST 2025: No more files to assign to agent pane 4. Agent is idle.
Thu Jun 19 09:15:34 CST 2025: Agent pane 5 signaled completion. Extracted file: 'tidb-cloud/release-notes-'
Thu Jun 19 09:15:34 CST 2025: No more files to assign to agent pane 5. Agent is idle.
Progress: 674/     683 files completed (Thu Jun 19 09:15:44 CST 2025)
Thu Jun 19 09:15:44 CST 2025: Agent pane 2 signaled completion. Extracted file: 'placement-rules-in-sql.md'
Thu Jun 19 09:15:44 CST 2025: No more files to assign to agent pane 2. Agent is idle.
Thu Jun 19 09:15:44 CST 2025: Agent pane 3 signaled completion. Extracted file: 'non-transactional-dml.md'
Thu Jun 19 09:15:44 CST 2025: No more files to assign to agent pane 3. Agent is idle.
Thu Jun 19 09:15:44 CST 2025: Agent pane 4 signaled completion. Extracted file: 'character-set-and-'
Thu Jun 19 09:15:44 CST 2025: No more files to assign to agent pane 4. Agent is idle.
Thu Jun 19 09:15:44 CST 2025: Agent pane 5 signaled completion. Extracted file: 'tidb-cloud/release-notes-'
Thu Jun 19 09:15:44 CST 2025: No more files to assign to agent pane 5. Agent is idle.
Progress: 676/     683 files completed (Thu Jun 19 09:15:54 CST 2025)
Thu Jun 19 09:15:54 CST 2025: Agent pane 2 signaled completion. Extracted file: 'placement-rules-in-sql.md'
Thu Jun 19 09:15:54 CST 2025: No more files to assign to agent pane 2. Agent is idle.
Thu Jun 19 09:15:54 CST 2025: Agent pane 3 signaled completion. Extracted file: 'non-transactional-dml.md'
Thu Jun 19 09:15:54 CST 2025: No more files to assign to agent pane 3. Agent is idle.
Thu Jun 19 09:15:54 CST 2025: Agent pane 4 signaled completion. Extracted file: 'character-set-and-'
Thu Jun 19 09:15:54 CST 2025: No more files to assign to agent pane 4. Agent is idle.
Thu Jun 19 09:15:54 CST 2025: Agent pane 5 signaled completion. Extracted file: 'tidb-cloud/release-notes-'
Thu Jun 19 09:15:54 CST 2025: No more files to assign to agent pane 5. Agent is idle.
Progress: 678/     683 files completed (Thu Jun 19 09:16:04 CST 2025)
Thu Jun 19 09:16:04 CST 2025: Agent pane 2 signaled completion. Extracted file: 'placement-rules-in-sql.md'
Thu Jun 19 09:16:04 CST 2025: No more files to assign to agent pane 2. Agent is idle.
Thu Jun 19 09:16:05 CST 2025: Agent pane 3 signaled completion. Extracted file: 'non-transactional-dml.md'
Thu Jun 19 09:16:05 CST 2025: No more files to assign to agent pane 3. Agent is idle.
Thu Jun 19 09:16:05 CST 2025: Agent pane 4 signaled completion. Extracted file: 'character-set-and-'
Thu Jun 19 09:16:05 CST 2025: No more files to assign to agent pane 4. Agent is idle.
Thu Jun 19 09:16:05 CST 2025: Agent pane 5 signaled completion. Extracted file: 'tidb-cloud/release-notes-'
Thu Jun 19 09:16:05 CST 2025: No more files to assign to agent pane 5. Agent is idle.
Progress: 680/     683 files completed (Thu Jun 19 09:16:15 CST 2025)
Thu Jun 19 09:16:15 CST 2025: Agent pane 2 signaled completion. Extracted file: 'placement-rules-in-sql.md'
Thu Jun 19 09:16:15 CST 2025: No more files to assign to agent pane 2. Agent is idle.
Thu Jun 19 09:16:15 CST 2025: Agent pane 3 signaled completion. Extracted file: 'non-transactional-dml.md'
Thu Jun 19 09:16:15 CST 2025: No more files to assign to agent pane 3. Agent is idle.
Thu Jun 19 09:16:15 CST 2025: Agent pane 4 signaled completion. Extracted file: 'character-set-and-'
Thu Jun 19 09:16:15 CST 2025: No more files to assign to agent pane 4. Agent is idle.
Thu Jun 19 09:16:15 CST 2025: Agent pane 5 signaled completion. Extracted file: 'tidb-cloud/release-notes-'
Thu Jun 19 09:16:15 CST 2025: No more files to assign to agent pane 5. Agent is idle.
Progress: 682/     683 files completed (Thu Jun 19 09:16:25 CST 2025)
Thu Jun 19 09:16:25 CST 2025: Agent pane 2 signaled completion. Extracted file: 'placement-rules-in-sql.md'
Thu Jun 19 09:16:25 CST 2025: No more files to assign to agent pane 2. Agent is idle.
Thu Jun 19 09:16:25 CST 2025: Agent pane 3 signaled completion. Extracted file: 'non-transactional-dml.md'
Thu Jun 19 09:16:25 CST 2025: No more files to assign to agent pane 3. Agent is idle.
Thu Jun 19 09:16:25 CST 2025: Agent pane 4 signaled completion. Extracted file: 'character-set-and-'
Thu Jun 19 09:16:25 CST 2025: No more files to assign to agent pane 4. Agent is idle.
Thu Jun 19 09:16:25 CST 2025: Agent pane 5 signaled completion. Extracted file: 'tidb-cloud/release-notes-'
Thu Jun 19 09:16:25 CST 2025: No more files to assign to agent pane 5. Agent is idle.
Progress: 684/     683 files completed (Thu Jun 19 09:16:35 CST 2025)
All files completed! Translation system finished.
Thu Jun 19 09:18:08 CST 2025: [PASS] AI validation PASSED for 'sql-statements/sql-statement-trace.md'.
Thu Jun 19 09:18:08 CST 2025: [REPORT] Generating progress report.
Thu Jun 19 09:18:08 CST 2025: [CYCLE END] Finished processing. Next check in 3os.
---
Thu Jun 19 09:18:11 CST 2025: [CYCLE START] Checking for work...
Thu Jun 19 09:18:11 CST 2025: [FOUND] Pending file: 'sql-statements/sql-statement-truncate.md'. Checking for translation...
Thu Jun 19 09:18:11 CST 2025: [LOCKING] Found '.amazon_q_result/sql-statements/sql-statement-truncate.md'. Locking for validation.
Thu Jun 19 09:18:11 CST 2025: [VALIDATING] Starting AI validation for 'sql-statements/sql-statement-truncate.md'.
Thu Jun 19 09:18:29 CST 2025: [PASS] AI validation PASSED for 'sql-statements/sql-statement-truncate.md'.
Thu Jun 19 09:18:29 CST 2025: [REPORT] Generating progress report.
Thu Jun 19 09:18:29 CST 2025: [CYCLE END] Finished processing. Next check in 3os.
---
Thu Jun 19 09:18:32 CST 2025: [CYCLE START] Checking for work...
Thu Jun 19 09:18:32 CST 2025: [FOUND] Pending file: 'sql-statements/sql-statement-unlock-stats.md'. Checking for translation...
Thu Jun 19 09:18:32 CST 2025: [LOCKING] Found '.amazon_q_result/sql-statements/sql-statement-unlock-stats.md'. Locking for validation.
Thu Jun 19 09:18:32 CST 2025: [VALIDATING] Starting AI validation for 'sql-statements/sql-statement-unlock-stats.md'.
Thu Jun 19 09:18:48 CST 2025: [PASS] AI validation PASSED for 'sql-statements/sql-statement-unlock-stats.md'.
Thu Jun 19 09:18:48 CST 2025: [REPORT] Generating progress report.
Thu Jun 19 09:18:48 CST 2025: [CYCLE END] Finished processing. Next check in 3os.
---
Thu Jun 19 09:18:51 CST 2025: [CYCLE START] Checking for work...
Thu Jun 19 09:18:52 CST 2025: [FOUND] Pending file: 'sql-statements/sql-statement-update.md'. Checking for translation...
Thu Jun 19 09:18:52 CST 2025: [LOCKING] Found '.amazon_q_result/sql-statements/sql-statement-update.md'. Locking for validation.
Thu Jun 19 09:18:52 CST 2025: [VALIDATING] Starting AI validation for 'sql-statements/sql-statement-update.md'.
Thu Jun 19 09:19:11 CST 2025: [PASS] AI validation PASSED for 'sql-statements/sql-statement-update.md'.
Thu Jun 19 09:19:11 CST 2025: [REPORT] Generating progress report.
Thu Jun 19 09:19:11 CST 2025: [CYCLE END] Finished processing. Next check in 3os.
---
Thu Jun 19 09:19:14 CST 2025: [CYCLE START] Checking for work...
Thu Jun 19 09:19:14 CST 2025: [FOUND] Pending file: 'sql-statements/sql-statement-use.md'. Checking for translation...
Thu Jun 19 09:19:14 CST 2025: [LOCKING] Found '.amazon_q_result/sql-statements/sql-statement-use.md'. Locking for validation.
Thu Jun 19 09:19:14 CST 2025: [VALIDATING] Starting AI validation for 'sql-statements/sql-statement-use.md'.
Thu Jun 19 09:19:29 CST 2025: [PASS] AI validation PASSED for 'sql-statements/sql-statement-use.md'.
Thu Jun 19 09:19:30 CST 2025: [REPORT] Generating progress report.
Thu Jun 19 09:19:30 CST 2025: [CYCLE END] Finished processing. Next check in 3os.
---
Thu Jun 19 09:19:33 CST 2025: [CYCLE START] Checking for work...
Thu Jun 19 09:19:33 CST 2025: [FOUND] Pending file: 'sql-statements/sql-statement-with.md'. Checking for translation...
Thu Jun 19 09:19:33 CST 2025: [LOCKING] Found '.amazon_q_result/sql-statements/sql-statement-with.md'. Locking for validation.
Thu Jun 19 09:19:33 CST 2025: [VALIDATING] Starting AI validation for 'sql-statements/sql-statement-with.md'.
Thu Jun 19 09:19:49 CST 2025: [PASS] AI validation PASSED for 'sql-statements/sql-statement-with.md'.
Thu Jun 19 09:19:49 CST 2025: [REPORT] Generating progress report.
Thu Jun 19 09:19:49 CST 2025: [CYCLE END] Finished processing. Next check in 3os.
---
Thu Jun 19 09:19:52 CST 2025: [CYCLE START] Checking for work...
Thu Jun 19 09:19:52 CST 2025: [FOUND] Pending file: 'data-type-overview.md'. Checking for translation...
Thu Jun 19 09:19:52 CST 2025: [LOCKING] Found '.amazon_q_result/data-type-overview.md'. Locking for validation.
Thu Jun 19 09:19:52 CST 2025: [VALIDATING] Starting AI validation for 'data-type-overview.md'.
Thu Jun 19 09:20:13 CST 2025: [PASS] AI validation PASSED for 'data-type-overview.md'.
Thu Jun 19 09:20:13 CST 2025: [REPORT] Generating progress report.
Thu Jun 19 09:20:13 CST 2025: [CYCLE END] Finished processing. Next check in 3os.
---
Thu Jun 19 09:20:16 CST 2025: [CYCLE START] Checking for work...
Thu Jun 19 09:20:16 CST 2025: [FOUND] Pending file: 'data-type-default-values.md'. Checking for translation...
Thu Jun 19 09:20:16 CST 2025: [LOCKING] Found '.amazon_q_result/data-type-default-values.md'. Locking for validation.
Thu Jun 19 09:20:16 CST 2025: [VALIDATING] Starting AI validation for 'data-type-default-values.md'.
Thu Jun 19 09:20:36 CST 2025: [PASS] AI validation PASSED for 'data-type-default-values.md'.
Thu Jun 19 09:20:36 CST 2025: [REPORT] Generating progress report.
Thu Jun 19 09:20:36 CST 2025: [CYCLE END] Finished processing. Next check in 3os.
---
Thu Jun 19 09:20:39 CST 2025: [CYCLE START] Checking for work...
Thu Jun 19 09:20:39 CST 2025: [FOUND] Pending file: 'data-type-numeric.md'. Checking for translation...
Thu Jun 19 09:20:39 CST 2025: [LOCKING] Found '.amazon_q_result/data-type-numeric.md'. Locking for validation.
Thu Jun 19 09:20:39 CST 2025: [VALIDATING] Starting AI validation for 'data-type-numeric.md'.
Thu Jun 19 09:21:02 CST 2025: [PASS] AI validation PASSED for 'data-type-numeric.md'.
Thu Jun 19 09:21:02 CST 2025: [REPORT] Generating progress report.
Thu Jun 19 09:21:02 CST 2025: [CYCLE END] Finished processing. Next check in 3os.
---
Thu Jun 19 09:21:05 CST 2025: [CYCLE START] Checking for work...
Thu Jun 19 09:21:05 CST 2025: [FOUND] Pending file: 'data-type-date-and-time.md'. Checking for translation...
Thu Jun 19 09:21:05 CST 2025: [LOCKING] Found '.amazon_q_result/data-type-date-and-time.md'. Locking for validation.
Thu Jun 19 09:21:05 CST 2025: [VALIDATING] Starting AI validation for 'data-type-date-and-time.md'.
Thu Jun 19 09:21:26 CST 2025: [PASS] AI validation PASSED for 'data-type-date-and-time.md'.
Thu Jun 19 09:21:26 CST 2025: [REPORT] Generating progress report.
Thu Jun 19 09:21:26 CST 2025: [CYCLE END] Finished processing. Next check in 3os.
---
Thu Jun 19 09:21:29 CST 2025: [CYCLE START] Checking for work...
Thu Jun 19 09:21:29 CST 2025: [FOUND] Pending file: 'data-type-string.md'. Checking for translation...
Thu Jun 19 09:21:29 CST 2025: [LOCKING] Found '.amazon_q_result/data-type-string.md'. Locking for validation.
Thu Jun 19 09:21:29 CST 2025: [VALIDATING] Starting AI validation for 'data-type-string.md'.
Thu Jun 19 09:21:46 CST 2025: [PASS] AI validation PASSED for 'data-type-string.md'.
Thu Jun 19 09:21:47 CST 2025: [REPORT] Generating progress report.
Thu Jun 19 09:21:47 CST 2025: [CYCLE END] Finished processing. Next check in 3os.
---
Thu Jun 19 09:21:50 CST 2025: [CYCLE START] Checking for work...
Thu Jun 19 09:21:50 CST 2025: [FOUND] Pending file: 'data-type-json.md'. Checking for translation...
Thu Jun 19 09:21:50 CST 2025: [LOCKING] Found '.amazon_q_result/data-type-json.md'. Locking for validation.
Thu Jun 19 09:21:50 CST 2025: [VALIDATING] Starting AI validation for 'data-type-json.md'.
Thu Jun 19 09:22:08 CST 2025: [PASS] AI validation PASSED for 'data-type-json.md'.
Thu Jun 19 09:22:08 CST 2025: [REPORT] Generating progress report.
Thu Jun 19 09:22:08 CST 2025: [CYCLE END] Finished processing. Next check in 3os.
---
Thu Jun 19 09:22:11 CST 2025: [CYCLE START] Checking for work...
Thu Jun 19 09:22:11 CST 2025: [FOUND] Pending file: 'functions-and-operators/functions-and-operators-overview.md'. Checking for translation...
Thu Jun 19 09:22:11 CST 2025: [LOCKING] Found '.amazon_q_result/functions-and-operators/functions-and-operators-overview.md'. Locking for validation.
Thu Jun 19 09:22:11 CST 2025: [VALIDATING] Starting AI validation for 'functions-and-operators/functions-and-operators-overview.md'.
Thu Jun 19 09:22:31 CST 2025: [PASS] AI validation PASSED for 'functions-and-operators/functions-and-operators-overview.md'.
Thu Jun 19 09:22:31 CST 2025: [REPORT] Generating progress report.
Thu Jun 19 09:22:31 CST 2025: [CYCLE END] Finished processing. Next check in 3os.
---
Thu Jun 19 09:22:34 CST 2025: [CYCLE START] Checking for work...
Thu Jun 19 09:22:34 CST 2025: [FOUND] Pending file: 'functions-and-operators/type-conversion-in-expression-evaluation.md'. Checking for translation...
Thu Jun 19 09:22:34 CST 2025: [LOCKING] Found '.amazon_q_result/functions-and-operators/type-conversion-in-expression-evaluation.md'. Locking for validation.
Thu Jun 19 09:22:34 CST 2025: [VALIDATING] Starting AI validation for 'functions-and-operators/type-conversion-in-expression-evaluation.md'.
Thu Jun 19 09:22:54 CST 2025: [PASS] AI validation PASSED for 'functions-and-operators/type-conversion-in-expression-evaluation.md'.
Thu Jun 19 09:22:54 CST 2025: [REPORT] Generating progress report.
Thu Jun 19 09:22:54 CST 2025: [CYCLE END] Finished processing. Next check in 3os.
---
Thu Jun 19 09:22:57 CST 2025: [CYCLE START] Checking for work...
Thu Jun 19 09:22:57 CST 2025: [FOUND] Pending file: 'functions-and-operators/operators.md'. Checking for translation...
Thu Jun 19 09:22:57 CST 2025: [LOCKING] Found '.amazon_q_result/functions-and-operators/operators.md'. Locking for validation.
Thu Jun 19 09:22:57 CST 2025: [VALIDATING] Starting AI validation for 'functions-and-operators/operators.md'.
Thu Jun 19 09:23:20 CST 2025: [PASS] AI validation PASSED for 'functions-and-operators/operators.md'.
Thu Jun 19 09:23:20 CST 2025: [REPORT] Generating progress report.
Thu Jun 19 09:23:20 CST 2025: [CYCLE END] Finished processing. Next check in 3os.
---
Thu Jun 19 09:23:23 CST 2025: [CYCLE START] Checking for work...
Thu Jun 19 09:23:23 CST 2025: [FOUND] Pending file: 'functions-and-operators/control-flow-functions.md'. Checking for translation...
Thu Jun 19 09:23:23 CST 2025: [LOCKING] Found '.amazon_q_result/functions-and-operators/control-flow-functions.md'. Locking for validation.
Thu Jun 19 09:23:23 CST 2025: [VALIDATING] Starting AI validation for 'functions-and-operators/control-flow-functions.md'.
Thu Jun 19 09:23:43 CST 2025: [PASS] AI validation PASSED for 'functions-and-operators/control-flow-functions.md'.
Thu Jun 19 09:23:43 CST 2025: [REPORT] Generating progress report.
Thu Jun 19 09:23:43 CST 2025: [CYCLE END] Finished processing. Next check in 3os.
---
Thu Jun 19 09:23:46 CST 2025: [CYCLE START] Checking for work...
Thu Jun 19 09:23:46 CST 2025: [FOUND] Pending file: 'functions-and-operators/string-functions.md'. Checking for translation...
Thu Jun 19 09:23:46 CST 2025: [LOCKING] Found '.amazon_q_result/functions-and-operators/string-functions.md'. Locking for validation.
Thu Jun 19 09:23:46 CST 2025: [VALIDATING] Starting AI validation for 'functions-and-operators/string-functions.md'.
Thu Jun 19 09:24:12 CST 2025: [PASS] AI validation PASSED for 'functions-and-operators/string-functions.md'.
Thu Jun 19 09:24:12 CST 2025: [REPORT] Generating progress report.
Thu Jun 19 09:24:12 CST 2025: [CYCLE END] Finished processing. Next check in 3os.
---
Thu Jun 19 09:24:15 CST 2025: [CYCLE START] Checking for work...
Thu Jun 19 09:24:15 CST 2025: [FOUND] Pending file: 'functions-and-operators/numeric-functions-and-operators.md'. Checking for translation...
Thu Jun 19 09:24:15 CST 2025: [LOCKING] Found '.amazon_q_result/functions-and-operators/numeric-functions-and-operators.md'. Locking for validation.
Thu Jun 19 09:24:15 CST 2025: [VALIDATING] Starting AI validation for 'functions-and-operators/numeric-functions-and-operators.md'.
Thu Jun 19 09:24:35 CST 2025: [PASS] AI validation PASSED for 'functions-and-operators/numeric-functions-and-operators.md'.
Thu Jun 19 09:24:35 CST 2025: [REPORT] Generating progress report.
Thu Jun 19 09:24:35 CST 2025: [CYCLE END] Finished processing. Next check in 3os.
---
Thu Jun 19 09:24:38 CST 2025: [CYCLE START] Checking for work...
Thu Jun 19 09:24:38 CST 2025: [FOUND] Pending file: 'functions-and-operators/date-and-time-functions.md'. Checking for translation...
Thu Jun 19 09:24:38 CST 2025: [LOCKING] Found '.amazon_q_result/functions-and-operators/date-and-time-functions.md'. Locking for validation.
Thu Jun 19 09:24:38 CST 2025: [VALIDATING] Starting AI validation for 'functions-and-operators/date-and-time-functions.md'.
Thu Jun 19 09:26:10 CST 2025: [PASS] AI validation PASSED for 'functions-and-operators/date-and-time-functions.md'.
Thu Jun 19 09:26:10 CST 2025: [REPORT] Generating progress report.
Thu Jun 19 09:26:10 CST 2025: [CYCLE END] Finished processing. Next check in 3os.
---
Thu Jun 19 09:26:14 CST 2025: [CYCLE START] Checking for work...
Thu Jun 19 09:26:14 CST 2025: [FOUND] Pending file: 'functions-and-operators/bit-functions-and-operators.md'. Checking for translation...
Thu Jun 19 09:26:14 CST 2025: [LOCKING] Found '.amazon_q_result/functions-and-operators/bit-functions-and-operators.md'. Locking for validation.
Thu Jun 19 09:26:14 CST 2025: [VALIDATING] Starting AI validation for 'functions-and-operators/bit-functions-and-operators.md'.
Thu Jun 19 09:26:38 CST 2025: [PASS] AI validation PASSED for 'functions-and-operators/bit-functions-and-operators.md'.
Thu Jun 19 09:26:38 CST 2025: [REPORT] Generating progress report.
Thu Jun 19 09:26:38 CST 2025: [CYCLE END] Finished processing. Next check in 3os.
---
Thu Jun 19 09:26:41 CST 2025: [CYCLE START] Checking for work...
Thu Jun 19 09:26:41 CST 2025: [FOUND] Pending file: 'functions-and-operators/cast-functions-and-operators.md'. Checking for translation...
Thu Jun 19 09:26:41 CST 2025: [LOCKING] Found '.amazon_q_result/functions-and-operators/cast-functions-and-operators.md'. Locking for validation.
Thu Jun 19 09:26:41 CST 2025: [VALIDATING] Starting AI validation for 'functions-and-operators/cast-functions-and-operators.md'.
Thu Jun 19 09:27:00 CST 2025: [PASS] AI validation PASSED for 'functions-and-operators/cast-functions-and-operators.md'.
Thu Jun 19 09:27:00 CST 2025: [REPORT] Generating progress report.
Thu Jun 19 09:27:00 CST 2025: [CYCLE END] Finished processing. Next check in 3os.
---
Thu Jun 19 09:27:03 CST 2025: [CYCLE START] Checking for work...
Thu Jun 19 09:27:03 CST 2025: [FOUND] Pending file: 'functions-and-operators/encryption-and-compression-functions.md'. Checking for translation...
Thu Jun 19 09:27:03 CST 2025: [LOCKING] Found '.amazon_q_result/functions-and-operators/encryption-and-compression-functions.md'. Locking for validation.
Thu Jun 19 09:27:03 CST 2025: [VALIDATING] Starting AI validation for 'functions-and-operators/encryption-and-compression-functions.md'.
Thu Jun 19 09:27:25 CST 2025: [PASS] AI validation PASSED for 'functions-and-operators/encryption-and-compression-functions.md'.
Thu Jun 19 09:27:25 CST 2025: [REPORT] Generating progress report.
Thu Jun 19 09:27:26 CST 2025: [CYCLE END] Finished processing. Next check in 3os.
---
Thu Jun 19 09:27:29 CST 2025: [CYCLE START] Checking for work...
Thu Jun 19 09:27:29 CST 2025: [FOUND] Pending file: 'functions-and-operators/locking-functions.md'. Checking for translation...
Thu Jun 19 09:27:29 CST 2025: [LOCKING] Found '.amazon_q_result/functions-and-operators/locking-functions.md'. Locking for validation.
Thu Jun 19 09:27:29 CST 2025: [VALIDATING] Starting AI validation for 'functions-and-operators/locking-functions.md'.
Thu Jun 19 09:27:49 CST 2025: [PASS] AI validation PASSED for 'functions-and-operators/locking-functions.md'.
Thu Jun 19 09:27:49 CST 2025: [REPORT] Generating progress report.
Thu Jun 19 09:27:49 CST 2025: [CYCLE END] Finished processing. Next check in 3os.
---
Thu Jun 19 09:27:52 CST 2025: [CYCLE START] Checking for work...
Thu Jun 19 09:27:52 CST 2025: [FOUND] Pending file: 'functions-and-operators/information-functions.md'. Checking for translation...
Thu Jun 19 09:27:52 CST 2025: [WAITING] Translated file for 'functions-and-operators/information-functions.md' not found yet. Will re-check in 30s.
---
Thu Jun 19 09:28:22 CST 2025: [CYCLE START] Checking for work...
Thu Jun 19 09:28:22 CST 2025: [FOUND] Pending file: 'functions-and-operators/information-functions.md'. Checking for translation...
Thu Jun 19 09:28:22 CST 2025: [WAITING] Translated file for 'functions-and-operators/information-functions.md' not found yet. Will re-check in 30s.
---
Thu Jun 19 09:28:52 CST 2025: [CYCLE START] Checking for work...
Thu Jun 19 09:28:52 CST 2025: [FOUND] Pending file: 'functions-and-operators/information-functions.md'. Checking for translation...
Thu Jun 19 09:28:52 CST 2025: [WAITING] Translated file for 'functions-and-operators/information-functions.md' not found yet. Will re-check in 30s.
---
Thu Jun 19 09:29:22 CST 2025: [CYCLE START] Checking for work...
Thu Jun 19 09:29:22 CST 2025: [FOUND] Pending file: 'functions-and-operators/information-functions.md'. Checking for translation...
Thu Jun 19 09:29:22 CST 2025: [LOCKING] Found '.amazon_q_result/functions-and-operators/information-functions.md'. Locking for validation.
Thu Jun 19 09:29:22 CST 2025: [VALIDATING] Starting AI validation for 'functions-and-operators/information-functions.md'.
Thu Jun 19 09:29:41 CST 2025: [PASS] AI validation PASSED for 'functions-and-operators/information-functions.md'.
Thu Jun 19 09:29:42 CST 2025: [REPORT] Generating progress report.
Thu Jun 19 09:29:42 CST 2025: [CYCLE END] Finished processing. Next check in 3os.
---
Thu Jun 19 09:29:45 CST 2025: [CYCLE START] Checking for work...
Thu Jun 19 09:29:45 CST 2025: [FOUND] Pending file: 'functions-and-operators/json-functions.md'. Checking for translation...
Thu Jun 19 09:29:45 CST 2025: [LOCKING] Found '.amazon_q_result/functions-and-operators/json-functions.md'. Locking for validation.
Thu Jun 19 09:29:45 CST 2025: [VALIDATING] Starting AI validation for 'functions-and-operators/json-functions.md'.
Thu Jun 19 09:30:05 CST 2025: [PASS] AI validation PASSED for 'functions-and-operators/json-functions.md'.
Thu Jun 19 09:30:05 CST 2025: [REPORT] Generating progress report.
Thu Jun 19 09:30:05 CST 2025: [CYCLE END] Finished processing. Next check in 3os.
---
Thu Jun 19 09:30:08 CST 2025: [CYCLE START] Checking for work...
Thu Jun 19 09:30:08 CST 2025: [FOUND] Pending file: 'functions-and-operators/json-functions/json-functions-create.md'. Checking for translation...
Thu Jun 19 09:30:08 CST 2025: [LOCKING] Found '.amazon_q_result/functions-and-operators/json-functions/json-functions-create.md'. Locking for validation.
Thu Jun 19 09:30:08 CST 2025: [VALIDATING] Starting AI validation for 'functions-and-operators/json-functions/json-functions-create.md'.
Thu Jun 19 09:30:27 CST 2025: [PASS] AI validation PASSED for 'functions-and-operators/json-functions/json-functions-create.md'.
Thu Jun 19 09:30:27 CST 2025: [REPORT] Generating progress report.
Thu Jun 19 09:30:27 CST 2025: [CYCLE END] Finished processing. Next check in 3os.
---
Thu Jun 19 09:30:30 CST 2025: [CYCLE START] Checking for work...
Thu Jun 19 09:30:30 CST 2025: [FOUND] Pending file: 'functions-and-operators/json-functions/json-functions-search.md'. Checking for translation...
Thu Jun 19 09:30:30 CST 2025: [LOCKING] Found '.amazon_q_result/functions-and-operators/json-functions/json-functions-search.md'. Locking for validation.
Thu Jun 19 09:30:30 CST 2025: [VALIDATING] Starting AI validation for 'functions-and-operators/json-functions/json-functions-search.md'.
Thu Jun 19 09:31:05 CST 2025: [PASS] AI validation PASSED for 'functions-and-operators/json-functions/json-functions-search.md'.
Thu Jun 19 09:31:05 CST 2025: [REPORT] Generating progress report.
Thu Jun 19 09:31:05 CST 2025: [CYCLE END] Finished processing. Next check in 3os.
---
Thu Jun 19 09:31:08 CST 2025: [CYCLE START] Checking for work...
Thu Jun 19 09:31:08 CST 2025: [FOUND] Pending file: 'functions-and-operators/json-functions/json-functions-modify.md'. Checking for translation...
Thu Jun 19 09:31:08 CST 2025: [LOCKING] Found '.amazon_q_result/functions-and-operators/json-functions/json-functions-modify.md'. Locking for validation.
Thu Jun 19 09:31:08 CST 2025: [VALIDATING] Starting AI validation for 'functions-and-operators/json-functions/json-functions-modify.md'.
Thu Jun 19 09:31:28 CST 2025: [PASS] AI validation PASSED for 'functions-and-operators/json-functions/json-functions-modify.md'.
Thu Jun 19 09:31:28 CST 2025: [REPORT] Generating progress report.
Thu Jun 19 09:31:29 CST 2025: [CYCLE END] Finished processing. Next check in 3os.
---
Thu Jun 19 09:31:32 CST 2025: [CYCLE START] Checking for work...
Thu Jun 19 09:31:32 CST 2025: [FOUND] Pending file: 'functions-and-operators/json-functions/json-functions-return.md'. Checking for translation...
Thu Jun 19 09:31:32 CST 2025: [LOCKING] Found '.amazon_q_result/functions-and-operators/json-functions/json-functions-return.md'. Locking for validation.
Thu Jun 19 09:31:32 CST 2025: [VALIDATING] Starting AI validation for 'functions-and-operators/json-functions/json-functions-return.md'.
Thu Jun 19 09:31:48 CST 2025: [PASS] AI validation PASSED for 'functions-and-operators/json-functions/json-functions-return.md'.
Thu Jun 19 09:31:48 CST 2025: [REPORT] Generating progress report.
Thu Jun 19 09:31:48 CST 2025: [CYCLE END] Finished processing. Next check in 3os.
---
Thu Jun 19 09:31:51 CST 2025: [CYCLE START] Checking for work...
Thu Jun 19 09:31:51 CST 2025: [FOUND] Pending file: 'functions-and-operators/json-functions/json-functions-utility.md'. Checking for translation...
Thu Jun 19 09:31:51 CST 2025: [LOCKING] Found '.amazon_q_result/functions-and-operators/json-functions/json-functions-utility.md'. Locking for validation.
Thu Jun 19 09:31:51 CST 2025: [VALIDATING] Starting AI validation for 'functions-and-operators/json-functions/json-functions-utility.md'.
Thu Jun 19 09:32:09 CST 2025: [PASS] AI validation PASSED for 'functions-and-operators/json-functions/json-functions-utility.md'.
Thu Jun 19 09:32:09 CST 2025: [REPORT] Generating progress report.
Thu Jun 19 09:32:09 CST 2025: [CYCLE END] Finished processing. Next check in 3os.
---
Thu Jun 19 09:32:12 CST 2025: [CYCLE START] Checking for work...
Thu Jun 19 09:32:12 CST 2025: [FOUND] Pending file: 'functions-and-operators/json-functions/json-functions-aggregate.md'. Checking for translation...
Thu Jun 19 09:32:12 CST 2025: [LOCKING] Found '.amazon_q_result/functions-and-operators/json-functions/json-functions-aggregate.md'. Locking for validation.
Thu Jun 19 09:32:12 CST 2025: [VALIDATING] Starting AI validation for 'functions-and-operators/json-functions/json-functions-aggregate.md'.
Thu Jun 19 09:32:35 CST 2025: [PASS] AI validation PASSED for 'functions-and-operators/json-functions/json-functions-aggregate.md'.
Thu Jun 19 09:32:35 CST 2025: [REPORT] Generating progress report.
Thu Jun 19 09:32:35 CST 2025: [CYCLE END] Finished processing. Next check in 3os.
---
Thu Jun 19 09:32:38 CST 2025: [CYCLE START] Checking for work...
Thu Jun 19 09:32:38 CST 2025: [FOUND] Pending file: 'functions-and-operators/aggregate-group-by-functions.md'. Checking for translation...
Thu Jun 19 09:32:38 CST 2025: [LOCKING] Found '.amazon_q_result/functions-and-operators/aggregate-group-by-functions.md'. Locking for validation.
Thu Jun 19 09:32:38 CST 2025: [VALIDATING] Starting AI validation for 'functions-and-operators/aggregate-group-by-functions.md'.
Thu Jun 19 09:32:58 CST 2025: [PASS] AI validation PASSED for 'functions-and-operators/aggregate-group-by-functions.md'.
Thu Jun 19 09:32:58 CST 2025: [REPORT] Generating progress report.
Thu Jun 19 09:32:58 CST 2025: [CYCLE END] Finished processing. Next check in 3os.
---
Thu Jun 19 09:33:02 CST 2025: [CYCLE START] Checking for work...
Thu Jun 19 09:33:02 CST 2025: [FOUND] Pending file: 'functions-and-operators/group-by-modifier.md'. Checking for translation...
Thu Jun 19 09:33:02 CST 2025: [LOCKING] Found '.amazon_q_result/functions-and-operators/group-by-modifier.md'. Locking for validation.
Thu Jun 19 09:33:02 CST 2025: [VALIDATING] Starting AI validation for 'functions-and-operators/group-by-modifier.md'.
Thu Jun 19 09:33:23 CST 2025: [PASS] AI validation PASSED for 'functions-and-operators/group-by-modifier.md'.
Thu Jun 19 09:33:23 CST 2025: [REPORT] Generating progress report.
Thu Jun 19 09:33:23 CST 2025: [CYCLE END] Finished processing. Next check in 3os.
---
Thu Jun 19 09:33:26 CST 2025: [CYCLE START] Checking for work...
Thu Jun 19 09:33:26 CST 2025: [FOUND] Pending file: 'functions-and-operators/window-functions.md'. Checking for translation...
Thu Jun 19 09:33:26 CST 2025: [LOCKING] Found '.amazon_q_result/functions-and-operators/window-functions.md'. Locking for validation.
Thu Jun 19 09:33:26 CST 2025: [VALIDATING] Starting AI validation for 'functions-and-operators/window-functions.md'.
Thu Jun 19 09:33:47 CST 2025: [PASS] AI validation PASSED for 'functions-and-operators/window-functions.md'.
Thu Jun 19 09:33:47 CST 2025: [REPORT] Generating progress report.
Thu Jun 19 09:33:47 CST 2025: [CYCLE END] Finished processing. Next check in 3os.
---
Thu Jun 19 09:33:50 CST 2025: [CYCLE START] Checking for work...
Thu Jun 19 09:33:50 CST 2025: [FOUND] Pending file: 'functions-and-operators/sequence-functions.md'. Checking for translation...
Thu Jun 19 09:33:50 CST 2025: [LOCKING] Found '.amazon_q_result/functions-and-operators/sequence-functions.md'. Locking for validation.
Thu Jun 19 09:33:50 CST 2025: [VALIDATING] Starting AI validation for 'functions-and-operators/sequence-functions.md'.
Thu Jun 19 09:34:08 CST 2025: [PASS] AI validation PASSED for 'functions-and-operators/sequence-functions.md'.
Thu Jun 19 09:34:08 CST 2025: [REPORT] Generating progress report.
Thu Jun 19 09:34:08 CST 2025: [CYCLE END] Finished processing. Next check in 3os.
---
Thu Jun 19 09:34:11 CST 2025: [CYCLE START] Checking for work...
Thu Jun 19 09:34:11 CST 2025: [FOUND] Pending file: 'functions-and-operators/utility-functions.md'. Checking for translation...
Thu Jun 19 09:34:11 CST 2025: [LOCKING] Found '.amazon_q_result/functions-and-operators/utility-functions.md'. Locking for validation.
Thu Jun 19 09:34:11 CST 2025: [VALIDATING] Starting AI validation for 'functions-and-operators/utility-functions.md'.
Thu Jun 19 09:34:26 CST 2025: [PASS] AI validation PASSED for 'functions-and-operators/utility-functions.md'.
Thu Jun 19 09:34:26 CST 2025: [REPORT] Generating progress report.
Thu Jun 19 09:34:26 CST 2025: [CYCLE END] Finished processing. Next check in 3os.
---
Thu Jun 19 09:34:29 CST 2025: [CYCLE START] Checking for work...
Thu Jun 19 09:34:29 CST 2025: [FOUND] Pending file: 'functions-and-operators/miscellaneous-functions.md'. Checking for translation...
Thu Jun 19 09:34:29 CST 2025: [LOCKING] Found '.amazon_q_result/functions-and-operators/miscellaneous-functions.md'. Locking for validation.
Thu Jun 19 09:34:29 CST 2025: [VALIDATING] Starting AI validation for 'functions-and-operators/miscellaneous-functions.md'.
Thu Jun 19 09:34:51 CST 2025: [PASS] AI validation PASSED for 'functions-and-operators/miscellaneous-functions.md'.
Thu Jun 19 09:34:51 CST 2025: [REPORT] Generating progress report.
Thu Jun 19 09:34:51 CST 2025: [CYCLE END] Finished processing. Next check in 3os.
---
Thu Jun 19 09:34:54 CST 2025: [CYCLE START] Checking for work...
Thu Jun 19 09:34:54 CST 2025: [FOUND] Pending file: 'functions-and-operators/tidb-functions.md'. Checking for translation...
Thu Jun 19 09:34:54 CST 2025: [LOCKING] Found '.amazon_q_result/functions-and-operators/tidb-functions.md'. Locking for validation.
Thu Jun 19 09:34:54 CST 2025: [VALIDATING] Starting AI validation for 'functions-and-operators/tidb-functions.md'.
Thu Jun 19 09:35:17 CST 2025: [FAIL] AI validation FAILED for 'functions-and-operators/tidb-functions.md'. Reason: Let me validate these files using the fs_read tool to check both the source and translated content.[0m[0m
[0m[0m
[38;5;13m🛠️  Using tool: fs_read[38;5;2m (trusted)[39m[39m
 ⋮ 
 ● Reading file: [38;5;10m/Users/zou/workspace/tidbcloud/docs/functions-and-operators/tidb-functions.md[0m, all lines
 ⋮ 
[38;5;10m[1m ● Completed in 0.0s[39m

[0m[0m
[0m[0m
[38;5;13m🛠️  Using tool: fs_read[38;5;2m (trusted)[39m[39m
 ⋮ 
 ● Reading file: [38;5;10m/Users/zou/workspace/tidbcloud/docs/.amazon_q_result/functions-and-operators/tidb-functions.md[0m, all lines
 ⋮ 
[38;5;10m[1m ● Completed in 0.0s[39m

Let me validate the translation based on the validation criteria from the validation agent instructions:[0m[0m
[0m[0m
1. Content completeness: The translated file exists but appears to be incomplete - only the header and first line are translated[0m[0m
2. Format preservation: The markdown formatting is correctly preserved in the translated portion[0m[0m
3. Chinese language quality: The translated content appears accurate and natural in Chinese[0m[0m
4. File integrity: The file uses proper UTF-8 encoding for Chinese characters[0m[0m
[0m[0m
Reason: Translation is incomplete - only header and first paragraph translated out of full document.[0m[0m
Thu Jun 19 09:35:17 CST 2025: [REPORT] Generating progress report.
Thu Jun 19 09:35:17 CST 2025: [CYCLE END] Finished processing. Next check in 3os.
---
Thu Jun 19 09:35:20 CST 2025: [CYCLE START] Checking for work...
Thu Jun 19 09:35:20 CST 2025: [FOUND] Pending file: 'functions-and-operators/tidb-functions.md'. Checking for translation...
Thu Jun 19 09:35:20 CST 2025: [LOCKING] Found '.amazon_q_result/functions-and-operators/tidb-functions.md'. Locking for validation.
Thu Jun 19 09:35:20 CST 2025: [VALIDATING] Starting AI validation for 'functions-and-operators/tidb-functions.md'.
Thu Jun 19 09:35:41 CST 2025: [FAIL] AI validation FAILED for 'functions-and-operators/tidb-functions.md'. Reason: Let me validate these files using the validation process outlined in the instructions.[0m[0m
[0m[0m
[38;5;13m🛠️  Using tool: fs_read[38;5;2m (trusted)[39m[39m
 ⋮ 
 ● Reading file: [38;5;10m/Users/zou/workspace/tidbcloud/docs/functions-and-operators/tidb-functions.md[0m, all lines
 ⋮ 
[38;5;10m[1m ● Completed in 0.0s[39m

[0m[0m
[0m[0m
[38;5;13m🛠️  Using tool: fs_read[38;5;2m (trusted)[39m[39m
 ⋮ 
 ● Reading file: [38;5;10m/Users/zou/workspace/tidbcloud/docs/.amazon_q_result/functions-and-operators/tidb-functions.md[0m, all lines
 ⋮ 
[38;5;10m[1m ● Completed in 0.0s[39m

Let me validate the translation based on the validation criteria:[0m[0m
[0m[0m
1. Content completeness: The translated file exists but appears incomplete - only the header and first line are present[0m[0m
2. Format preservation: The markdown formatting in the header is preserved correctly[0m[0m
3. Chinese language quality: The translated content so far is accurate and natural[0m[0m
4. File integrity: The file uses proper UTF-8 encoding[0m[0m
[0m[0m
Translation is incomplete - only about 1% of the source content has been translated.[0m[0m
Thu Jun 19 09:35:41 CST 2025: [REPORT] Generating progress report.
Thu Jun 19 09:35:41 CST 2025: [CYCLE END] Finished processing. Next check in 3os.
---
Thu Jun 19 09:35:44 CST 2025: [CYCLE START] Checking for work...
Thu Jun 19 09:35:44 CST 2025: [FOUND] Pending file: 'functions-and-operators/tidb-functions.md'. Checking for translation...
Thu Jun 19 09:35:44 CST 2025: [LOCKING] Found '.amazon_q_result/functions-and-operators/tidb-functions.md'. Locking for validation.
Thu Jun 19 09:35:44 CST 2025: [VALIDATING] Starting AI validation for 'functions-and-operators/tidb-functions.md'.
Thu Jun 19 09:36:06 CST 2025: [FAIL] AI validation FAILED for 'functions-and-operators/tidb-functions.md'. Reason: Let me validate these files using the fs_read tool to check both the source and translated content.[0m[0m
[0m[0m
[38;5;13m🛠️  Using tool: fs_read[38;5;2m (trusted)[39m[39m
 ⋮ 
 ● Reading file: [38;5;10m/Users/zou/workspace/tidbcloud/docs/functions-and-operators/tidb-functions.md[0m, all lines
 ⋮ 
[38;5;10m[1m ● Completed in 0.0s[39m

[0m[0m
[0m[0m
[38;5;13m🛠️  Using tool: fs_read[38;5;2m (trusted)[39m[39m
 ⋮ 
 ● Reading file: [38;5;10m/Users/zou/workspace/tidbcloud/docs/.amazon_q_result/functions-and-operators/tidb-functions.md[0m, all lines
 ⋮ 
[38;5;10m[1m ● Completed in 0.0s[39m

Let me validate the translation based on the validation criteria from validation_agent.md:[0m[0m
[0m[0m
1. Content completeness: The translated file exists but appears incomplete - only the header and first line are present[0m[0m
2. Format preservation: The markdown formatting in the translated portion is preserved correctly[0m[0m
3. Chinese language quality: The translated content appears accurate but is incomplete[0m[0m
4. File integrity: The file uses proper UTF-8 encoding[0m[0m
[0m[0m
Translation is incomplete - only the header and first paragraph are translated while the rest of the content is missing.[0m[0m
Thu Jun 19 09:36:06 CST 2025: [REPORT] Generating progress report.
Thu Jun 19 09:36:06 CST 2025: [CYCLE END] Finished processing. Next check in 3os.
---
Thu Jun 19 09:36:09 CST 2025: [CYCLE START] Checking for work...
Thu Jun 19 09:36:09 CST 2025: [FOUND] Pending file: 'functions-and-operators/tidb-functions.md'. Checking for translation...
Thu Jun 19 09:36:09 CST 2025: [LOCKING] Found '.amazon_q_result/functions-and-operators/tidb-functions.md'. Locking for validation.
Thu Jun 19 09:36:09 CST 2025: [VALIDATING] Starting AI validation for 'functions-and-operators/tidb-functions.md'.
Thu Jun 19 09:36:33 CST 2025: [FAIL] AI validation FAILED for 'functions-and-operators/tidb-functions.md'. Reason: Let me validate these files using the validation process outlined in the instructions.[0m[0m
[0m[0m
[38;5;13m🛠️  Using tool: fs_read[38;5;2m (trusted)[39m[39m
 ⋮ 
 ● Reading file: [38;5;10m/Users/zou/workspace/tidbcloud/docs/functions-and-operators/tidb-functions.md[0m, all lines
 ⋮ 
[38;5;10m[1m ● Completed in 0.0s[39m

[0m[0m
[0m[0m
[38;5;13m🛠️  Using tool: fs_read[38;5;2m (trusted)[39m[39m
 ⋮ 
 ● Reading file: [38;5;10m/Users/zou/workspace/tidbcloud/docs/.amazon_q_result/functions-and-operators/tidb-functions.md[0m, all lines
 ⋮ 
[38;5;10m[1m ● Completed in 0.0s[39m

Let me validate the translation based on the validation criteria:[0m[0m
[0m[0m
1. Content completeness: The translated file exists but appears incomplete - only the header and first line are present[0m[0m
2. Format preservation: The markdown formatting in the header is preserved correctly[0m[0m
3. Chinese language quality: The translated content appears accurate but is incomplete[0m[0m
4. File integrity: The file uses proper UTF-8 encoding but is missing most of the content[0m[0m
[0m[0m
Translation is incomplete - only the header and first paragraph are translated while the rest of the content is missing.[0m[0m
Thu Jun 19 09:36:33 CST 2025: [REPORT] Generating progress report.
Thu Jun 19 09:36:33 CST 2025: [CYCLE END] Finished processing. Next check in 3os.
---
Thu Jun 19 09:36:36 CST 2025: [CYCLE START] Checking for work...
Thu Jun 19 09:36:36 CST 2025: [FOUND] Pending file: 'functions-and-operators/tidb-functions.md'. Checking for translation...
Thu Jun 19 09:36:36 CST 2025: [LOCKING] Found '.amazon_q_result/functions-and-operators/tidb-functions.md'. Locking for validation.
Thu Jun 19 09:36:36 CST 2025: [VALIDATING] Starting AI validation for 'functions-and-operators/tidb-functions.md'.
Thu Jun 19 09:36:59 CST 2025: [FAIL] AI validation FAILED for 'functions-and-operators/tidb-functions.md'. Reason: Let me validate these files using the fs_read tool to check both the source and translated content.[0m[0m
[0m[0m
[38;5;13m🛠️  Using tool: fs_read[38;5;2m (trusted)[39m[39m
 ⋮ 
 ● Reading file: [38;5;10m/Users/zou/workspace/tidbcloud/docs/functions-and-operators/tidb-functions.md[0m, all lines
 ⋮ 
[38;5;10m[1m ● Completed in 0.0s[39m

[0m[0m
[0m[0m
[38;5;13m🛠️  Using tool: fs_read[38;5;2m (trusted)[39m[39m
 ⋮ 
 ● Reading file: [38;5;10m/Users/zou/workspace/tidbcloud/docs/.amazon_q_result/functions-and-operators/tidb-functions.md[0m, all lines
 ⋮ 
[38;5;10m[1m ● Completed in 0.0s[39m

Let me validate the translation based on the validation criteria from validation_agent.md:[0m[0m
[0m[0m
1. Content completeness: The translated file exists but appears incomplete - only the header and first line are translated[0m[0m
2. Format preservation: The markdown formatting is correctly preserved in the translated portion[0m[0m
3. Chinese language quality: The translated content appears accurate and natural in Chinese[0m[0m
4. File integrity: The file uses proper UTF-8 encoding for Chinese characters[0m[0m
[0m[0m
Reason: Translation is incomplete - only header and first paragraph translated out of full document.[0m[0m
Thu Jun 19 09:36:59 CST 2025: [REPORT] Generating progress report.
Thu Jun 19 09:36:59 CST 2025: [CYCLE END] Finished processing. Next check in 3os.
---
Thu Jun 19 09:37:02 CST 2025: [CYCLE START] Checking for work...
Thu Jun 19 09:37:02 CST 2025: [FOUND] Pending file: 'functions-and-operators/tidb-functions.md'. Checking for translation...
Thu Jun 19 09:37:02 CST 2025: [LOCKING] Found '.amazon_q_result/functions-and-operators/tidb-functions.md'. Locking for validation.
Thu Jun 19 09:37:02 CST 2025: [VALIDATING] Starting AI validation for 'functions-and-operators/tidb-functions.md'.
Thu Jun 19 09:37:52 CST 2025: [FAIL] AI validation FAILED for 'functions-and-operators/tidb-functions.md'. Reason: Let me validate these files using the fs_read tool to check both the source and translated content.[0m[0m
[0m[0m
[38;5;13m🛠️  Using tool: fs_read[38;5;2m (trusted)[39m[39m
 ⋮ 
 ● Reading file: [38;5;10m/Users/zou/workspace/tidbcloud/docs/functions-and-operators/tidb-functions.md[0m, all lines
 ⋮ 
[38;5;10m[1m ● Completed in 0.0s[39m

[0m[0m
[0m[0m
[38;5;13m🛠️  Using tool: fs_read[38;5;2m (trusted)[39m[39m
 ⋮ 
 ● Reading file: [38;5;10m/Users/zou/workspace/tidbcloud/docs/.amazon_q_result/functions-and-operators/tidb-functions.md[0m, all lines
 ⋮ 
[38;5;10m[1m ● Completed in 0.0s[39m

Let me validate the translation based on the validation criteria from validation_agent.md:[0m[0m
[0m[0m
1. Content completeness: The translated file exists but appears to be incomplete - only the header and first line are translated[0m[0m
2. Format preservation: The markdown formatting is preserved correctly in the translated portion[0m[0m
3. Chinese language quality: The translated content appears accurate and natural in Chinese[0m[0m
4. File integrity: The file uses proper UTF-8 encoding based on the Chinese characters displaying correctly[0m[0m
[0m[0m
Translation is incomplete - only the header and first paragraph are translated while the rest of the content is missing.[0m[0m
Thu Jun 19 09:37:52 CST 2025: [REPORT] Generating progress report.
Thu Jun 19 09:37:52 CST 2025: [CYCLE END] Finished processing. Next check in 3os.
---
Thu Jun 19 09:37:55 CST 2025: [CYCLE START] Checking for work...
Thu Jun 19 09:37:55 CST 2025: [FOUND] Pending file: 'functions-and-operators/tidb-functions.md'. Checking for translation...
Thu Jun 19 09:37:55 CST 2025: [LOCKING] Found '.amazon_q_result/functions-and-operators/tidb-functions.md'. Locking for validation.
Thu Jun 19 09:37:55 CST 2025: [VALIDATING] Starting AI validation for 'functions-and-operators/tidb-functions.md'.
Thu Jun 19 09:38:18 CST 2025: [FAIL] AI validation FAILED for 'functions-and-operators/tidb-functions.md'. Reason: Let me validate these files using the validation process outlined in the instructions.[0m[0m
[0m[0m
[38;5;13m🛠️  Using tool: fs_read[38;5;2m (trusted)[39m[39m
 ⋮ 
 ● Reading file: [38;5;10m/Users/zou/workspace/tidbcloud/docs/functions-and-operators/tidb-functions.md[0m, all lines
 ⋮ 
[38;5;10m[1m ● Completed in 0.0s[39m

[0m[0m
[0m[0m
[38;5;13m🛠️  Using tool: fs_read[38;5;2m (trusted)[39m[39m
 ⋮ 
 ● Reading file: [38;5;10m/Users/zou/workspace/tidbcloud/docs/.amazon_q_result/functions-and-operators/tidb-functions.md[0m, all lines
 ⋮ 
[38;5;10m[1m ● Completed in 0.0s[39m

Let me validate the translation based on the validation criteria:[0m[0m
[0m[0m
1. Content completeness: The translated file exists but appears incomplete - only the header and first paragraph are present[0m[0m
2. Format preservation: The markdown formatting in the translated portion is preserved correctly[0m[0m
3. Chinese language quality: The translated content appears accurate and natural in Chinese[0m[0m
4. File integrity: The file uses proper UTF-8 encoding for Chinese characters[0m[0m
[0m[0m
Reason: Incomplete translation - only header and first paragraph translated out of full document.[0m[0m
Thu Jun 19 09:38:18 CST 2025: [REPORT] Generating progress report.
Thu Jun 19 09:38:18 CST 2025: [CYCLE END] Finished processing. Next check in 3os.
---
Thu Jun 19 09:38:21 CST 2025: [CYCLE START] Checking for work...
Thu Jun 19 09:38:21 CST 2025: [FOUND] Pending file: 'functions-and-operators/tidb-functions.md'. Checking for translation...
Thu Jun 19 09:38:21 CST 2025: [LOCKING] Found '.amazon_q_result/functions-and-operators/tidb-functions.md'. Locking for validation.
Thu Jun 19 09:38:21 CST 2025: [VALIDATING] Starting AI validation for 'functions-and-operators/tidb-functions.md'.
Thu Jun 19 09:38:43 CST 2025: [FAIL] AI validation FAILED for 'functions-and-operators/tidb-functions.md'. Reason: Let me validate these files using the validation process outlined in the instructions.[0m[0m
[0m[0m
[38;5;13m🛠️  Using tool: fs_read[38;5;2m (trusted)[39m[39m
 ⋮ 
 ● Reading file: [38;5;10m/Users/zou/workspace/tidbcloud/docs/functions-and-operators/tidb-functions.md[0m, all lines
 ⋮ 
[38;5;10m[1m ● Completed in 0.0s[39m

[0m[0m
[0m[0m
[38;5;13m🛠️  Using tool: fs_read[38;5;2m (trusted)[39m[39m
 ⋮ 
 ● Reading file: [38;5;10m/Users/zou/workspace/tidbcloud/docs/.amazon_q_result/functions-and-operators/tidb-functions.md[0m, all lines
 ⋮ 
[38;5;10m[1m ● Completed in 0.0s[39m

Let me validate the translation based on the validation criteria:[0m[0m
[0m[0m
1. Content completeness: The target file exists but appears to be incomplete - only the header and first line are translated[0m[0m
2. Format preservation: The markdown formatting in the translated portion is intact[0m[0m
3. Chinese language quality: The translated content appears accurate but is incomplete[0m[0m
4. File integrity: The file uses proper UTF-8 encoding but is missing most of the content[0m[0m
[0m[0m
Translation is incomplete - only the header and first paragraph are translated while the rest of the content is missing.[0m[0m
Thu Jun 19 09:38:43 CST 2025: [REPORT] Generating progress report.
Thu Jun 19 09:38:43 CST 2025: [CYCLE END] Finished processing. Next check in 3os.
---
Thu Jun 19 09:38:46 CST 2025: [CYCLE START] Checking for work...
Thu Jun 19 09:38:46 CST 2025: [FOUND] Pending file: 'functions-and-operators/tidb-functions.md'. Checking for translation...
Thu Jun 19 09:38:46 CST 2025: [LOCKING] Found '.amazon_q_result/functions-and-operators/tidb-functions.md'. Locking for validation.
Thu Jun 19 09:38:46 CST 2025: [VALIDATING] Starting AI validation for 'functions-and-operators/tidb-functions.md'.
Thu Jun 19 09:39:10 CST 2025: [FAIL] AI validation FAILED for 'functions-and-operators/tidb-functions.md'. Reason: Let me validate these files using the validation process outlined in the instructions.[0m[0m
[0m[0m
[38;5;13m🛠️  Using tool: fs_read[38;5;2m (trusted)[39m[39m
 ⋮ 
 ● Reading file: [38;5;10m/Users/zou/workspace/tidbcloud/docs/functions-and-operators/tidb-functions.md[0m, all lines
 ⋮ 
[38;5;10m[1m ● Completed in 0.0s[39m

[0m[0m
[0m[0m
[38;5;13m🛠️  Using tool: fs_read[38;5;2m (trusted)[39m[39m
 ⋮ 
 ● Reading file: [38;5;10m/Users/zou/workspace/tidbcloud/docs/.amazon_q_result/functions-and-operators/tidb-functions.md[0m, all lines
 ⋮ 
[38;5;10m[1m ● Completed in 0.0s[39m

Let me validate the translation based on the validation criteria:[0m[0m
[0m[0m
1. Content completeness: The target file exists but appears to be incomplete. Only the title, summary and first line of content are present.[0m[0m
[0m[0m
2. Format preservation: The markdown formatting in the translated portion is preserved correctly, including:[0m[0m
   • Frontmatter with [38;5;10m---[0m delimiters[0m[0m
   • Headers with [38;5;10m#[0m [0m[0m
   • Title and summary fields maintained[0m[0m
[0m[0m
3. Translation quality: The existing Chinese translation is accurate and natural:[0m[0m
   • "TiDB Specific Functions" -> "TiDB 专有函数"[0m[0m
   • "Learn about the usage of TiDB specific functions" -> "了解 TiDB 专有函数的用法"[0m[0m
   • "The following functions are TiDB extensions" -> "以下函数是 TiDB 的扩展函数"[0m[0m
[0m[0m
4. File integrity: The file uses proper UTF-8 encoding for Chinese characters.[0m[0m
[0m[0m
However, since most of the content is missing from the target file, this validation must fail.[0m[0m
[0m[0m
Reason: Incomplete translation - most of the source content is missing from the target file.[0m[0m
Thu Jun 19 09:39:10 CST 2025: [REPORT] Generating progress report.
Thu Jun 19 09:39:10 CST 2025: [CYCLE END] Finished processing. Next check in 3os.
---
Thu Jun 19 09:39:13 CST 2025: [CYCLE START] Checking for work...
Thu Jun 19 09:39:13 CST 2025: [FOUND] Pending file: 'functions-and-operators/tidb-functions.md'. Checking for translation...
Thu Jun 19 09:39:13 CST 2025: [LOCKING] Found '.amazon_q_result/functions-and-operators/tidb-functions.md'. Locking for validation.
Thu Jun 19 09:39:13 CST 2025: [VALIDATING] Starting AI validation for 'functions-and-operators/tidb-functions.md'.
Thu Jun 19 09:39:34 CST 2025: [FAIL] AI validation FAILED for 'functions-and-operators/tidb-functions.md'. Reason: Let me validate these files using the fs_read tool to check both the source and translated content.[0m[0m
[0m[0m
[38;5;13m🛠️  Using tool: fs_read[38;5;2m (trusted)[39m[39m
 ⋮ 
 ● Reading file: [38;5;10m/Users/zou/workspace/tidbcloud/docs/functions-and-operators/tidb-functions.md[0m, all lines
 ⋮ 
[38;5;10m[1m ● Completed in 0.0s[39m

[0m[0m
[0m[0m
[38;5;13m🛠️  Using tool: fs_read[38;5;2m (trusted)[39m[39m
 ⋮ 
 ● Reading file: [38;5;10m/Users/zou/workspace/tidbcloud/docs/.amazon_q_result/functions-and-operators/tidb-functions.md[0m, all lines
 ⋮ 
[38;5;10m[1m ● Completed in 0.0s[39m

Let me validate the translation based on the validation criteria from the validation agent instructions:[0m[0m
[0m[0m
1. Content completeness: The translated file exists but appears to be incomplete - only the header and first line are translated[0m[0m
2. Format preservation: The markdown formatting is correctly preserved in the translated portion[0m[0m
3. Chinese language quality: The translated content appears accurate and natural in Chinese[0m[0m
4. File integrity: The file uses proper UTF-8 encoding for Chinese characters[0m[0m
[0m[0m
Reason: Translation is incomplete - only header and first paragraph translated out of full document.[0m[0m
Thu Jun 19 09:39:34 CST 2025: [REPORT] Generating progress report.
Thu Jun 19 09:39:34 CST 2025: [CYCLE END] Finished processing. Next check in 3os.
---
Thu Jun 19 09:39:37 CST 2025: [CYCLE START] Checking for work...
Thu Jun 19 09:39:37 CST 2025: [FOUND] Pending file: 'functions-and-operators/tidb-functions.md'. Checking for translation...
Thu Jun 19 09:39:37 CST 2025: [LOCKING] Found '.amazon_q_result/functions-and-operators/tidb-functions.md'. Locking for validation.
Thu Jun 19 09:39:37 CST 2025: [VALIDATING] Starting AI validation for 'functions-and-operators/tidb-functions.md'.
Thu Jun 19 09:39:57 CST 2025: [FAIL] AI validation FAILED for 'functions-and-operators/tidb-functions.md'. Reason: Let me validate these files using the fs_read tool to check both the source and translated content.[0m[0m
[0m[0m
[38;5;13m🛠️  Using tool: fs_read[38;5;2m (trusted)[39m[39m
 ⋮ 
 ● Reading file: [38;5;10m/Users/zou/workspace/tidbcloud/docs/functions-and-operators/tidb-functions.md[0m, all lines
 ⋮ 
[38;5;10m[1m ● Completed in 0.0s[39m

[0m[0m
[0m[0m
[38;5;13m🛠️  Using tool: fs_read[38;5;2m (trusted)[39m[39m
 ⋮ 
 ● Reading file: [38;5;10m/Users/zou/workspace/tidbcloud/docs/.amazon_q_result/functions-and-operators/tidb-functions.md[0m, all lines
 ⋮ 
[38;5;10m[1m ● Completed in 0.0s[39m

Let me validate the translation based on the validation criteria from validation_agent.md:[0m[0m
[0m[0m
1. Content completeness: The translated file exists but appears incomplete - only the header and first line are present[0m[0m
2. Format preservation: The markdown formatting in the translated portion is preserved correctly[0m[0m
3. Chinese language quality: The translated text is accurate and natural Chinese[0m[0m
4. File integrity: The file uses proper UTF-8 encoding[0m[0m
[0m[0m
Translation is incomplete - only the header and first paragraph are translated while the rest of the content is missing.[0m[0m
Thu Jun 19 09:39:57 CST 2025: [REPORT] Generating progress report.
Thu Jun 19 09:39:57 CST 2025: [CYCLE END] Finished processing. Next check in 3os.
---
Thu Jun 19 09:40:00 CST 2025: [CYCLE START] Checking for work...
Thu Jun 19 09:40:00 CST 2025: [FOUND] Pending file: 'functions-and-operators/tidb-functions.md'. Checking for translation...
Thu Jun 19 09:40:00 CST 2025: [LOCKING] Found '.amazon_q_result/functions-and-operators/tidb-functions.md'. Locking for validation.
Thu Jun 19 09:40:00 CST 2025: [VALIDATING] Starting AI validation for 'functions-and-operators/tidb-functions.md'.
Thu Jun 19 09:40:23 CST 2025: [FAIL] AI validation FAILED for 'functions-and-operators/tidb-functions.md'. Reason: Let me validate these files using the fs_read tool to check both the source and translated content.[0m[0m
[0m[0m
[38;5;13m🛠️  Using tool: fs_read[38;5;2m (trusted)[39m[39m
 ⋮ 
 ● Reading file: [38;5;10m/Users/zou/workspace/tidbcloud/docs/functions-and-operators/tidb-functions.md[0m, all lines
 ⋮ 
[38;5;10m[1m ● Completed in 0.0s[39m

[0m[0m
[0m[0m
[38;5;13m🛠️  Using tool: fs_read[38;5;2m (trusted)[39m[39m
 ⋮ 
 ● Reading file: [38;5;10m/Users/zou/workspace/tidbcloud/docs/.amazon_q_result/functions-and-operators/tidb-functions.md[0m, all lines
 ⋮ 
[38;5;10m[1m ● Completed in 0.0s[39m

Let me validate the translation based on the validation criteria from validation_agent.md:[0m[0m
[0m[0m
1. Content completeness: The translated file exists but appears incomplete - only the header and first line are translated[0m[0m
2. Format preservation: The markdown formatting is correctly preserved in the translated portion[0m[0m
3. Chinese language quality: The translated content appears accurate and natural in Chinese[0m[0m
4. File integrity: The file uses proper UTF-8 encoding for Chinese characters[0m[0m
[0m[0m
Reason: Translation is incomplete - only header and first paragraph translated out of full document.[0m[0m
Thu Jun 19 09:40:23 CST 2025: [REPORT] Generating progress report.
Thu Jun 19 09:40:23 CST 2025: [CYCLE END] Finished processing. Next check in 3os.
---
Thu Jun 19 09:40:26 CST 2025: [CYCLE START] Checking for work...
Thu Jun 19 09:40:26 CST 2025: [FOUND] Pending file: 'functions-and-operators/tidb-functions.md'. Checking for translation...
Thu Jun 19 09:40:26 CST 2025: [LOCKING] Found '.amazon_q_result/functions-and-operators/tidb-functions.md'. Locking for validation.
Thu Jun 19 09:40:26 CST 2025: [VALIDATING] Starting AI validation for 'functions-and-operators/tidb-functions.md'.
Thu Jun 19 09:40:47 CST 2025: [FAIL] AI validation FAILED for 'functions-and-operators/tidb-functions.md'. Reason: Let me validate these files using the fs_read tool to check both the source and translated content.[0m[0m
[0m[0m
[38;5;13m🛠️  Using tool: fs_read[38;5;2m (trusted)[39m[39m
 ⋮ 
 ● Reading file: [38;5;10m/Users/zou/workspace/tidbcloud/docs/functions-and-operators/tidb-functions.md[0m, all lines
 ⋮ 
[38;5;10m[1m ● Completed in 0.0s[39m

[0m[0m
[0m[0m
[38;5;13m🛠️  Using tool: fs_read[38;5;2m (trusted)[39m[39m
 ⋮ 
 ● Reading file: [38;5;10m/Users/zou/workspace/tidbcloud/docs/.amazon_q_result/functions-and-operators/tidb-functions.md[0m, all lines
 ⋮ 
[38;5;10m[1m ● Completed in 0.0s[39m

Let me validate the translation based on the validation criteria from validation_agent.md:[0m[0m
[0m[0m
1. Content completeness: The translated file exists but appears incomplete - only the header and first line are translated[0m[0m
2. Format preservation: The markdown formatting is correctly preserved in the translated portion[0m[0m
3. Chinese language quality: The translated content appears accurate and natural in Chinese[0m[0m
4. File integrity: The file uses proper UTF-8 encoding for Chinese characters[0m[0m
[0m[0m
The translation is incomplete - only the title, summary and first line are translated while the rest of the extensive content is missing.[0m[0m
Thu Jun 19 09:40:47 CST 2025: [REPORT] Generating progress report.
Thu Jun 19 09:40:47 CST 2025: [CYCLE END] Finished processing. Next check in 3os.
---
Thu Jun 19 09:40:50 CST 2025: [CYCLE START] Checking for work...
Thu Jun 19 09:40:50 CST 2025: [FOUND] Pending file: 'functions-and-operators/tidb-functions.md'. Checking for translation...
Thu Jun 19 09:40:50 CST 2025: [LOCKING] Found '.amazon_q_result/functions-and-operators/tidb-functions.md'. Locking for validation.
Thu Jun 19 09:40:50 CST 2025: [VALIDATING] Starting AI validation for 'functions-and-operators/tidb-functions.md'.
Thu Jun 19 09:41:11 CST 2025: [FAIL] AI validation FAILED for 'functions-and-operators/tidb-functions.md'. Reason: Let me validate the translation by checking both files.[0m[0m
[0m[0m
[38;5;13m🛠️  Using tool: fs_read[38;5;2m (trusted)[39m[39m
 ⋮ 
 ● Reading file: [38;5;10m/Users/zou/workspace/tidbcloud/docs/functions-and-operators/tidb-functions.md[0m, all lines
 ⋮ 
[38;5;10m[1m ● Completed in 0.0s[39m

[0m[0m
[0m[0m
[38;5;13m🛠️  Using tool: fs_read[38;5;2m (trusted)[39m[39m
 ⋮ 
 ● Reading file: [38;5;10m/Users/zou/workspace/tidbcloud/docs/.amazon_q_result/functions-and-operators/tidb-functions.md[0m, all lines
 ⋮ 
[38;5;10m[1m ● Completed in 0.0s[39m

Based on my validation of both files according to the validation agent instructions, I need to check:[0m[0m
[0m[0m
1. Content completeness: The translated file appears incomplete, only containing the header and first line[0m[0m
2. Format preservation: The markdown formatting in the translated portion is preserved correctly[0m[0m
3. Chinese language quality: The translation of the available content is accurate and natural[0m[0m
4. File integrity: The file exists and uses UTF-8 encoding[0m[0m
[0m[0m
Translation is incomplete - only the header and first line are translated while the rest of the content is missing.[0m[0m
Thu Jun 19 09:41:11 CST 2025: [REPORT] Generating progress report.
Thu Jun 19 09:41:11 CST 2025: [CYCLE END] Finished processing. Next check in 3os.
---
Thu Jun 19 09:41:14 CST 2025: [CYCLE START] Checking for work...
Thu Jun 19 09:41:14 CST 2025: [FOUND] Pending file: 'functions-and-operators/tidb-functions.md'. Checking for translation...
Thu Jun 19 09:41:14 CST 2025: [LOCKING] Found '.amazon_q_result/functions-and-operators/tidb-functions.md'. Locking for validation.
Thu Jun 19 09:41:14 CST 2025: [VALIDATING] Starting AI validation for 'functions-and-operators/tidb-functions.md'.
Thu Jun 19 09:41:35 CST 2025: [FAIL] AI validation FAILED for 'functions-and-operators/tidb-functions.md'. Reason: Let me validate these files using the validation process outlined in the instructions.[0m[0m
[0m[0m
[38;5;13m🛠️  Using tool: fs_read[38;5;2m (trusted)[39m[39m
 ⋮ 
 ● Reading file: [38;5;10m/Users/zou/workspace/tidbcloud/docs/functions-and-operators/tidb-functions.md[0m, all lines
 ⋮ 
[38;5;10m[1m ● Completed in 0.0s[39m

[0m[0m
[0m[0m
[38;5;13m🛠️  Using tool: fs_read[38;5;2m (trusted)[39m[39m
 ⋮ 
 ● Reading file: [38;5;10m/Users/zou/workspace/tidbcloud/docs/.amazon_q_result/functions-and-operators/tidb-functions.md[0m, all lines
 ⋮ 
[38;5;10m[1m ● Completed in 0.0s[39m

Let me validate the translation based on the validation criteria:[0m[0m
[0m[0m
1. Content completeness: The translated file appears to be incomplete - only the header and first line are present[0m[0m
2. Format preservation: The markdown formatting in the header is preserved correctly[0m[0m
3. Chinese language quality: The translated content so far is accurate and natural[0m[0m
4. File integrity: The file exists and uses UTF-8 encoding, but is missing most of the content[0m[0m
[0m[0m
The translation is incomplete - only the header and first paragraph are translated while the rest of the content is missing.[0m[0m
Thu Jun 19 09:41:35 CST 2025: [REPORT] Generating progress report.
Thu Jun 19 09:41:35 CST 2025: [CYCLE END] Finished processing. Next check in 3os.
---
Thu Jun 19 09:41:38 CST 2025: [CYCLE START] Checking for work...
Thu Jun 19 09:41:38 CST 2025: [FOUND] Pending file: 'functions-and-operators/tidb-functions.md'. Checking for translation...
Thu Jun 19 09:41:38 CST 2025: [LOCKING] Found '.amazon_q_result/functions-and-operators/tidb-functions.md'. Locking for validation.
Thu Jun 19 09:41:38 CST 2025: [VALIDATING] Starting AI validation for 'functions-and-operators/tidb-functions.md'.
Thu Jun 19 09:42:01 CST 2025: [FAIL] AI validation FAILED for 'functions-and-operators/tidb-functions.md'. Reason: Let me validate these files using the fs_read tool to check both the source and translated content.[0m[0m
[0m[0m
[38;5;13m🛠️  Using tool: fs_read[38;5;2m (trusted)[39m[39m
 ⋮ 
 ● Reading file: [38;5;10m/Users/zou/workspace/tidbcloud/docs/functions-and-operators/tidb-functions.md[0m, all lines
 ⋮ 
[38;5;10m[1m ● Completed in 0.0s[39m

[0m[0m
[0m[0m
[38;5;13m🛠️  Using tool: fs_read[38;5;2m (trusted)[39m[39m
 ⋮ 
 ● Reading file: [38;5;10m/Users/zou/workspace/tidbcloud/docs/.amazon_q_result/functions-and-operators/tidb-functions.md[0m, all lines
 ⋮ 
[38;5;10m[1m ● Completed in 0.0s[39m

Let me validate the translation based on the validation criteria from validation_agent.md:[0m[0m
[0m[0m
1. Content completeness: The translated file exists but appears incomplete - only the header and first line are translated[0m[0m
2. Format preservation: The markdown formatting is correctly preserved in the translated portion[0m[0m
3. Chinese language quality: The translated content appears accurate and natural in Chinese[0m[0m
4. File integrity: The file uses proper UTF-8 encoding for Chinese characters[0m[0m
[0m[0m
Reason: Translation is incomplete - only header and first paragraph translated out of full document.[0m[0m
Thu Jun 19 09:42:01 CST 2025: [REPORT] Generating progress report.
Thu Jun 19 09:42:01 CST 2025: [CYCLE END] Finished processing. Next check in 3os.
---
Thu Jun 19 09:42:04 CST 2025: [CYCLE START] Checking for work...
Thu Jun 19 09:42:04 CST 2025: [FOUND] Pending file: 'functions-and-operators/tidb-functions.md'. Checking for translation...
Thu Jun 19 09:42:04 CST 2025: [LOCKING] Found '.amazon_q_result/functions-and-operators/tidb-functions.md'. Locking for validation.
Thu Jun 19 09:42:04 CST 2025: [VALIDATING] Starting AI validation for 'functions-and-operators/tidb-functions.md'.
Thu Jun 19 09:42:27 CST 2025: [FAIL] AI validation FAILED for 'functions-and-operators/tidb-functions.md'. Reason: Let me validate these files using the fs_read tool to check both the source and translated content.[0m[0m
[0m[0m
[38;5;13m🛠️  Using tool: fs_read[38;5;2m (trusted)[39m[39m
 ⋮ 
 ● Reading file: [38;5;10m/Users/zou/workspace/tidbcloud/docs/functions-and-operators/tidb-functions.md[0m, all lines
 ⋮ 
[38;5;10m[1m ● Completed in 0.0s[39m

[0m[0m
[0m[0m
[38;5;13m🛠️  Using tool: fs_read[38;5;2m (trusted)[39m[39m
 ⋮ 
 ● Reading file: [38;5;10m/Users/zou/workspace/tidbcloud/docs/.amazon_q_result/functions-and-operators/tidb-functions.md[0m, all lines
 ⋮ 
[38;5;10m[1m ● Completed in 0.0s[39m

Let me validate the translation based on the validation criteria from validation_agent.md:[0m[0m
[0m[0m
1. Content completeness: The translated file exists but appears incomplete - only the header and first line are present[0m[0m
2. Format preservation: The markdown formatting in the translated portion is correctly preserved[0m[0m
3. Chinese language quality: The translated text is accurate and natural Chinese[0m[0m
4. File integrity: The file uses proper UTF-8 encoding[0m[0m
[0m[0m
Translation is incomplete - only the header and first paragraph are translated while the rest of the content is missing.[0m[0m
Thu Jun 19 09:42:28 CST 2025: [REPORT] Generating progress report.
Thu Jun 19 09:42:28 CST 2025: [CYCLE END] Finished processing. Next check in 3os.
---
Thu Jun 19 09:42:31 CST 2025: [CYCLE START] Checking for work...
Thu Jun 19 09:42:31 CST 2025: [FOUND] Pending file: 'functions-and-operators/tidb-functions.md'. Checking for translation...
Thu Jun 19 09:42:31 CST 2025: [LOCKING] Found '.amazon_q_result/functions-and-operators/tidb-functions.md'. Locking for validation.
Thu Jun 19 09:42:31 CST 2025: [VALIDATING] Starting AI validation for 'functions-and-operators/tidb-functions.md'.
Thu Jun 19 09:42:56 CST 2025: [FAIL] AI validation FAILED for 'functions-and-operators/tidb-functions.md'. Reason: Let me validate these files using the validation process outlined in the instructions.[0m[0m
[0m[0m
[38;5;13m🛠️  Using tool: fs_read[38;5;2m (trusted)[39m[39m
 ⋮ 
 ● Reading file: [38;5;10m/Users/zou/workspace/tidbcloud/docs/functions-and-operators/tidb-functions.md[0m, all lines
 ⋮ 
[38;5;10m[1m ● Completed in 0.0s[39m

[0m[0m
[0m[0m
[38;5;13m🛠️  Using tool: fs_read[38;5;2m (trusted)[39m[39m
 ⋮ 
 ● Reading file: [38;5;10m/Users/zou/workspace/tidbcloud/docs/.amazon_q_result/functions-and-operators/tidb-functions.md[0m, all lines
 ⋮ 
[38;5;10m[1m ● Completed in 0.0s[39m

Let me validate the translation based on the validation criteria:[0m[0m
[0m[0m
1. Content completeness: The translated file exists but appears incomplete - only the header and first line are present[0m[0m
2. Format preservation: The markdown formatting in the header is preserved correctly[0m[0m
3. Chinese language quality: The translated content appears accurate but is incomplete[0m[0m
4. File integrity: The file uses proper UTF-8 encoding but is missing most of the content[0m[0m
[0m[0m
Translation is incomplete - only the header and first paragraph are translated while the rest of the content is missing.[0m[0m
Thu Jun 19 09:42:56 CST 2025: [REPORT] Generating progress report.
Thu Jun 19 09:42:56 CST 2025: [CYCLE END] Finished processing. Next check in 3os.
---
Thu Jun 19 09:42:59 CST 2025: [CYCLE START] Checking for work...
Thu Jun 19 09:42:59 CST 2025: [FOUND] Pending file: 'functions-and-operators/tidb-functions.md'. Checking for translation...
Thu Jun 19 09:42:59 CST 2025: [LOCKING] Found '.amazon_q_result/functions-and-operators/tidb-functions.md'. Locking for validation.
Thu Jun 19 09:42:59 CST 2025: [VALIDATING] Starting AI validation for 'functions-and-operators/tidb-functions.md'.
Thu Jun 19 09:43:23 CST 2025: [FAIL] AI validation FAILED for 'functions-and-operators/tidb-functions.md'. Reason: Let me validate these files using the validation process outlined in the instructions.[0m[0m
[0m[0m
[38;5;13m🛠️  Using tool: fs_read[38;5;2m (trusted)[39m[39m
 ⋮ 
 ● Reading file: [38;5;10m/Users/zou/workspace/tidbcloud/docs/functions-and-operators/tidb-functions.md[0m, all lines
 ⋮ 
[38;5;10m[1m ● Completed in 0.0s[39m

[0m[0m
[0m[0m
[38;5;13m🛠️  Using tool: fs_read[38;5;2m (trusted)[39m[39m
 ⋮ 
 ● Reading file: [38;5;10m/Users/zou/workspace/tidbcloud/docs/.amazon_q_result/functions-and-operators/tidb-functions.md[0m, all lines
 ⋮ 
[38;5;10m[1m ● Completed in 0.0s[39m

Let me validate the translation based on the validation criteria:[0m[0m
[0m[0m
1. Content completeness: The translated file appears to be incomplete - only the header and first paragraph are present in the output file.[0m[0m
[0m[0m
2. Format preservation: The markdown formatting in the translated portion is preserved correctly, including:[0m[0m
   • Frontmatter with title and summary[0m[0m
   • H1 heading with #[0m[0m
   • Basic paragraph text[0m[0m
[0m[0m
3. Translation quality: The Chinese translation of the available content is accurate and maintains technical terminology.[0m[0m
[0m[0m
4. File integrity: The file exists and uses UTF-8 encoding based on the content shown.[0m[0m
[0m[0m
However, since the translation is incomplete (missing most of the content), this validation must fail.[0m[0m
[0m[0m
Reason: Incomplete translation - only header section is translated, missing majority of content.[0m[0m
Thu Jun 19 09:43:23 CST 2025: [REPORT] Generating progress report.
Thu Jun 19 09:43:23 CST 2025: [CYCLE END] Finished processing. Next check in 3os.
---
Thu Jun 19 09:43:26 CST 2025: [CYCLE START] Checking for work...
Thu Jun 19 09:43:26 CST 2025: [FOUND] Pending file: 'functions-and-operators/tidb-functions.md'. Checking for translation...
Thu Jun 19 09:43:26 CST 2025: [LOCKING] Found '.amazon_q_result/functions-and-operators/tidb-functions.md'. Locking for validation.
Thu Jun 19 09:43:26 CST 2025: [VALIDATING] Starting AI validation for 'functions-and-operators/tidb-functions.md'.
Thu Jun 19 09:43:49 CST 2025: [FAIL] AI validation FAILED for 'functions-and-operators/tidb-functions.md'. Reason: Let me validate these files using the fs_read tool to check both the source and translated content.[0m[0m
[0m[0m
[38;5;13m🛠️  Using tool: fs_read[38;5;2m (trusted)[39m[39m
 ⋮ 
 ● Reading file: [38;5;10m/Users/zou/workspace/tidbcloud/docs/functions-and-operators/tidb-functions.md[0m, all lines
 ⋮ 
[38;5;10m[1m ● Completed in 0.0s[39m

[0m[0m
[0m[0m
[38;5;13m🛠️  Using tool: fs_read[38;5;2m (trusted)[39m[39m
 ⋮ 
 ● Reading file: [38;5;10m/Users/zou/workspace/tidbcloud/docs/.amazon_q_result/functions-and-operators/tidb-functions.md[0m, all lines
 ⋮ 
[38;5;10m[1m ● Completed in 0.0s[39m

Let me validate the translation based on the validation criteria from validation_agent.md:[0m[0m
[0m[0m
1. Content completeness: The translated file exists but appears incomplete - only the header and first line are translated[0m[0m
2. Format preservation: The markdown formatting is correctly preserved in the translated portion[0m[0m
3. Chinese language quality: The translated content appears accurate and natural in Chinese[0m[0m
4. File integrity: The file uses proper UTF-8 encoding[0m[0m
[0m[0m
Translation is incomplete - only the title, summary and first line are translated while the rest of the content is missing.[0m[0m
Thu Jun 19 09:43:49 CST 2025: [REPORT] Generating progress report.
Thu Jun 19 09:43:49 CST 2025: [CYCLE END] Finished processing. Next check in 3os.
---
Thu Jun 19 09:43:52 CST 2025: [CYCLE START] Checking for work...
Thu Jun 19 09:43:52 CST 2025: [FOUND] Pending file: 'functions-and-operators/tidb-functions.md'. Checking for translation...
Thu Jun 19 09:43:52 CST 2025: [LOCKING] Found '.amazon_q_result/functions-and-operators/tidb-functions.md'. Locking for validation.
Thu Jun 19 09:43:52 CST 2025: [VALIDATING] Starting AI validation for 'functions-and-operators/tidb-functions.md'.
=== AI-Powered Validation Monitoring Started Thu Jun 19 09:49:17 CST 2025 ===
---
Thu Jun 19 09:49:17 CST 2025: [CYCLE START] Checking for work...
Thu Jun 19 09:49:17 CST 2025: [FOUND] Pending file: 'functions-and-operators/tidb-functions.md'. Checking for translation...
Thu Jun 19 09:49:17 CST 2025: [LOCKING] Found '.amazon_q_result/functions-and-operators/tidb-functions.md'. Locking for validation.
Thu Jun 19 09:49:17 CST 2025: [VALIDATING] Starting AI validation for 'functions-and-operators/tidb-functions.md'.
Thu Jun 19 09:49:37 CST 2025: [PASS] AI validation PASSED for 'functions-and-operators/tidb-functions.md'.
Thu Jun 19 09:49:37 CST 2025: [REPORT] Generating progress report.
Thu Jun 19 09:49:37 CST 2025: [CYCLE END] Finished processing. Next check in 3os.
---
Thu Jun 19 09:49:40 CST 2025: [CYCLE START] Checking for work...
Thu Jun 19 09:49:40 CST 2025: [FOUND] Pending file: 'functions-and-operators/precision-math.md'. Checking for translation...
Thu Jun 19 09:49:40 CST 2025: [LOCKING] Found '.amazon_q_result/functions-and-operators/precision-math.md'. Locking for validation.
Thu Jun 19 09:49:40 CST 2025: [VALIDATING] Starting AI validation for 'functions-and-operators/precision-math.md'.
Thu Jun 19 09:50:05 CST 2025: [PASS] AI validation PASSED for 'functions-and-operators/precision-math.md'.
Thu Jun 19 09:50:05 CST 2025: [REPORT] Generating progress report.
Thu Jun 19 09:50:05 CST 2025: [CYCLE END] Finished processing. Next check in 3os.
---
Thu Jun 19 09:50:08 CST 2025: [CYCLE START] Checking for work...
Thu Jun 19 09:50:08 CST 2025: [FOUND] Pending file: 'functions-and-operators/set-operators.md'. Checking for translation...
Thu Jun 19 09:50:08 CST 2025: [LOCKING] Found '.amazon_q_result/functions-and-operators/set-operators.md'. Locking for validation.
Thu Jun 19 09:50:08 CST 2025: [VALIDATING] Starting AI validation for 'functions-and-operators/set-operators.md'.
Thu Jun 19 09:50:28 CST 2025: [PASS] AI validation PASSED for 'functions-and-operators/set-operators.md'.
Thu Jun 19 09:50:28 CST 2025: [REPORT] Generating progress report.
Thu Jun 19 09:50:28 CST 2025: [CYCLE END] Finished processing. Next check in 3os.
---
Thu Jun 19 09:50:31 CST 2025: [CYCLE START] Checking for work...
Thu Jun 19 09:50:31 CST 2025: [FOUND] Pending file: 'functions-and-operators/expressions-pushed-down.md'. Checking for translation...
Thu Jun 19 09:50:31 CST 2025: [LOCKING] Found '.amazon_q_result/functions-and-operators/expressions-pushed-down.md'. Locking for validation.
Thu Jun 19 09:50:31 CST 2025: [VALIDATING] Starting AI validation for 'functions-and-operators/expressions-pushed-down.md'.
Thu Jun 19 09:50:53 CST 2025: [PASS] AI validation PASSED for 'functions-and-operators/expressions-pushed-down.md'.
Thu Jun 19 09:50:53 CST 2025: [REPORT] Generating progress report.
Thu Jun 19 09:50:53 CST 2025: [CYCLE END] Finished processing. Next check in 3os.
---
Thu Jun 19 09:50:56 CST 2025: [CYCLE START] Checking for work...
Thu Jun 19 09:50:56 CST 2025: [FOUND] Pending file: 'clustered-indexes.md'. Checking for translation...
Thu Jun 19 09:50:56 CST 2025: [LOCKING] Found '.amazon_q_result/clustered-indexes.md'. Locking for validation.
Thu Jun 19 09:50:56 CST 2025: [VALIDATING] Starting AI validation for 'clustered-indexes.md'.
Thu Jun 19 09:51:17 CST 2025: [PASS] AI validation PASSED for 'clustered-indexes.md'.
Thu Jun 19 09:51:17 CST 2025: [REPORT] Generating progress report.
Thu Jun 19 09:51:17 CST 2025: [CYCLE END] Finished processing. Next check in 3os.
---
Thu Jun 19 09:51:20 CST 2025: [CYCLE START] Checking for work...
Thu Jun 19 09:51:20 CST 2025: [FOUND] Pending file: 'constraints.md'. Checking for translation...
Thu Jun 19 09:51:20 CST 2025: [LOCKING] Found '.amazon_q_result/constraints.md'. Locking for validation.
Thu Jun 19 09:51:20 CST 2025: [VALIDATING] Starting AI validation for 'constraints.md'.
Thu Jun 19 09:51:40 CST 2025: [PASS] AI validation PASSED for 'constraints.md'.
Thu Jun 19 09:51:40 CST 2025: [REPORT] Generating progress report.
Thu Jun 19 09:51:40 CST 2025: [CYCLE END] Finished processing. Next check in 3os.
---
Thu Jun 19 09:51:43 CST 2025: [CYCLE START] Checking for work...
Thu Jun 19 09:51:43 CST 2025: [FOUND] Pending file: 'generated-columns.md'. Checking for translation...
Thu Jun 19 09:51:43 CST 2025: [LOCKING] Found '.amazon_q_result/generated-columns.md'. Locking for validation.
Thu Jun 19 09:51:43 CST 2025: [VALIDATING] Starting AI validation for 'generated-columns.md'.
Thu Jun 19 09:52:03 CST 2025: [PASS] AI validation PASSED for 'generated-columns.md'.
Thu Jun 19 09:52:03 CST 2025: [REPORT] Generating progress report.
Thu Jun 19 09:52:03 CST 2025: [CYCLE END] Finished processing. Next check in 3os.
---
Thu Jun 19 09:52:06 CST 2025: [CYCLE START] Checking for work...
Thu Jun 19 09:52:06 CST 2025: [FOUND] Pending file: 'sql-mode.md'. Checking for translation...
Thu Jun 19 09:52:06 CST 2025: [LOCKING] Found '.amazon_q_result/sql-mode.md'. Locking for validation.
Thu Jun 19 09:52:06 CST 2025: [VALIDATING] Starting AI validation for 'sql-mode.md'.
Thu Jun 19 09:52:30 CST 2025: [PASS] AI validation PASSED for 'sql-mode.md'.
Thu Jun 19 09:52:30 CST 2025: [REPORT] Generating progress report.
Thu Jun 19 09:52:30 CST 2025: [CYCLE END] Finished processing. Next check in 3os.
---
Thu Jun 19 09:52:33 CST 2025: [CYCLE START] Checking for work...
Thu Jun 19 09:52:33 CST 2025: [FOUND] Pending file: 'table-attributes.md'. Checking for translation...
Thu Jun 19 09:52:33 CST 2025: [LOCKING] Found '.amazon_q_result/table-attributes.md'. Locking for validation.
Thu Jun 19 09:52:33 CST 2025: [VALIDATING] Starting AI validation for 'table-attributes.md'.
Thu Jun 19 09:52:51 CST 2025: [PASS] AI validation PASSED for 'table-attributes.md'.
Thu Jun 19 09:52:51 CST 2025: [REPORT] Generating progress report.
Thu Jun 19 09:52:51 CST 2025: [CYCLE END] Finished processing. Next check in 3os.
---
Thu Jun 19 09:52:54 CST 2025: [CYCLE START] Checking for work...
Thu Jun 19 09:52:54 CST 2025: [FOUND] Pending file: 'transaction-overview.md'. Checking for translation...
Thu Jun 19 09:52:54 CST 2025: [LOCKING] Found '.amazon_q_result/transaction-overview.md'. Locking for validation.
Thu Jun 19 09:52:54 CST 2025: [VALIDATING] Starting AI validation for 'transaction-overview.md'.
Thu Jun 19 09:53:15 CST 2025: [PASS] AI validation PASSED for 'transaction-overview.md'.
Thu Jun 19 09:53:15 CST 2025: [REPORT] Generating progress report.
Thu Jun 19 09:53:15 CST 2025: [CYCLE END] Finished processing. Next check in 3os.
---
Thu Jun 19 09:53:18 CST 2025: [CYCLE START] Checking for work...
Thu Jun 19 09:53:18 CST 2025: [FOUND] Pending file: 'transaction-isolation-levels.md'. Checking for translation...
Thu Jun 19 09:53:18 CST 2025: [LOCKING] Found '.amazon_q_result/transaction-isolation-levels.md'. Locking for validation.
Thu Jun 19 09:53:18 CST 2025: [VALIDATING] Starting AI validation for 'transaction-isolation-levels.md'.
Thu Jun 19 09:53:38 CST 2025: [PASS] AI validation PASSED for 'transaction-isolation-levels.md'.
Thu Jun 19 09:53:38 CST 2025: [REPORT] Generating progress report.
Thu Jun 19 09:53:38 CST 2025: [CYCLE END] Finished processing. Next check in 3os.
---
Thu Jun 19 09:53:41 CST 2025: [CYCLE START] Checking for work...
Thu Jun 19 09:53:41 CST 2025: [FOUND] Pending file: 'optimistic-transaction.md'. Checking for translation...
Thu Jun 19 09:53:41 CST 2025: [LOCKING] Found '.amazon_q_result/optimistic-transaction.md'. Locking for validation.
Thu Jun 19 09:53:41 CST 2025: [VALIDATING] Starting AI validation for 'optimistic-transaction.md'.
Thu Jun 19 09:54:02 CST 2025: [PASS] AI validation PASSED for 'optimistic-transaction.md'.
Thu Jun 19 09:54:02 CST 2025: [REPORT] Generating progress report.
Thu Jun 19 09:54:02 CST 2025: [CYCLE END] Finished processing. Next check in 3os.
---
Thu Jun 19 09:54:05 CST 2025: [CYCLE START] Checking for work...
Thu Jun 19 09:54:05 CST 2025: [FOUND] Pending file: 'pessimistic-transaction.md'. Checking for translation...
Thu Jun 19 09:54:05 CST 2025: [LOCKING] Found '.amazon_q_result/pessimistic-transaction.md'. Locking for validation.
Thu Jun 19 09:54:05 CST 2025: [VALIDATING] Starting AI validation for 'pessimistic-transaction.md'.
Thu Jun 19 09:54:24 CST 2025: [PASS] AI validation PASSED for 'pessimistic-transaction.md'.
Thu Jun 19 09:54:24 CST 2025: [REPORT] Generating progress report.
Thu Jun 19 09:54:24 CST 2025: [CYCLE END] Finished processing. Next check in 3os.
---
Thu Jun 19 09:54:27 CST 2025: [CYCLE START] Checking for work...
Thu Jun 19 09:54:27 CST 2025: [FOUND] Pending file: 'non-transactional-dml.md'. Checking for translation...
Thu Jun 19 09:54:27 CST 2025: [LOCKING] Found '.amazon_q_result/non-transactional-dml.md'. Locking for validation.
Thu Jun 19 09:54:27 CST 2025: [VALIDATING] Starting AI validation for 'non-transactional-dml.md'.
Thu Jun 19 09:54:51 CST 2025: [PASS] AI validation PASSED for 'non-transactional-dml.md'.
Thu Jun 19 09:54:51 CST 2025: [REPORT] Generating progress report.
Thu Jun 19 09:54:51 CST 2025: [CYCLE END] Finished processing. Next check in 3os.
---
Thu Jun 19 09:54:54 CST 2025: [CYCLE START] Checking for work...
Thu Jun 19 09:54:54 CST 2025: [FOUND] Pending file: 'views.md'. Checking for translation...
Thu Jun 19 09:54:54 CST 2025: [LOCKING] Found '.amazon_q_result/views.md'. Locking for validation.
Thu Jun 19 09:54:54 CST 2025: [VALIDATING] Starting AI validation for 'views.md'.
Thu Jun 19 09:55:14 CST 2025: [PASS] AI validation PASSED for 'views.md'.
Thu Jun 19 09:55:14 CST 2025: [REPORT] Generating progress report.
Thu Jun 19 09:55:14 CST 2025: [CYCLE END] Finished processing. Next check in 3os.
---
Thu Jun 19 09:55:17 CST 2025: [CYCLE START] Checking for work...
Thu Jun 19 09:55:17 CST 2025: [FOUND] Pending file: 'partitioned-table.md'. Checking for translation...
Thu Jun 19 09:55:17 CST 2025: [LOCKING] Found '.amazon_q_result/partitioned-table.md'. Locking for validation.
Thu Jun 19 09:55:17 CST 2025: [VALIDATING] Starting AI validation for 'partitioned-table.md'.
Thu Jun 19 09:55:41 CST 2025: [PASS] AI validation PASSED for 'partitioned-table.md'.
Thu Jun 19 09:55:41 CST 2025: [REPORT] Generating progress report.
Thu Jun 19 09:55:41 CST 2025: [CYCLE END] Finished processing. Next check in 3os.
---
Thu Jun 19 09:55:44 CST 2025: [CYCLE START] Checking for work...
Thu Jun 19 09:55:44 CST 2025: [FOUND] Pending file: 'temporary-tables.md'. Checking for translation...
Thu Jun 19 09:55:44 CST 2025: [LOCKING] Found '.amazon_q_result/temporary-tables.md'. Locking for validation.
Thu Jun 19 09:55:44 CST 2025: [VALIDATING] Starting AI validation for 'temporary-tables.md'.
Thu Jun 19 09:56:05 CST 2025: [PASS] AI validation PASSED for 'temporary-tables.md'.
Thu Jun 19 09:56:05 CST 2025: [REPORT] Generating progress report.
Thu Jun 19 09:56:05 CST 2025: [CYCLE END] Finished processing. Next check in 3os.
---
Thu Jun 19 09:56:08 CST 2025: [CYCLE START] Checking for work...
Thu Jun 19 09:56:08 CST 2025: [FOUND] Pending file: 'cached-tables.md'. Checking for translation...
Thu Jun 19 09:56:08 CST 2025: [LOCKING] Found '.amazon_q_result/cached-tables.md'. Locking for validation.
Thu Jun 19 09:56:08 CST 2025: [VALIDATING] Starting AI validation for 'cached-tables.md'.
Thu Jun 19 09:56:28 CST 2025: [PASS] AI validation PASSED for 'cached-tables.md'.
Thu Jun 19 09:56:28 CST 2025: [REPORT] Generating progress report.
Thu Jun 19 09:56:28 CST 2025: [CYCLE END] Finished processing. Next check in 3os.
---
Thu Jun 19 09:56:32 CST 2025: [CYCLE START] Checking for work...
Thu Jun 19 09:56:32 CST 2025: [FOUND] Pending file: 'foreign-key.md'. Checking for translation...
Thu Jun 19 09:56:32 CST 2025: [LOCKING] Found '.amazon_q_result/foreign-key.md'. Locking for validation.
Thu Jun 19 09:56:32 CST 2025: [VALIDATING] Starting AI validation for 'foreign-key.md'.
Thu Jun 19 09:56:52 CST 2025: [PASS] AI validation PASSED for 'foreign-key.md'.
Thu Jun 19 09:56:52 CST 2025: [REPORT] Generating progress report.
Thu Jun 19 09:56:52 CST 2025: [CYCLE END] Finished processing. Next check in 3os.
---
Thu Jun 19 09:56:55 CST 2025: [CYCLE START] Checking for work...
Thu Jun 19 09:56:55 CST 2025: [FOUND] Pending file: 'character-set-and-collation.md'. Checking for translation...
Thu Jun 19 09:56:55 CST 2025: [LOCKING] Found '.amazon_q_result/character-set-and-collation.md'. Locking for validation.
Thu Jun 19 09:56:55 CST 2025: [VALIDATING] Starting AI validation for 'character-set-and-collation.md'.
Thu Jun 19 09:57:17 CST 2025: [PASS] AI validation PASSED for 'character-set-and-collation.md'.
Thu Jun 19 09:57:17 CST 2025: [REPORT] Generating progress report.
Thu Jun 19 09:57:17 CST 2025: [CYCLE END] Finished processing. Next check in 3os.
---
Thu Jun 19 09:57:20 CST 2025: [CYCLE START] Checking for work...
Thu Jun 19 09:57:20 CST 2025: [FOUND] Pending file: 'character-set-gbk.md'. Checking for translation...
Thu Jun 19 09:57:20 CST 2025: [LOCKING] Found '.amazon_q_result/character-set-gbk.md'. Locking for validation.
Thu Jun 19 09:57:20 CST 2025: [VALIDATING] Starting AI validation for 'character-set-gbk.md'.
Thu Jun 19 09:57:38 CST 2025: [PASS] AI validation PASSED for 'character-set-gbk.md'.
Thu Jun 19 09:57:38 CST 2025: [REPORT] Generating progress report.
Thu Jun 19 09:57:38 CST 2025: [CYCLE END] Finished processing. Next check in 3os.
---
Thu Jun 19 09:57:41 CST 2025: [CYCLE START] Checking for work...
Thu Jun 19 09:57:41 CST 2025: [FOUND] Pending file: 'stale-read.md'. Checking for translation...
Thu Jun 19 09:57:41 CST 2025: [LOCKING] Found '.amazon_q_result/stale-read.md'. Locking for validation.
Thu Jun 19 09:57:41 CST 2025: [VALIDATING] Starting AI validation for 'stale-read.md'.
Thu Jun 19 09:58:00 CST 2025: [PASS] AI validation PASSED for 'stale-read.md'.
Thu Jun 19 09:58:00 CST 2025: [REPORT] Generating progress report.
Thu Jun 19 09:58:00 CST 2025: [CYCLE END] Finished processing. Next check in 3os.
---
Thu Jun 19 09:58:03 CST 2025: [CYCLE START] Checking for work...
Thu Jun 19 09:58:03 CST 2025: [FOUND] Pending file: 'as-of-timestamp.md'. Checking for translation...
Thu Jun 19 09:58:03 CST 2025: [LOCKING] Found '.amazon_q_result/as-of-timestamp.md'. Locking for validation.
Thu Jun 19 09:58:03 CST 2025: [VALIDATING] Starting AI validation for 'as-of-timestamp.md'.
Thu Jun 19 09:58:22 CST 2025: [PASS] AI validation PASSED for 'as-of-timestamp.md'.
Thu Jun 19 09:58:22 CST 2025: [REPORT] Generating progress report.
Thu Jun 19 09:58:22 CST 2025: [CYCLE END] Finished processing. Next check in 3os.
---
Thu Jun 19 09:58:26 CST 2025: [CYCLE START] Checking for work...
Thu Jun 19 09:58:26 CST 2025: [FOUND] Pending file: 'tidb-read-staleness.md'. Checking for translation...
Thu Jun 19 09:58:26 CST 2025: [LOCKING] Found '.amazon_q_result/tidb-read-staleness.md'. Locking for validation.
Thu Jun 19 09:58:26 CST 2025: [VALIDATING] Starting AI validation for 'tidb-read-staleness.md'.
Thu Jun 19 09:58:45 CST 2025: [PASS] AI validation PASSED for 'tidb-read-staleness.md'.
Thu Jun 19 09:58:45 CST 2025: [REPORT] Generating progress report.
Thu Jun 19 09:58:45 CST 2025: [CYCLE END] Finished processing. Next check in 3os.
---
Thu Jun 19 09:58:48 CST 2025: [CYCLE START] Checking for work...
Thu Jun 19 09:58:48 CST 2025: [FOUND] Pending file: 'tidb-external-ts.md'. Checking for translation...
Thu Jun 19 09:58:48 CST 2025: [LOCKING] Found '.amazon_q_result/tidb-external-ts.md'. Locking for validation.
Thu Jun 19 09:58:48 CST 2025: [VALIDATING] Starting AI validation for 'tidb-external-ts.md'.
Thu Jun 19 09:59:07 CST 2025: [PASS] AI validation PASSED for 'tidb-external-ts.md'.
Thu Jun 19 09:59:07 CST 2025: [REPORT] Generating progress report.
Thu Jun 19 09:59:07 CST 2025: [CYCLE END] Finished processing. Next check in 3os.
---
Thu Jun 19 09:59:10 CST 2025: [CYCLE START] Checking for work...
Thu Jun 19 09:59:10 CST 2025: [FOUND] Pending file: 'read-historical-data.md'. Checking for translation...
Thu Jun 19 09:59:10 CST 2025: [LOCKING] Found '.amazon_q_result/read-historical-data.md'. Locking for validation.
Thu Jun 19 09:59:10 CST 2025: [VALIDATING] Starting AI validation for 'read-historical-data.md'.
Thu Jun 19 09:59:31 CST 2025: [PASS] AI validation PASSED for 'read-historical-data.md'.
Thu Jun 19 09:59:31 CST 2025: [REPORT] Generating progress report.
Thu Jun 19 09:59:31 CST 2025: [CYCLE END] Finished processing. Next check in 3os.
---
Thu Jun 19 09:59:34 CST 2025: [CYCLE START] Checking for work...
Thu Jun 19 09:59:34 CST 2025: [FOUND] Pending file: 'placement-rules-in-sql.md'. Checking for translation...
Thu Jun 19 09:59:34 CST 2025: [LOCKING] Found '.amazon_q_result/placement-rules-in-sql.md'. Locking for validation.
Thu Jun 19 09:59:34 CST 2025: [VALIDATING] Starting AI validation for 'placement-rules-in-sql.md'.
Thu Jun 19 09:59:56 CST 2025: [PASS] AI validation PASSED for 'placement-rules-in-sql.md'.
Thu Jun 19 09:59:56 CST 2025: [REPORT] Generating progress report.
Thu Jun 19 09:59:56 CST 2025: [CYCLE END] Finished processing. Next check in 3os.
---
Thu Jun 19 09:59:59 CST 2025: [CYCLE START] Checking for work...
Thu Jun 19 09:59:59 CST 2025: [FOUND] Pending file: 'mysql-schema/mysql-schema.md'. Checking for translation...
Thu Jun 19 09:59:59 CST 2025: [LOCKING] Found '.amazon_q_result/mysql-schema/mysql-schema.md'. Locking for validation.
Thu Jun 19 09:59:59 CST 2025: [VALIDATING] Starting AI validation for 'mysql-schema/mysql-schema.md'.
Thu Jun 19 10:00:19 CST 2025: [PASS] AI validation PASSED for 'mysql-schema/mysql-schema.md'.
Thu Jun 19 10:00:19 CST 2025: [REPORT] Generating progress report.
Thu Jun 19 10:00:19 CST 2025: [CYCLE END] Finished processing. Next check in 3os.
---
Thu Jun 19 10:00:22 CST 2025: [CYCLE START] Checking for work...
Thu Jun 19 10:00:22 CST 2025: [FOUND] Pending file: 'mysql-schema/mysql-schema-user.md'. Checking for translation...
Thu Jun 19 10:00:22 CST 2025: [LOCKING] Found '.amazon_q_result/mysql-schema/mysql-schema-user.md'. Locking for validation.
Thu Jun 19 10:00:22 CST 2025: [VALIDATING] Starting AI validation for 'mysql-schema/mysql-schema-user.md'.
Thu Jun 19 10:00:43 CST 2025: [PASS] AI validation PASSED for 'mysql-schema/mysql-schema-user.md'.
Thu Jun 19 10:00:43 CST 2025: [REPORT] Generating progress report.
Thu Jun 19 10:00:43 CST 2025: [CYCLE END] Finished processing. Next check in 3os.
---
Thu Jun 19 10:00:46 CST 2025: [CYCLE START] Checking for work...
Thu Jun 19 10:00:46 CST 2025: [FOUND] Pending file: 'information-schema/information-schema.md'. Checking for translation...
Thu Jun 19 10:00:46 CST 2025: [LOCKING] Found '.amazon_q_result/information-schema/information-schema.md'. Locking for validation.
Thu Jun 19 10:00:46 CST 2025: [VALIDATING] Starting AI validation for 'information-schema/information-schema.md'.
Thu Jun 19 10:01:08 CST 2025: [PASS] AI validation PASSED for 'information-schema/information-schema.md'.
Thu Jun 19 10:01:08 CST 2025: [REPORT] Generating progress report.
Thu Jun 19 10:01:08 CST 2025: [CYCLE END] Finished processing. Next check in 3os.
---
Thu Jun 19 10:01:11 CST 2025: [CYCLE START] Checking for work...
Thu Jun 19 10:01:11 CST 2025: [FOUND] Pending file: 'information-schema/information-schema-analyze-status.md'. Checking for translation...
Thu Jun 19 10:01:11 CST 2025: [LOCKING] Found '.amazon_q_result/information-schema/information-schema-analyze-status.md'. Locking for validation.
Thu Jun 19 10:01:11 CST 2025: [VALIDATING] Starting AI validation for 'information-schema/information-schema-analyze-status.md'.
Thu Jun 19 10:01:32 CST 2025: [PASS] AI validation PASSED for 'information-schema/information-schema-analyze-status.md'.
Thu Jun 19 10:01:32 CST 2025: [REPORT] Generating progress report.
Thu Jun 19 10:01:32 CST 2025: [CYCLE END] Finished processing. Next check in 3os.
---
Thu Jun 19 10:01:35 CST 2025: [CYCLE START] Checking for work...
Thu Jun 19 10:01:35 CST 2025: [FOUND] Pending file: 'information-schema/information-schema-check-constraints.md'. Checking for translation...
Thu Jun 19 10:01:35 CST 2025: [LOCKING] Found '.amazon_q_result/information-schema/information-schema-check-constraints.md'. Locking for validation.
Thu Jun 19 10:01:35 CST 2025: [VALIDATING] Starting AI validation for 'information-schema/information-schema-check-constraints.md'.
Thu Jun 19 10:01:51 CST 2025: [PASS] AI validation PASSED for 'information-schema/information-schema-check-constraints.md'.
Thu Jun 19 10:01:51 CST 2025: [REPORT] Generating progress report.
Thu Jun 19 10:01:51 CST 2025: [CYCLE END] Finished processing. Next check in 3os.
---
Thu Jun 19 10:01:54 CST 2025: [CYCLE START] Checking for work...
Thu Jun 19 10:01:54 CST 2025: [FOUND] Pending file: 'information-schema/client-errors-summary-by-host.md'. Checking for translation...
Thu Jun 19 10:01:54 CST 2025: [LOCKING] Found '.amazon_q_result/information-schema/client-errors-summary-by-host.md'. Locking for validation.
Thu Jun 19 10:01:54 CST 2025: [VALIDATING] Starting AI validation for 'information-schema/client-errors-summary-by-host.md'.
Thu Jun 19 10:02:12 CST 2025: [PASS] AI validation PASSED for 'information-schema/client-errors-summary-by-host.md'.
Thu Jun 19 10:02:12 CST 2025: [REPORT] Generating progress report.
Thu Jun 19 10:02:12 CST 2025: [CYCLE END] Finished processing. Next check in 3os.
---
Thu Jun 19 10:02:15 CST 2025: [CYCLE START] Checking for work...
Thu Jun 19 10:02:15 CST 2025: [FOUND] Pending file: 'information-schema/client-errors-summary-by-user.md'. Checking for translation...
Thu Jun 19 10:02:15 CST 2025: [LOCKING] Found '.amazon_q_result/information-schema/client-errors-summary-by-user.md'. Locking for validation.
Thu Jun 19 10:02:15 CST 2025: [VALIDATING] Starting AI validation for 'information-schema/client-errors-summary-by-user.md'.
Thu Jun 19 10:02:31 CST 2025: [PASS] AI validation PASSED for 'information-schema/client-errors-summary-by-user.md'.
Thu Jun 19 10:02:31 CST 2025: [REPORT] Generating progress report.
Thu Jun 19 10:02:31 CST 2025: [CYCLE END] Finished processing. Next check in 3os.
---
Thu Jun 19 10:02:34 CST 2025: [CYCLE START] Checking for work...
Thu Jun 19 10:02:34 CST 2025: [FOUND] Pending file: 'information-schema/client-errors-summary-global.md'. Checking for translation...
Thu Jun 19 10:02:34 CST 2025: [LOCKING] Found '.amazon_q_result/information-schema/client-errors-summary-global.md'. Locking for validation.
Thu Jun 19 10:02:34 CST 2025: [VALIDATING] Starting AI validation for 'information-schema/client-errors-summary-global.md'.
Thu Jun 19 10:02:51 CST 2025: [PASS] AI validation PASSED for 'information-schema/client-errors-summary-global.md'.
Thu Jun 19 10:02:51 CST 2025: [REPORT] Generating progress report.
Thu Jun 19 10:02:51 CST 2025: [CYCLE END] Finished processing. Next check in 3os.
---
Thu Jun 19 10:02:54 CST 2025: [CYCLE START] Checking for work...
Thu Jun 19 10:02:54 CST 2025: [FOUND] Pending file: 'information-schema/information-schema-character-sets.md'. Checking for translation...
Thu Jun 19 10:02:54 CST 2025: [LOCKING] Found '.amazon_q_result/information-schema/information-schema-character-sets.md'. Locking for validation.
Thu Jun 19 10:02:54 CST 2025: [VALIDATING] Starting AI validation for 'information-schema/information-schema-character-sets.md'.
Thu Jun 19 10:03:15 CST 2025: [PASS] AI validation PASSED for 'information-schema/information-schema-character-sets.md'.
Thu Jun 19 10:03:15 CST 2025: [REPORT] Generating progress report.
Thu Jun 19 10:03:15 CST 2025: [CYCLE END] Finished processing. Next check in 3os.
---
Thu Jun 19 10:03:18 CST 2025: [CYCLE START] Checking for work...
Thu Jun 19 10:03:18 CST 2025: [FOUND] Pending file: 'information-schema/information-schema-cluster-info.md'. Checking for translation...
Thu Jun 19 10:03:18 CST 2025: [LOCKING] Found '.amazon_q_result/information-schema/information-schema-cluster-info.md'. Locking for validation.
Thu Jun 19 10:03:18 CST 2025: [VALIDATING] Starting AI validation for 'information-schema/information-schema-cluster-info.md'.
Thu Jun 19 10:03:36 CST 2025: [PASS] AI validation PASSED for 'information-schema/information-schema-cluster-info.md'.
Thu Jun 19 10:03:36 CST 2025: [REPORT] Generating progress report.
Thu Jun 19 10:03:36 CST 2025: [CYCLE END] Finished processing. Next check in 3os.
---
Thu Jun 19 10:03:39 CST 2025: [CYCLE START] Checking for work...
Thu Jun 19 10:03:39 CST 2025: [FOUND] Pending file: 'information-schema/information-schema-collations.md'. Checking for translation...
Thu Jun 19 10:03:39 CST 2025: [LOCKING] Found '.amazon_q_result/information-schema/information-schema-collations.md'. Locking for validation.
Thu Jun 19 10:03:39 CST 2025: [VALIDATING] Starting AI validation for 'information-schema/information-schema-collations.md'.
Thu Jun 19 10:04:00 CST 2025: [PASS] AI validation PASSED for 'information-schema/information-schema-collations.md'.
Thu Jun 19 10:04:00 CST 2025: [REPORT] Generating progress report.
Thu Jun 19 10:04:00 CST 2025: [CYCLE END] Finished processing. Next check in 3os.
---
Thu Jun 19 10:04:03 CST 2025: [CYCLE START] Checking for work...
Thu Jun 19 10:04:03 CST 2025: [FOUND] Pending file: 'information-schema/information-schema-collation-character-set-applicability.md'. Checking for translation...
Thu Jun 19 10:04:03 CST 2025: [LOCKING] Found '.amazon_q_result/information-schema/information-schema-collation-character-set-applicability.md'. Locking for validation.
Thu Jun 19 10:04:03 CST 2025: [VALIDATING] Starting AI validation for 'information-schema/information-schema-collation-character-set-applicability.md'.
Thu Jun 19 10:04:20 CST 2025: [PASS] AI validation PASSED for 'information-schema/information-schema-collation-character-set-applicability.md'.
Thu Jun 19 10:04:20 CST 2025: [REPORT] Generating progress report.
Thu Jun 19 10:04:20 CST 2025: [CYCLE END] Finished processing. Next check in 3os.
---
Thu Jun 19 10:04:23 CST 2025: [CYCLE START] Checking for work...
Thu Jun 19 10:04:23 CST 2025: [FOUND] Pending file: 'information-schema/information-schema-columns.md'. Checking for translation...
Thu Jun 19 10:04:23 CST 2025: [LOCKING] Found '.amazon_q_result/information-schema/information-schema-columns.md'. Locking for validation.
Thu Jun 19 10:04:23 CST 2025: [VALIDATING] Starting AI validation for 'information-schema/information-schema-columns.md'.
Thu Jun 19 10:04:43 CST 2025: [PASS] AI validation PASSED for 'information-schema/information-schema-columns.md'.
Thu Jun 19 10:04:43 CST 2025: [REPORT] Generating progress report.
Thu Jun 19 10:04:43 CST 2025: [CYCLE END] Finished processing. Next check in 3os.
---
Thu Jun 19 10:04:47 CST 2025: [CYCLE START] Checking for work...
Thu Jun 19 10:04:47 CST 2025: [FOUND] Pending file: 'information-schema/information-schema-data-lock-waits.md'. Checking for translation...
Thu Jun 19 10:04:47 CST 2025: [LOCKING] Found '.amazon_q_result/information-schema/information-schema-data-lock-waits.md'. Locking for validation.
Thu Jun 19 10:04:47 CST 2025: [VALIDATING] Starting AI validation for 'information-schema/information-schema-data-lock-waits.md'.
Thu Jun 19 10:05:11 CST 2025: [PASS] AI validation PASSED for 'information-schema/information-schema-data-lock-waits.md'.
Thu Jun 19 10:05:11 CST 2025: [REPORT] Generating progress report.
Thu Jun 19 10:05:11 CST 2025: [CYCLE END] Finished processing. Next check in 3os.
---
Thu Jun 19 10:05:14 CST 2025: [CYCLE START] Checking for work...
Thu Jun 19 10:05:14 CST 2025: [FOUND] Pending file: 'information-schema/information-schema-ddl-jobs.md'. Checking for translation...
Thu Jun 19 10:05:14 CST 2025: [LOCKING] Found '.amazon_q_result/information-schema/information-schema-ddl-jobs.md'. Locking for validation.
Thu Jun 19 10:05:14 CST 2025: [VALIDATING] Starting AI validation for 'information-schema/information-schema-ddl-jobs.md'.
Thu Jun 19 10:05:32 CST 2025: [PASS] AI validation PASSED for 'information-schema/information-schema-ddl-jobs.md'.
Thu Jun 19 10:05:32 CST 2025: [REPORT] Generating progress report.
Thu Jun 19 10:05:32 CST 2025: [CYCLE END] Finished processing. Next check in 3os.
---
Thu Jun 19 10:05:35 CST 2025: [CYCLE START] Checking for work...
Thu Jun 19 10:05:35 CST 2025: [FOUND] Pending file: 'information-schema/information-schema-deadlocks.md'. Checking for translation...
Thu Jun 19 10:05:35 CST 2025: [LOCKING] Found '.amazon_q_result/information-schema/information-schema-deadlocks.md'. Locking for validation.
Thu Jun 19 10:05:35 CST 2025: [VALIDATING] Starting AI validation for 'information-schema/information-schema-deadlocks.md'.
Thu Jun 19 10:05:57 CST 2025: [PASS] AI validation PASSED for 'information-schema/information-schema-deadlocks.md'.
Thu Jun 19 10:05:57 CST 2025: [REPORT] Generating progress report.
Thu Jun 19 10:05:57 CST 2025: [CYCLE END] Finished processing. Next check in 3os.
---
Thu Jun 19 10:06:00 CST 2025: [CYCLE START] Checking for work...
Thu Jun 19 10:06:00 CST 2025: [FOUND] Pending file: 'information-schema/information-schema-engines.md'. Checking for translation...
Thu Jun 19 10:06:00 CST 2025: [LOCKING] Found '.amazon_q_result/information-schema/information-schema-engines.md'. Locking for validation.
Thu Jun 19 10:06:00 CST 2025: [VALIDATING] Starting AI validation for 'information-schema/information-schema-engines.md'.
Thu Jun 19 10:06:16 CST 2025: [PASS] AI validation PASSED for 'information-schema/information-schema-engines.md'.
Thu Jun 19 10:06:16 CST 2025: [REPORT] Generating progress report.
Thu Jun 19 10:06:16 CST 2025: [CYCLE END] Finished processing. Next check in 3os.
---
Thu Jun 19 10:06:19 CST 2025: [CYCLE START] Checking for work...
Thu Jun 19 10:06:19 CST 2025: [FOUND] Pending file: 'information-schema/information-schema-keywords.md'. Checking for translation...
Thu Jun 19 10:06:19 CST 2025: [LOCKING] Found '.amazon_q_result/information-schema/information-schema-keywords.md'. Locking for validation.
Thu Jun 19 10:06:19 CST 2025: [VALIDATING] Starting AI validation for 'information-schema/information-schema-keywords.md'.
Thu Jun 19 10:06:35 CST 2025: [PASS] AI validation PASSED for 'information-schema/information-schema-keywords.md'.
Thu Jun 19 10:06:35 CST 2025: [REPORT] Generating progress report.
Thu Jun 19 10:06:35 CST 2025: [CYCLE END] Finished processing. Next check in 3os.
---
Thu Jun 19 10:06:38 CST 2025: [CYCLE START] Checking for work...
Thu Jun 19 10:06:38 CST 2025: [FOUND] Pending file: 'information-schema/information-schema-key-column-usage.md'. Checking for translation...
Thu Jun 19 10:06:38 CST 2025: [LOCKING] Found '.amazon_q_result/information-schema/information-schema-key-column-usage.md'. Locking for validation.
Thu Jun 19 10:06:38 CST 2025: [VALIDATING] Starting AI validation for 'information-schema/information-schema-key-column-usage.md'.
Thu Jun 19 10:06:59 CST 2025: [PASS] AI validation PASSED for 'information-schema/information-schema-key-column-usage.md'.
Thu Jun 19 10:06:59 CST 2025: [REPORT] Generating progress report.
Thu Jun 19 10:06:59 CST 2025: [CYCLE END] Finished processing. Next check in 3os.
---
Thu Jun 19 10:07:02 CST 2025: [CYCLE START] Checking for work...
Thu Jun 19 10:07:02 CST 2025: [FOUND] Pending file: 'information-schema/information-schema-memory-usage.md'. Checking for translation...
Thu Jun 19 10:07:02 CST 2025: [LOCKING] Found '.amazon_q_result/information-schema/information-schema-memory-usage.md'. Locking for validation.
Thu Jun 19 10:07:02 CST 2025: [VALIDATING] Starting AI validation for 'information-schema/information-schema-memory-usage.md'.
Thu Jun 19 10:07:18 CST 2025: [PASS] AI validation PASSED for 'information-schema/information-schema-memory-usage.md'.
Thu Jun 19 10:07:18 CST 2025: [REPORT] Generating progress report.
Thu Jun 19 10:07:18 CST 2025: [CYCLE END] Finished processing. Next check in 3os.
---
Thu Jun 19 10:07:21 CST 2025: [CYCLE START] Checking for work...
Thu Jun 19 10:07:21 CST 2025: [FOUND] Pending file: 'information-schema/information-schema-memory-usage-ops-history.md'. Checking for translation...
Thu Jun 19 10:07:21 CST 2025: [LOCKING] Found '.amazon_q_result/information-schema/information-schema-memory-usage-ops-history.md'. Locking for validation.
Thu Jun 19 10:07:21 CST 2025: [VALIDATING] Starting AI validation for 'information-schema/information-schema-memory-usage-ops-history.md'.
Thu Jun 19 10:07:42 CST 2025: [PASS] AI validation PASSED for 'information-schema/information-schema-memory-usage-ops-history.md'.
Thu Jun 19 10:07:42 CST 2025: [REPORT] Generating progress report.
Thu Jun 19 10:07:42 CST 2025: [CYCLE END] Finished processing. Next check in 3os.
---
Thu Jun 19 10:07:45 CST 2025: [CYCLE START] Checking for work...
Thu Jun 19 10:07:45 CST 2025: [FOUND] Pending file: 'information-schema/information-schema-partitions.md'. Checking for translation...
Thu Jun 19 10:07:45 CST 2025: [LOCKING] Found '.amazon_q_result/information-schema/information-schema-partitions.md'. Locking for validation.
Thu Jun 19 10:07:46 CST 2025: [VALIDATING] Starting AI validation for 'information-schema/information-schema-partitions.md'.
Thu Jun 19 10:08:04 CST 2025: [PASS] AI validation PASSED for 'information-schema/information-schema-partitions.md'.
Thu Jun 19 10:08:04 CST 2025: [REPORT] Generating progress report.
Thu Jun 19 10:08:04 CST 2025: [CYCLE END] Finished processing. Next check in 3os.
---
Thu Jun 19 10:08:07 CST 2025: [CYCLE START] Checking for work...
Thu Jun 19 10:08:07 CST 2025: [FOUND] Pending file: 'information-schema/information-schema-placement-policies.md'. Checking for translation...
Thu Jun 19 10:08:07 CST 2025: [LOCKING] Found '.amazon_q_result/information-schema/information-schema-placement-policies.md'. Locking for validation.
Thu Jun 19 10:08:07 CST 2025: [VALIDATING] Starting AI validation for 'information-schema/information-schema-placement-policies.md'.
Thu Jun 19 10:08:25 CST 2025: [PASS] AI validation PASSED for 'information-schema/information-schema-placement-policies.md'.
Thu Jun 19 10:08:25 CST 2025: [REPORT] Generating progress report.
Thu Jun 19 10:08:25 CST 2025: [CYCLE END] Finished processing. Next check in 3os.
---
Thu Jun 19 10:08:28 CST 2025: [CYCLE START] Checking for work...
Thu Jun 19 10:08:28 CST 2025: [FOUND] Pending file: 'information-schema/information-schema-processlist.md'. Checking for translation...
Thu Jun 19 10:08:28 CST 2025: [LOCKING] Found '.amazon_q_result/information-schema/information-schema-processlist.md'. Locking for validation.
Thu Jun 19 10:08:28 CST 2025: [VALIDATING] Starting AI validation for 'information-schema/information-schema-processlist.md'.
Thu Jun 19 10:08:45 CST 2025: [PASS] AI validation PASSED for 'information-schema/information-schema-processlist.md'.
Thu Jun 19 10:08:45 CST 2025: [REPORT] Generating progress report.
Thu Jun 19 10:08:45 CST 2025: [CYCLE END] Finished processing. Next check in 3os.
---
Thu Jun 19 10:08:48 CST 2025: [CYCLE START] Checking for work...
Thu Jun 19 10:08:48 CST 2025: [FOUND] Pending file: 'information-schema/information-schema-referential-constraints.md'. Checking for translation...
Thu Jun 19 10:08:48 CST 2025: [LOCKING] Found '.amazon_q_result/information-schema/information-schema-referential-constraints.md'. Locking for validation.
Thu Jun 19 10:08:48 CST 2025: [VALIDATING] Starting AI validation for 'information-schema/information-schema-referential-constraints.md'.
Thu Jun 19 10:09:06 CST 2025: [PASS] AI validation PASSED for 'information-schema/information-schema-referential-constraints.md'.
Thu Jun 19 10:09:06 CST 2025: [REPORT] Generating progress report.
Thu Jun 19 10:09:06 CST 2025: [CYCLE END] Finished processing. Next check in 3os.
---
Thu Jun 19 10:09:09 CST 2025: [CYCLE START] Checking for work...
Thu Jun 19 10:09:09 CST 2025: [FOUND] Pending file: 'information-schema/information-schema-resource-groups.md'. Checking for translation...
Thu Jun 19 10:09:09 CST 2025: [LOCKING] Found '.amazon_q_result/information-schema/information-schema-resource-groups.md'. Locking for validation.
Thu Jun 19 10:09:09 CST 2025: [VALIDATING] Starting AI validation for 'information-schema/information-schema-resource-groups.md'.
Thu Jun 19 10:09:29 CST 2025: [PASS] AI validation PASSED for 'information-schema/information-schema-resource-groups.md'.
Thu Jun 19 10:09:29 CST 2025: [REPORT] Generating progress report.
Thu Jun 19 10:09:29 CST 2025: [CYCLE END] Finished processing. Next check in 3os.
---
Thu Jun 19 10:09:32 CST 2025: [CYCLE START] Checking for work...
Thu Jun 19 10:09:32 CST 2025: [FOUND] Pending file: 'information-schema/information-schema-runaway-watches.md'. Checking for translation...
Thu Jun 19 10:09:32 CST 2025: [LOCKING] Found '.amazon_q_result/information-schema/information-schema-runaway-watches.md'. Locking for validation.
Thu Jun 19 10:09:32 CST 2025: [VALIDATING] Starting AI validation for 'information-schema/information-schema-runaway-watches.md'.
Thu Jun 19 10:09:52 CST 2025: [PASS] AI validation PASSED for 'information-schema/information-schema-runaway-watches.md'.
Thu Jun 19 10:09:52 CST 2025: [REPORT] Generating progress report.
Thu Jun 19 10:09:52 CST 2025: [CYCLE END] Finished processing. Next check in 3os.
---
Thu Jun 19 10:09:55 CST 2025: [CYCLE START] Checking for work...
Thu Jun 19 10:09:55 CST 2025: [FOUND] Pending file: 'information-schema/information-schema-schemata.md'. Checking for translation...
Thu Jun 19 10:09:55 CST 2025: [LOCKING] Found '.amazon_q_result/information-schema/information-schema-schemata.md'. Locking for validation.
Thu Jun 19 10:09:55 CST 2025: [VALIDATING] Starting AI validation for 'information-schema/information-schema-schemata.md'.
Thu Jun 19 10:10:13 CST 2025: [PASS] AI validation PASSED for 'information-schema/information-schema-schemata.md'.
Thu Jun 19 10:10:13 CST 2025: [REPORT] Generating progress report.
Thu Jun 19 10:10:13 CST 2025: [CYCLE END] Finished processing. Next check in 3os.
---
Thu Jun 19 10:10:16 CST 2025: [CYCLE START] Checking for work...
Thu Jun 19 10:10:16 CST 2025: [FOUND] Pending file: 'information-schema/information-schema-sequences.md'. Checking for translation...
Thu Jun 19 10:10:16 CST 2025: [LOCKING] Found '.amazon_q_result/information-schema/information-schema-sequences.md'. Locking for validation.
Thu Jun 19 10:10:16 CST 2025: [VALIDATING] Starting AI validation for 'information-schema/information-schema-sequences.md'.
Thu Jun 19 10:10:37 CST 2025: [PASS] AI validation PASSED for 'information-schema/information-schema-sequences.md'.
Thu Jun 19 10:10:37 CST 2025: [REPORT] Generating progress report.
Thu Jun 19 10:10:37 CST 2025: [CYCLE END] Finished processing. Next check in 3os.
---
Thu Jun 19 10:10:40 CST 2025: [CYCLE START] Checking for work...
Thu Jun 19 10:10:40 CST 2025: [FOUND] Pending file: 'information-schema/information-schema-session-variables.md'. Checking for translation...
Thu Jun 19 10:10:40 CST 2025: [LOCKING] Found '.amazon_q_result/information-schema/information-schema-session-variables.md'. Locking for validation.
Thu Jun 19 10:10:40 CST 2025: [VALIDATING] Starting AI validation for 'information-schema/information-schema-session-variables.md'.
Thu Jun 19 10:10:57 CST 2025: [PASS] AI validation PASSED for 'information-schema/information-schema-session-variables.md'.
Thu Jun 19 10:10:57 CST 2025: [REPORT] Generating progress report.
Thu Jun 19 10:10:57 CST 2025: [CYCLE END] Finished processing. Next check in 3os.
---
Thu Jun 19 10:11:00 CST 2025: [CYCLE START] Checking for work...
Thu Jun 19 10:11:00 CST 2025: [FOUND] Pending file: 'information-schema/information-schema-slow-query.md'. Checking for translation...
Thu Jun 19 10:11:00 CST 2025: [LOCKING] Found '.amazon_q_result/information-schema/information-schema-slow-query.md'. Locking for validation.
Thu Jun 19 10:11:00 CST 2025: [VALIDATING] Starting AI validation for 'information-schema/information-schema-slow-query.md'.
Thu Jun 19 10:11:22 CST 2025: [PASS] AI validation PASSED for 'information-schema/information-schema-slow-query.md'.
Thu Jun 19 10:11:22 CST 2025: [REPORT] Generating progress report.
Thu Jun 19 10:11:22 CST 2025: [CYCLE END] Finished processing. Next check in 3os.
---
Thu Jun 19 10:11:25 CST 2025: [CYCLE START] Checking for work...
Thu Jun 19 10:11:25 CST 2025: [FOUND] Pending file: 'information-schema/information-schema-statistics.md'. Checking for translation...
Thu Jun 19 10:11:25 CST 2025: [LOCKING] Found '.amazon_q_result/information-schema/information-schema-statistics.md'. Locking for validation.
Thu Jun 19 10:11:25 CST 2025: [VALIDATING] Starting AI validation for 'information-schema/information-schema-statistics.md'.
Thu Jun 19 10:11:42 CST 2025: [PASS] AI validation PASSED for 'information-schema/information-schema-statistics.md'.
Thu Jun 19 10:11:42 CST 2025: [REPORT] Generating progress report.
Thu Jun 19 10:11:42 CST 2025: [CYCLE END] Finished processing. Next check in 3os.
---
Thu Jun 19 10:11:45 CST 2025: [CYCLE START] Checking for work...
Thu Jun 19 10:11:45 CST 2025: [FOUND] Pending file: 'information-schema/information-schema-tables.md'. Checking for translation...
Thu Jun 19 10:11:45 CST 2025: [LOCKING] Found '.amazon_q_result/information-schema/information-schema-tables.md'. Locking for validation.
Thu Jun 19 10:11:45 CST 2025: [VALIDATING] Starting AI validation for 'information-schema/information-schema-tables.md'.
Thu Jun 19 10:12:04 CST 2025: [PASS] AI validation PASSED for 'information-schema/information-schema-tables.md'.
Thu Jun 19 10:12:04 CST 2025: [REPORT] Generating progress report.
Thu Jun 19 10:12:04 CST 2025: [CYCLE END] Finished processing. Next check in 3os.
---
Thu Jun 19 10:12:07 CST 2025: [CYCLE START] Checking for work...
Thu Jun 19 10:12:07 CST 2025: [FOUND] Pending file: 'information-schema/information-schema-table-constraints.md'. Checking for translation...
Thu Jun 19 10:12:07 CST 2025: [LOCKING] Found '.amazon_q_result/information-schema/information-schema-table-constraints.md'. Locking for validation.
Thu Jun 19 10:12:07 CST 2025: [VALIDATING] Starting AI validation for 'information-schema/information-schema-table-constraints.md'.
Thu Jun 19 10:12:28 CST 2025: [PASS] AI validation PASSED for 'information-schema/information-schema-table-constraints.md'.
Thu Jun 19 10:12:28 CST 2025: [REPORT] Generating progress report.
Thu Jun 19 10:12:28 CST 2025: [CYCLE END] Finished processing. Next check in 3os.
---
Thu Jun 19 10:12:31 CST 2025: [CYCLE START] Checking for work...
Thu Jun 19 10:12:31 CST 2025: [FOUND] Pending file: 'information-schema/information-schema-table-storage-stats.md'. Checking for translation...
Thu Jun 19 10:12:31 CST 2025: [LOCKING] Found '.amazon_q_result/information-schema/information-schema-table-storage-stats.md'. Locking for validation.
Thu Jun 19 10:12:31 CST 2025: [VALIDATING] Starting AI validation for 'information-schema/information-schema-table-storage-stats.md'.
Thu Jun 19 10:12:48 CST 2025: [PASS] AI validation PASSED for 'information-schema/information-schema-table-storage-stats.md'.
Thu Jun 19 10:12:48 CST 2025: [REPORT] Generating progress report.
Thu Jun 19 10:12:48 CST 2025: [CYCLE END] Finished processing. Next check in 3os.
---
Thu Jun 19 10:12:51 CST 2025: [CYCLE START] Checking for work...
Thu Jun 19 10:12:51 CST 2025: [FOUND] Pending file: 'information-schema/information-schema-tidb-check-constraints.md'. Checking for translation...
Thu Jun 19 10:12:51 CST 2025: [LOCKING] Found '.amazon_q_result/information-schema/information-schema-tidb-check-constraints.md'. Locking for validation.
Thu Jun 19 10:12:51 CST 2025: [VALIDATING] Starting AI validation for 'information-schema/information-schema-tidb-check-constraints.md'.
Thu Jun 19 10:13:05 CST 2025: [PASS] AI validation PASSED for 'information-schema/information-schema-tidb-check-constraints.md'.
Thu Jun 19 10:13:05 CST 2025: [REPORT] Generating progress report.
Thu Jun 19 10:13:05 CST 2025: [CYCLE END] Finished processing. Next check in 3os.
---
Thu Jun 19 10:13:08 CST 2025: [CYCLE START] Checking for work...
Thu Jun 19 10:13:08 CST 2025: [FOUND] Pending file: 'information-schema/information-schema-tidb-hot-regions-history.md'. Checking for translation...
Thu Jun 19 10:13:08 CST 2025: [LOCKING] Found '.amazon_q_result/information-schema/information-schema-tidb-hot-regions-history.md'. Locking for validation.
Thu Jun 19 10:13:08 CST 2025: [VALIDATING] Starting AI validation for 'information-schema/information-schema-tidb-hot-regions-history.md'.
Thu Jun 19 10:13:29 CST 2025: [PASS] AI validation PASSED for 'information-schema/information-schema-tidb-hot-regions-history.md'.
Thu Jun 19 10:13:29 CST 2025: [REPORT] Generating progress report.
Thu Jun 19 10:13:29 CST 2025: [CYCLE END] Finished processing. Next check in 3os.
---
Thu Jun 19 10:13:32 CST 2025: [CYCLE START] Checking for work...
Thu Jun 19 10:13:32 CST 2025: [FOUND] Pending file: 'information-schema/information-schema-tidb-indexes.md'. Checking for translation...
Thu Jun 19 10:13:32 CST 2025: [LOCKING] Found '.amazon_q_result/information-schema/information-schema-tidb-indexes.md'. Locking for validation.
Thu Jun 19 10:13:32 CST 2025: [VALIDATING] Starting AI validation for 'information-schema/information-schema-tidb-indexes.md'.
Thu Jun 19 10:13:53 CST 2025: [PASS] AI validation PASSED for 'information-schema/information-schema-tidb-indexes.md'.
Thu Jun 19 10:13:53 CST 2025: [REPORT] Generating progress report.
Thu Jun 19 10:13:53 CST 2025: [CYCLE END] Finished processing. Next check in 3os.
---
Thu Jun 19 10:13:56 CST 2025: [CYCLE START] Checking for work...
Thu Jun 19 10:13:56 CST 2025: [FOUND] Pending file: 'information-schema/information-schema-tidb-index-usage.md'. Checking for translation...
Thu Jun 19 10:13:56 CST 2025: [LOCKING] Found '.amazon_q_result/information-schema/information-schema-tidb-index-usage.md'. Locking for validation.
Thu Jun 19 10:13:56 CST 2025: [VALIDATING] Starting AI validation for 'information-schema/information-schema-tidb-index-usage.md'.
Thu Jun 19 10:14:17 CST 2025: [PASS] AI validation PASSED for 'information-schema/information-schema-tidb-index-usage.md'.
Thu Jun 19 10:14:17 CST 2025: [REPORT] Generating progress report.
Thu Jun 19 10:14:17 CST 2025: [CYCLE END] Finished processing. Next check in 3os.
---
Thu Jun 19 10:14:20 CST 2025: [CYCLE START] Checking for work...
Thu Jun 19 10:14:20 CST 2025: [FOUND] Pending file: 'information-schema/information-schema-tidb-servers-info.md'. Checking for translation...
Thu Jun 19 10:14:20 CST 2025: [LOCKING] Found '.amazon_q_result/information-schema/information-schema-tidb-servers-info.md'. Locking for validation.
Thu Jun 19 10:14:20 CST 2025: [VALIDATING] Starting AI validation for 'information-schema/information-schema-tidb-servers-info.md'.
Thu Jun 19 10:14:35 CST 2025: [PASS] AI validation PASSED for 'information-schema/information-schema-tidb-servers-info.md'.
Thu Jun 19 10:14:35 CST 2025: [REPORT] Generating progress report.
Thu Jun 19 10:14:35 CST 2025: [CYCLE END] Finished processing. Next check in 3os.
---
Thu Jun 19 10:14:38 CST 2025: [CYCLE START] Checking for work...
Thu Jun 19 10:14:38 CST 2025: [FOUND] Pending file: 'information-schema/information-schema-tidb-trx.md'. Checking for translation...
Thu Jun 19 10:14:38 CST 2025: [LOCKING] Found '.amazon_q_result/information-schema/information-schema-tidb-trx.md'. Locking for validation.
Thu Jun 19 10:14:38 CST 2025: [VALIDATING] Starting AI validation for 'information-schema/information-schema-tidb-trx.md'.
Thu Jun 19 10:15:03 CST 2025: [PASS] AI validation PASSED for 'information-schema/information-schema-tidb-trx.md'.
Thu Jun 19 10:15:03 CST 2025: [REPORT] Generating progress report.
Thu Jun 19 10:15:03 CST 2025: [CYCLE END] Finished processing. Next check in 3os.
---
Thu Jun 19 10:15:06 CST 2025: [CYCLE START] Checking for work...
Thu Jun 19 10:15:06 CST 2025: [FOUND] Pending file: 'information-schema/information-schema-tiflash-replica.md'. Checking for translation...
Thu Jun 19 10:15:06 CST 2025: [LOCKING] Found '.amazon_q_result/information-schema/information-schema-tiflash-replica.md'. Locking for validation.
Thu Jun 19 10:15:06 CST 2025: [VALIDATING] Starting AI validation for 'information-schema/information-schema-tiflash-replica.md'.
Thu Jun 19 10:15:25 CST 2025: [PASS] AI validation PASSED for 'information-schema/information-schema-tiflash-replica.md'.
Thu Jun 19 10:15:25 CST 2025: [REPORT] Generating progress report.
Thu Jun 19 10:15:25 CST 2025: [CYCLE END] Finished processing. Next check in 3os.
---
Thu Jun 19 10:15:28 CST 2025: [CYCLE START] Checking for work...
Thu Jun 19 10:15:28 CST 2025: [FOUND] Pending file: 'information-schema/information-schema-tiflash-segments.md'. Checking for translation...
Thu Jun 19 10:15:28 CST 2025: [LOCKING] Found '.amazon_q_result/information-schema/information-schema-tiflash-segments.md'. Locking for validation.
Thu Jun 19 10:15:28 CST 2025: [VALIDATING] Starting AI validation for 'information-schema/information-schema-tiflash-segments.md'.
Thu Jun 19 10:15:47 CST 2025: [PASS] AI validation PASSED for 'information-schema/information-schema-tiflash-segments.md'.
Thu Jun 19 10:15:47 CST 2025: [REPORT] Generating progress report.
Thu Jun 19 10:15:47 CST 2025: [CYCLE END] Finished processing. Next check in 3os.
---
Thu Jun 19 10:15:50 CST 2025: [CYCLE START] Checking for work...
Thu Jun 19 10:15:50 CST 2025: [FOUND] Pending file: 'information-schema/information-schema-tiflash-tables.md'. Checking for translation...
Thu Jun 19 10:15:50 CST 2025: [LOCKING] Found '.amazon_q_result/information-schema/information-schema-tiflash-tables.md'. Locking for validation.
Thu Jun 19 10:15:50 CST 2025: [VALIDATING] Starting AI validation for 'information-schema/information-schema-tiflash-tables.md'.
Thu Jun 19 10:16:12 CST 2025: [PASS] AI validation PASSED for 'information-schema/information-schema-tiflash-tables.md'.
Thu Jun 19 10:16:12 CST 2025: [REPORT] Generating progress report.
Thu Jun 19 10:16:12 CST 2025: [CYCLE END] Finished processing. Next check in 3os.
---
Thu Jun 19 10:16:15 CST 2025: [CYCLE START] Checking for work...
Thu Jun 19 10:16:15 CST 2025: [FOUND] Pending file: 'information-schema/information-schema-tikv-region-peers.md'. Checking for translation...
Thu Jun 19 10:16:15 CST 2025: [LOCKING] Found '.amazon_q_result/information-schema/information-schema-tikv-region-peers.md'. Locking for validation.
Thu Jun 19 10:16:15 CST 2025: [VALIDATING] Starting AI validation for 'information-schema/information-schema-tikv-region-peers.md'.
Thu Jun 19 10:16:36 CST 2025: [PASS] AI validation PASSED for 'information-schema/information-schema-tikv-region-peers.md'.
Thu Jun 19 10:16:36 CST 2025: [REPORT] Generating progress report.
Thu Jun 19 10:16:36 CST 2025: [CYCLE END] Finished processing. Next check in 3os.
---
Thu Jun 19 10:16:39 CST 2025: [CYCLE START] Checking for work...
Thu Jun 19 10:16:39 CST 2025: [FOUND] Pending file: 'information-schema/information-schema-tikv-region-status.md'. Checking for translation...
Thu Jun 19 10:16:39 CST 2025: [LOCKING] Found '.amazon_q_result/information-schema/information-schema-tikv-region-status.md'. Locking for validation.
Thu Jun 19 10:16:39 CST 2025: [VALIDATING] Starting AI validation for 'information-schema/information-schema-tikv-region-status.md'.
Thu Jun 19 10:16:59 CST 2025: [PASS] AI validation PASSED for 'information-schema/information-schema-tikv-region-status.md'.
Thu Jun 19 10:16:59 CST 2025: [REPORT] Generating progress report.
Thu Jun 19 10:16:59 CST 2025: [CYCLE END] Finished processing. Next check in 3os.
---
Thu Jun 19 10:17:02 CST 2025: [CYCLE START] Checking for work...
Thu Jun 19 10:17:02 CST 2025: [FOUND] Pending file: 'information-schema/information-schema-tikv-store-status.md'. Checking for translation...
Thu Jun 19 10:17:02 CST 2025: [LOCKING] Found '.amazon_q_result/information-schema/information-schema-tikv-store-status.md'. Locking for validation.
Thu Jun 19 10:17:02 CST 2025: [VALIDATING] Starting AI validation for 'information-schema/information-schema-tikv-store-status.md'.
Thu Jun 19 10:17:23 CST 2025: [PASS] AI validation PASSED for 'information-schema/information-schema-tikv-store-status.md'.
Thu Jun 19 10:17:23 CST 2025: [REPORT] Generating progress report.
Thu Jun 19 10:17:23 CST 2025: [CYCLE END] Finished processing. Next check in 3os.
---
Thu Jun 19 10:17:26 CST 2025: [CYCLE START] Checking for work...
Thu Jun 19 10:17:26 CST 2025: [FOUND] Pending file: 'information-schema/information-schema-user-attributes.md'. Checking for translation...
Thu Jun 19 10:17:26 CST 2025: [LOCKING] Found '.amazon_q_result/information-schema/information-schema-user-attributes.md'. Locking for validation.
Thu Jun 19 10:17:26 CST 2025: [VALIDATING] Starting AI validation for 'information-schema/information-schema-user-attributes.md'.
Thu Jun 19 10:17:46 CST 2025: [PASS] AI validation PASSED for 'information-schema/information-schema-user-attributes.md'.
Thu Jun 19 10:17:46 CST 2025: [REPORT] Generating progress report.
Thu Jun 19 10:17:46 CST 2025: [CYCLE END] Finished processing. Next check in 3os.
---
Thu Jun 19 10:17:49 CST 2025: [CYCLE START] Checking for work...
Thu Jun 19 10:17:49 CST 2025: [FOUND] Pending file: 'information-schema/information-schema-user-privileges.md'. Checking for translation...
Thu Jun 19 10:17:49 CST 2025: [LOCKING] Found '.amazon_q_result/information-schema/information-schema-user-privileges.md'. Locking for validation.
Thu Jun 19 10:17:49 CST 2025: [VALIDATING] Starting AI validation for 'information-schema/information-schema-user-privileges.md'.
Thu Jun 19 10:18:09 CST 2025: [PASS] AI validation PASSED for 'information-schema/information-schema-user-privileges.md'.
Thu Jun 19 10:18:09 CST 2025: [REPORT] Generating progress report.
Thu Jun 19 10:18:09 CST 2025: [CYCLE END] Finished processing. Next check in 3os.
---
Thu Jun 19 10:18:12 CST 2025: [CYCLE START] Checking for work...
Thu Jun 19 10:18:12 CST 2025: [FOUND] Pending file: 'information-schema/information-schema-variables-info.md'. Checking for translation...
Thu Jun 19 10:18:12 CST 2025: [LOCKING] Found '.amazon_q_result/information-schema/information-schema-variables-info.md'. Locking for validation.
Thu Jun 19 10:18:12 CST 2025: [VALIDATING] Starting AI validation for 'information-schema/information-schema-variables-info.md'.
Thu Jun 19 10:18:31 CST 2025: [PASS] AI validation PASSED for 'information-schema/information-schema-variables-info.md'.
Thu Jun 19 10:18:31 CST 2025: [REPORT] Generating progress report.
Thu Jun 19 10:18:31 CST 2025: [CYCLE END] Finished processing. Next check in 3os.
---
Thu Jun 19 10:18:34 CST 2025: [CYCLE START] Checking for work...
Thu Jun 19 10:18:34 CST 2025: [FOUND] Pending file: 'information-schema/information-schema-views.md'. Checking for translation...
Thu Jun 19 10:18:34 CST 2025: [LOCKING] Found '.amazon_q_result/information-schema/information-schema-views.md'. Locking for validation.
Thu Jun 19 10:18:35 CST 2025: [VALIDATING] Starting AI validation for 'information-schema/information-schema-views.md'.
Thu Jun 19 10:18:59 CST 2025: [PASS] AI validation PASSED for 'information-schema/information-schema-views.md'.
Thu Jun 19 10:18:59 CST 2025: [REPORT] Generating progress report.
Thu Jun 19 10:18:59 CST 2025: [CYCLE END] Finished processing. Next check in 3os.
---
Thu Jun 19 10:19:02 CST 2025: [CYCLE START] Checking for work...
Thu Jun 19 10:19:02 CST 2025: [FOUND] Pending file: 'performance-schema/performance-schema.md'. Checking for translation...
Thu Jun 19 10:19:02 CST 2025: [LOCKING] Found '.amazon_q_result/performance-schema/performance-schema.md'. Locking for validation.
Thu Jun 19 10:19:02 CST 2025: [VALIDATING] Starting AI validation for 'performance-schema/performance-schema.md'.
Thu Jun 19 10:19:18 CST 2025: [PASS] AI validation PASSED for 'performance-schema/performance-schema.md'.
Thu Jun 19 10:19:18 CST 2025: [REPORT] Generating progress report.
Thu Jun 19 10:19:18 CST 2025: [CYCLE END] Finished processing. Next check in 3os.
---
Thu Jun 19 10:19:21 CST 2025: [CYCLE START] Checking for work...
Thu Jun 19 10:19:21 CST 2025: [FOUND] Pending file: 'performance-schema/performance-schema-session-connect-attrs.md'. Checking for translation...
Thu Jun 19 10:19:21 CST 2025: [LOCKING] Found '.amazon_q_result/performance-schema/performance-schema-session-connect-attrs.md'. Locking for validation.
Thu Jun 19 10:19:21 CST 2025: [VALIDATING] Starting AI validation for 'performance-schema/performance-schema-session-connect-attrs.md'.
Thu Jun 19 10:19:36 CST 2025: [PASS] AI validation PASSED for 'performance-schema/performance-schema-session-connect-attrs.md'.
Thu Jun 19 10:19:36 CST 2025: [REPORT] Generating progress report.
Thu Jun 19 10:19:36 CST 2025: [CYCLE END] Finished processing. Next check in 3os.
---
Thu Jun 19 10:19:39 CST 2025: [CYCLE START] Checking for work...
Thu Jun 19 10:19:39 CST 2025: [FOUND] Pending file: 'sys-schema/sys-schema.md'. Checking for translation...
Thu Jun 19 10:19:39 CST 2025: [LOCKING] Found '.amazon_q_result/sys-schema/sys-schema.md'. Locking for validation.
Thu Jun 19 10:19:39 CST 2025: [VALIDATING] Starting AI validation for 'sys-schema/sys-schema.md'.
Thu Jun 19 10:19:56 CST 2025: [PASS] AI validation PASSED for 'sys-schema/sys-schema.md'.
Thu Jun 19 10:19:56 CST 2025: [REPORT] Generating progress report.
Thu Jun 19 10:19:56 CST 2025: [CYCLE END] Finished processing. Next check in 3os.
---
Thu Jun 19 10:19:59 CST 2025: [CYCLE START] Checking for work...
Thu Jun 19 10:19:59 CST 2025: [FOUND] Pending file: 'sys-schema/sys-schema-unused-indexes.md'. Checking for translation...
Thu Jun 19 10:19:59 CST 2025: [LOCKING] Found '.amazon_q_result/sys-schema/sys-schema-unused-indexes.md'. Locking for validation.
Thu Jun 19 10:19:59 CST 2025: [VALIDATING] Starting AI validation for 'sys-schema/sys-schema-unused-indexes.md'.
Thu Jun 19 10:20:16 CST 2025: [PASS] AI validation PASSED for 'sys-schema/sys-schema-unused-indexes.md'.
Thu Jun 19 10:20:16 CST 2025: [REPORT] Generating progress report.
Thu Jun 19 10:20:16 CST 2025: [CYCLE END] Finished processing. Next check in 3os.
---
Thu Jun 19 10:20:19 CST 2025: [CYCLE START] Checking for work...
Thu Jun 19 10:20:19 CST 2025: [FOUND] Pending file: 'metadata-lock.md'. Checking for translation...
Thu Jun 19 10:20:19 CST 2025: [LOCKING] Found '.amazon_q_result/metadata-lock.md'. Locking for validation.
Thu Jun 19 10:20:19 CST 2025: [VALIDATING] Starting AI validation for 'metadata-lock.md'.
Thu Jun 19 10:20:41 CST 2025: [PASS] AI validation PASSED for 'metadata-lock.md'.
Thu Jun 19 10:20:41 CST 2025: [REPORT] Generating progress report.
Thu Jun 19 10:20:41 CST 2025: [CYCLE END] Finished processing. Next check in 3os.
---
Thu Jun 19 10:20:44 CST 2025: [CYCLE START] Checking for work...
Thu Jun 19 10:20:44 CST 2025: [FOUND] Pending file: 'best-practices/uuid.md'. Checking for translation...
Thu Jun 19 10:20:44 CST 2025: [LOCKING] Found '.amazon_q_result/best-practices/uuid.md'. Locking for validation.
Thu Jun 19 10:20:44 CST 2025: [VALIDATING] Starting AI validation for 'best-practices/uuid.md'.
Thu Jun 19 10:21:04 CST 2025: [PASS] AI validation PASSED for 'best-practices/uuid.md'.
Thu Jun 19 10:21:04 CST 2025: [REPORT] Generating progress report.
Thu Jun 19 10:21:04 CST 2025: [CYCLE END] Finished processing. Next check in 3os.
---
Thu Jun 19 10:21:07 CST 2025: [CYCLE START] Checking for work...
Thu Jun 19 10:21:07 CST 2025: [FOUND] Pending file: 'accelerated-table-creation.md'. Checking for translation...
Thu Jun 19 10:21:07 CST 2025: [LOCKING] Found '.amazon_q_result/accelerated-table-creation.md'. Locking for validation.
Thu Jun 19 10:21:07 CST 2025: [VALIDATING] Starting AI validation for 'accelerated-table-creation.md'.
Thu Jun 19 10:21:25 CST 2025: [PASS] AI validation PASSED for 'accelerated-table-creation.md'.
Thu Jun 19 10:21:25 CST 2025: [REPORT] Generating progress report.
Thu Jun 19 10:21:25 CST 2025: [CYCLE END] Finished processing. Next check in 3os.
---
Thu Jun 19 10:21:28 CST 2025: [CYCLE START] Checking for work...
Thu Jun 19 10:21:28 CST 2025: [FOUND] Pending file: 'tidb-cloud/api-overview.md'. Checking for translation...
Thu Jun 19 10:21:28 CST 2025: [LOCKING] Found '.amazon_q_result/tidb-cloud/api-overview.md'. Locking for validation.
Thu Jun 19 10:21:28 CST 2025: [VALIDATING] Starting AI validation for 'tidb-cloud/api-overview.md'.
Thu Jun 19 10:21:47 CST 2025: [PASS] AI validation PASSED for 'tidb-cloud/api-overview.md'.
Thu Jun 19 10:21:47 CST 2025: [REPORT] Generating progress report.
Thu Jun 19 10:21:47 CST 2025: [CYCLE END] Finished processing. Next check in 3os.
---
Thu Jun 19 10:21:51 CST 2025: [CYCLE START] Checking for work...
Thu Jun 19 10:21:51 CST 2025: [FOUND] Pending file: 'tidb-cloud/cli-reference.md'. Checking for translation...
Thu Jun 19 10:21:51 CST 2025: [LOCKING] Found '.amazon_q_result/tidb-cloud/cli-reference.md'. Locking for validation.
Thu Jun 19 10:21:51 CST 2025: [VALIDATING] Starting AI validation for 'tidb-cloud/cli-reference.md'.
Thu Jun 19 10:22:11 CST 2025: [PASS] AI validation PASSED for 'tidb-cloud/cli-reference.md'.
Thu Jun 19 10:22:11 CST 2025: [REPORT] Generating progress report.
Thu Jun 19 10:22:11 CST 2025: [CYCLE END] Finished processing. Next check in 3os.
---
Thu Jun 19 10:22:14 CST 2025: [CYCLE START] Checking for work...
Thu Jun 19 10:22:14 CST 2025: [FOUND] Pending file: 'tidb-cloud/ticloud-auth-login.md'. Checking for translation...
Thu Jun 19 10:22:14 CST 2025: [LOCKING] Found '.amazon_q_result/tidb-cloud/ticloud-auth-login.md'. Locking for validation.
Thu Jun 19 10:22:14 CST 2025: [VALIDATING] Starting AI validation for 'tidb-cloud/ticloud-auth-login.md'.
Thu Jun 19 10:22:33 CST 2025: [PASS] AI validation PASSED for 'tidb-cloud/ticloud-auth-login.md'.
Thu Jun 19 10:22:33 CST 2025: [REPORT] Generating progress report.
Thu Jun 19 10:22:33 CST 2025: [CYCLE END] Finished processing. Next check in 3os.
---
Thu Jun 19 10:22:36 CST 2025: [CYCLE START] Checking for work...
Thu Jun 19 10:22:36 CST 2025: [FOUND] Pending file: 'tidb-cloud/ticloud-auth-logout.md'. Checking for translation...
Thu Jun 19 10:22:36 CST 2025: [LOCKING] Found '.amazon_q_result/tidb-cloud/ticloud-auth-logout.md'. Locking for validation.
Thu Jun 19 10:22:36 CST 2025: [VALIDATING] Starting AI validation for 'tidb-cloud/ticloud-auth-logout.md'.
Thu Jun 19 10:22:57 CST 2025: [PASS] AI validation PASSED for 'tidb-cloud/ticloud-auth-logout.md'.
Thu Jun 19 10:22:57 CST 2025: [REPORT] Generating progress report.
Thu Jun 19 10:22:57 CST 2025: [CYCLE END] Finished processing. Next check in 3os.
---
Thu Jun 19 10:23:00 CST 2025: [CYCLE START] Checking for work...
Thu Jun 19 10:23:00 CST 2025: [FOUND] Pending file: 'tidb-cloud/ticloud-auth-whoami.md'. Checking for translation...
Thu Jun 19 10:23:00 CST 2025: [LOCKING] Found '.amazon_q_result/tidb-cloud/ticloud-auth-whoami.md'. Locking for validation.
Thu Jun 19 10:23:00 CST 2025: [VALIDATING] Starting AI validation for 'tidb-cloud/ticloud-auth-whoami.md'.
Thu Jun 19 10:23:20 CST 2025: [PASS] AI validation PASSED for 'tidb-cloud/ticloud-auth-whoami.md'.
Thu Jun 19 10:23:20 CST 2025: [REPORT] Generating progress report.
Thu Jun 19 10:23:20 CST 2025: [CYCLE END] Finished processing. Next check in 3os.
---
Thu Jun 19 10:23:23 CST 2025: [CYCLE START] Checking for work...
Thu Jun 19 10:23:23 CST 2025: [FOUND] Pending file: 'tidb-cloud/ticloud-cluster-create.md'. Checking for translation...
Thu Jun 19 10:23:23 CST 2025: [LOCKING] Found '.amazon_q_result/tidb-cloud/ticloud-cluster-create.md'. Locking for validation.
Thu Jun 19 10:23:23 CST 2025: [VALIDATING] Starting AI validation for 'tidb-cloud/ticloud-cluster-create.md'.
Thu Jun 19 10:23:43 CST 2025: [PASS] AI validation PASSED for 'tidb-cloud/ticloud-cluster-create.md'.
Thu Jun 19 10:23:43 CST 2025: [REPORT] Generating progress report.
Thu Jun 19 10:23:43 CST 2025: [CYCLE END] Finished processing. Next check in 3os.
---
Thu Jun 19 10:23:46 CST 2025: [CYCLE START] Checking for work...
Thu Jun 19 10:23:46 CST 2025: [FOUND] Pending file: 'tidb-cloud/ticloud-cluster-delete.md'. Checking for translation...
Thu Jun 19 10:23:46 CST 2025: [LOCKING] Found '.amazon_q_result/tidb-cloud/ticloud-cluster-delete.md'. Locking for validation.
Thu Jun 19 10:23:46 CST 2025: [VALIDATING] Starting AI validation for 'tidb-cloud/ticloud-cluster-delete.md'.
Thu Jun 19 10:24:05 CST 2025: [PASS] AI validation PASSED for 'tidb-cloud/ticloud-cluster-delete.md'.
Thu Jun 19 10:24:05 CST 2025: [REPORT] Generating progress report.
Thu Jun 19 10:24:05 CST 2025: [CYCLE END] Finished processing. Next check in 3os.
---
Thu Jun 19 10:24:08 CST 2025: [CYCLE START] Checking for work...
Thu Jun 19 10:24:08 CST 2025: [FOUND] Pending file: 'tidb-cloud/ticloud-cluster-describe.md'. Checking for translation...
Thu Jun 19 10:24:08 CST 2025: [LOCKING] Found '.amazon_q_result/tidb-cloud/ticloud-cluster-describe.md'. Locking for validation.
Thu Jun 19 10:24:08 CST 2025: [VALIDATING] Starting AI validation for 'tidb-cloud/ticloud-cluster-describe.md'.
Thu Jun 19 10:24:32 CST 2025: [PASS] AI validation PASSED for 'tidb-cloud/ticloud-cluster-describe.md'.
Thu Jun 19 10:24:32 CST 2025: [REPORT] Generating progress report.
Thu Jun 19 10:24:32 CST 2025: [CYCLE END] Finished processing. Next check in 3os.
---
Thu Jun 19 10:24:35 CST 2025: [CYCLE START] Checking for work...
Thu Jun 19 10:24:35 CST 2025: [FOUND] Pending file: 'tidb-cloud/ticloud-cluster-list.md'. Checking for translation...
Thu Jun 19 10:24:35 CST 2025: [LOCKING] Found '.amazon_q_result/tidb-cloud/ticloud-cluster-list.md'. Locking for validation.
Thu Jun 19 10:24:35 CST 2025: [VALIDATING] Starting AI validation for 'tidb-cloud/ticloud-cluster-list.md'.
Thu Jun 19 10:24:53 CST 2025: [PASS] AI validation PASSED for 'tidb-cloud/ticloud-cluster-list.md'.
Thu Jun 19 10:24:53 CST 2025: [REPORT] Generating progress report.
Thu Jun 19 10:24:53 CST 2025: [CYCLE END] Finished processing. Next check in 3os.
---
Thu Jun 19 10:24:56 CST 2025: [CYCLE START] Checking for work...
Thu Jun 19 10:24:56 CST 2025: [FOUND] Pending file: 'tidb-cloud/ticloud-serverless-update.md'. Checking for translation...
Thu Jun 19 10:24:56 CST 2025: [LOCKING] Found '.amazon_q_result/tidb-cloud/ticloud-serverless-update.md'. Locking for validation.
Thu Jun 19 10:24:56 CST 2025: [VALIDATING] Starting AI validation for 'tidb-cloud/ticloud-serverless-update.md'.
Thu Jun 19 10:25:14 CST 2025: [PASS] AI validation PASSED for 'tidb-cloud/ticloud-serverless-update.md'.
Thu Jun 19 10:25:14 CST 2025: [REPORT] Generating progress report.
Thu Jun 19 10:25:14 CST 2025: [CYCLE END] Finished processing. Next check in 3os.
---
Thu Jun 19 10:25:17 CST 2025: [CYCLE START] Checking for work...
Thu Jun 19 10:25:17 CST 2025: [FOUND] Pending file: 'tidb-cloud/ticloud-serverless-spending-limit.md'. Checking for translation...
Thu Jun 19 10:25:17 CST 2025: [LOCKING] Found '.amazon_q_result/tidb-cloud/ticloud-serverless-spending-limit.md'. Locking for validation.
Thu Jun 19 10:25:17 CST 2025: [VALIDATING] Starting AI validation for 'tidb-cloud/ticloud-serverless-spending-limit.md'.
Thu Jun 19 10:25:36 CST 2025: [PASS] AI validation PASSED for 'tidb-cloud/ticloud-serverless-spending-limit.md'.
Thu Jun 19 10:25:36 CST 2025: [REPORT] Generating progress report.
Thu Jun 19 10:25:36 CST 2025: [CYCLE END] Finished processing. Next check in 3os.
---
Thu Jun 19 10:25:39 CST 2025: [CYCLE START] Checking for work...
Thu Jun 19 10:25:39 CST 2025: [FOUND] Pending file: 'tidb-cloud/ticloud-serverless-region.md'. Checking for translation...
Thu Jun 19 10:25:39 CST 2025: [LOCKING] Found '.amazon_q_result/tidb-cloud/ticloud-serverless-region.md'. Locking for validation.
Thu Jun 19 10:25:39 CST 2025: [VALIDATING] Starting AI validation for 'tidb-cloud/ticloud-serverless-region.md'.
Thu Jun 19 10:26:00 CST 2025: [PASS] AI validation PASSED for 'tidb-cloud/ticloud-serverless-region.md'.
Thu Jun 19 10:26:00 CST 2025: [REPORT] Generating progress report.
Thu Jun 19 10:26:00 CST 2025: [CYCLE END] Finished processing. Next check in 3os.
---
Thu Jun 19 10:26:04 CST 2025: [CYCLE START] Checking for work...
Thu Jun 19 10:26:04 CST 2025: [FOUND] Pending file: 'tidb-cloud/ticloud-serverless-shell.md'. Checking for translation...
Thu Jun 19 10:26:04 CST 2025: [LOCKING] Found '.amazon_q_result/tidb-cloud/ticloud-serverless-shell.md'. Locking for validation.
Thu Jun 19 10:26:04 CST 2025: [VALIDATING] Starting AI validation for 'tidb-cloud/ticloud-serverless-shell.md'.
Thu Jun 19 10:26:22 CST 2025: [PASS] AI validation PASSED for 'tidb-cloud/ticloud-serverless-shell.md'.
Thu Jun 19 10:26:22 CST 2025: [REPORT] Generating progress report.
Thu Jun 19 10:26:22 CST 2025: [CYCLE END] Finished processing. Next check in 3os.
---
Thu Jun 19 10:26:25 CST 2025: [CYCLE START] Checking for work...
Thu Jun 19 10:26:25 CST 2025: [FOUND] Pending file: 'tidb-cloud/ticloud-branch-create.md'. Checking for translation...
Thu Jun 19 10:26:25 CST 2025: [LOCKING] Found '.amazon_q_result/tidb-cloud/ticloud-branch-create.md'. Locking for validation.
Thu Jun 19 10:26:25 CST 2025: [VALIDATING] Starting AI validation for 'tidb-cloud/ticloud-branch-create.md'.
Thu Jun 19 10:26:42 CST 2025: [PASS] AI validation PASSED for 'tidb-cloud/ticloud-branch-create.md'.
Thu Jun 19 10:26:42 CST 2025: [REPORT] Generating progress report.
Thu Jun 19 10:26:42 CST 2025: [CYCLE END] Finished processing. Next check in 3os.
---
Thu Jun 19 10:26:45 CST 2025: [CYCLE START] Checking for work...
Thu Jun 19 10:26:45 CST 2025: [FOUND] Pending file: 'tidb-cloud/ticloud-branch-delete.md'. Checking for translation...
Thu Jun 19 10:26:45 CST 2025: [LOCKING] Found '.amazon_q_result/tidb-cloud/ticloud-branch-delete.md'. Locking for validation.
Thu Jun 19 10:26:45 CST 2025: [VALIDATING] Starting AI validation for 'tidb-cloud/ticloud-branch-delete.md'.
Thu Jun 19 10:27:03 CST 2025: [PASS] AI validation PASSED for 'tidb-cloud/ticloud-branch-delete.md'.
Thu Jun 19 10:27:03 CST 2025: [REPORT] Generating progress report.
Thu Jun 19 10:27:03 CST 2025: [CYCLE END] Finished processing. Next check in 3os.
---
Thu Jun 19 10:27:06 CST 2025: [CYCLE START] Checking for work...
Thu Jun 19 10:27:06 CST 2025: [FOUND] Pending file: 'tidb-cloud/ticloud-branch-describe.md'. Checking for translation...
Thu Jun 19 10:27:06 CST 2025: [LOCKING] Found '.amazon_q_result/tidb-cloud/ticloud-branch-describe.md'. Locking for validation.
Thu Jun 19 10:27:06 CST 2025: [VALIDATING] Starting AI validation for 'tidb-cloud/ticloud-branch-describe.md'.
Thu Jun 19 10:27:26 CST 2025: [PASS] AI validation PASSED for 'tidb-cloud/ticloud-branch-describe.md'.
Thu Jun 19 10:27:26 CST 2025: [REPORT] Generating progress report.
Thu Jun 19 10:27:26 CST 2025: [CYCLE END] Finished processing. Next check in 3os.
---
Thu Jun 19 10:27:29 CST 2025: [CYCLE START] Checking for work...
Thu Jun 19 10:27:29 CST 2025: [FOUND] Pending file: 'tidb-cloud/ticloud-branch-list.md'. Checking for translation...
Thu Jun 19 10:27:29 CST 2025: [LOCKING] Found '.amazon_q_result/tidb-cloud/ticloud-branch-list.md'. Locking for validation.
Thu Jun 19 10:27:29 CST 2025: [VALIDATING] Starting AI validation for 'tidb-cloud/ticloud-branch-list.md'.
Thu Jun 19 10:27:47 CST 2025: [PASS] AI validation PASSED for 'tidb-cloud/ticloud-branch-list.md'.
Thu Jun 19 10:27:47 CST 2025: [REPORT] Generating progress report.
Thu Jun 19 10:27:47 CST 2025: [CYCLE END] Finished processing. Next check in 3os.
---
Thu Jun 19 10:27:50 CST 2025: [CYCLE START] Checking for work...
Thu Jun 19 10:27:50 CST 2025: [FOUND] Pending file: 'tidb-cloud/ticloud-branch-shell.md'. Checking for translation...
Thu Jun 19 10:27:50 CST 2025: [LOCKING] Found '.amazon_q_result/tidb-cloud/ticloud-branch-shell.md'. Locking for validation.
Thu Jun 19 10:27:50 CST 2025: [VALIDATING] Starting AI validation for 'tidb-cloud/ticloud-branch-shell.md'.
Thu Jun 19 10:28:11 CST 2025: [PASS] AI validation PASSED for 'tidb-cloud/ticloud-branch-shell.md'.
Thu Jun 19 10:28:11 CST 2025: [REPORT] Generating progress report.
Thu Jun 19 10:28:11 CST 2025: [CYCLE END] Finished processing. Next check in 3os.
---
Thu Jun 19 10:28:14 CST 2025: [CYCLE START] Checking for work...
Thu Jun 19 10:28:14 CST 2025: [FOUND] Pending file: 'tidb-cloud/ticloud-import-cancel.md'. Checking for translation...
Thu Jun 19 10:28:14 CST 2025: [LOCKING] Found '.amazon_q_result/tidb-cloud/ticloud-import-cancel.md'. Locking for validation.
Thu Jun 19 10:28:14 CST 2025: [VALIDATING] Starting AI validation for 'tidb-cloud/ticloud-import-cancel.md'.
Thu Jun 19 10:28:35 CST 2025: [PASS] AI validation PASSED for 'tidb-cloud/ticloud-import-cancel.md'.
Thu Jun 19 10:28:35 CST 2025: [REPORT] Generating progress report.
Thu Jun 19 10:28:35 CST 2025: [CYCLE END] Finished processing. Next check in 3os.
---
Thu Jun 19 10:28:38 CST 2025: [CYCLE START] Checking for work...
Thu Jun 19 10:28:38 CST 2025: [FOUND] Pending file: 'tidb-cloud/ticloud-import-describe.md'. Checking for translation...
Thu Jun 19 10:28:38 CST 2025: [LOCKING] Found '.amazon_q_result/tidb-cloud/ticloud-import-describe.md'. Locking for validation.
Thu Jun 19 10:28:38 CST 2025: [VALIDATING] Starting AI validation for 'tidb-cloud/ticloud-import-describe.md'.
Thu Jun 19 10:28:55 CST 2025: [PASS] AI validation PASSED for 'tidb-cloud/ticloud-import-describe.md'.
Thu Jun 19 10:28:55 CST 2025: [REPORT] Generating progress report.
Thu Jun 19 10:28:55 CST 2025: [CYCLE END] Finished processing. Next check in 3os.
---
Thu Jun 19 10:28:58 CST 2025: [CYCLE START] Checking for work...
Thu Jun 19 10:28:58 CST 2025: [FOUND] Pending file: 'tidb-cloud/ticloud-import-list.md'. Checking for translation...
Thu Jun 19 10:28:58 CST 2025: [LOCKING] Found '.amazon_q_result/tidb-cloud/ticloud-import-list.md'. Locking for validation.
Thu Jun 19 10:28:58 CST 2025: [VALIDATING] Starting AI validation for 'tidb-cloud/ticloud-import-list.md'.
Thu Jun 19 10:29:17 CST 2025: [PASS] AI validation PASSED for 'tidb-cloud/ticloud-import-list.md'.
Thu Jun 19 10:29:17 CST 2025: [REPORT] Generating progress report.
Thu Jun 19 10:29:17 CST 2025: [CYCLE END] Finished processing. Next check in 3os.
---
Thu Jun 19 10:29:20 CST 2025: [CYCLE START] Checking for work...
Thu Jun 19 10:29:20 CST 2025: [FOUND] Pending file: 'tidb-cloud/ticloud-import-start.md'. Checking for translation...
Thu Jun 19 10:29:20 CST 2025: [LOCKING] Found '.amazon_q_result/tidb-cloud/ticloud-import-start.md'. Locking for validation.
Thu Jun 19 10:29:20 CST 2025: [VALIDATING] Starting AI validation for 'tidb-cloud/ticloud-import-start.md'.
Thu Jun 19 10:29:40 CST 2025: [PASS] AI validation PASSED for 'tidb-cloud/ticloud-import-start.md'.
Thu Jun 19 10:29:40 CST 2025: [REPORT] Generating progress report.
Thu Jun 19 10:29:40 CST 2025: [CYCLE END] Finished processing. Next check in 3os.
---
Thu Jun 19 10:29:43 CST 2025: [CYCLE START] Checking for work...
Thu Jun 19 10:29:43 CST 2025: [FOUND] Pending file: 'tidb-cloud/ticloud-serverless-export-create.md'. Checking for translation...
Thu Jun 19 10:29:43 CST 2025: [LOCKING] Found '.amazon_q_result/tidb-cloud/ticloud-serverless-export-create.md'. Locking for validation.
Thu Jun 19 10:29:43 CST 2025: [VALIDATING] Starting AI validation for 'tidb-cloud/ticloud-serverless-export-create.md'.
Thu Jun 19 10:30:06 CST 2025: [PASS] AI validation PASSED for 'tidb-cloud/ticloud-serverless-export-create.md'.
Thu Jun 19 10:30:06 CST 2025: [REPORT] Generating progress report.
Thu Jun 19 10:30:06 CST 2025: [CYCLE END] Finished processing. Next check in 3os.
---
Thu Jun 19 10:30:09 CST 2025: [CYCLE START] Checking for work...
Thu Jun 19 10:30:09 CST 2025: [FOUND] Pending file: 'tidb-cloud/ticloud-serverless-export-describe.md'. Checking for translation...
Thu Jun 19 10:30:09 CST 2025: [LOCKING] Found '.amazon_q_result/tidb-cloud/ticloud-serverless-export-describe.md'. Locking for validation.
Thu Jun 19 10:30:09 CST 2025: [VALIDATING] Starting AI validation for 'tidb-cloud/ticloud-serverless-export-describe.md'.
Thu Jun 19 10:30:24 CST 2025: [PASS] AI validation PASSED for 'tidb-cloud/ticloud-serverless-export-describe.md'.
Thu Jun 19 10:30:24 CST 2025: [REPORT] Generating progress report.
Thu Jun 19 10:30:24 CST 2025: [CYCLE END] Finished processing. Next check in 3os.
---
Thu Jun 19 10:30:27 CST 2025: [CYCLE START] Checking for work...
Thu Jun 19 10:30:27 CST 2025: [FOUND] Pending file: 'tidb-cloud/ticloud-serverless-export-list.md'. Checking for translation...
Thu Jun 19 10:30:27 CST 2025: [LOCKING] Found '.amazon_q_result/tidb-cloud/ticloud-serverless-export-list.md'. Locking for validation.
Thu Jun 19 10:30:27 CST 2025: [VALIDATING] Starting AI validation for 'tidb-cloud/ticloud-serverless-export-list.md'.
Thu Jun 19 10:30:45 CST 2025: [PASS] AI validation PASSED for 'tidb-cloud/ticloud-serverless-export-list.md'.
Thu Jun 19 10:30:45 CST 2025: [REPORT] Generating progress report.
Thu Jun 19 10:30:45 CST 2025: [CYCLE END] Finished processing. Next check in 3os.
---
Thu Jun 19 10:30:48 CST 2025: [CYCLE START] Checking for work...
Thu Jun 19 10:30:48 CST 2025: [FOUND] Pending file: 'tidb-cloud/ticloud-serverless-export-cancel.md'. Checking for translation...
Thu Jun 19 10:30:48 CST 2025: [LOCKING] Found '.amazon_q_result/tidb-cloud/ticloud-serverless-export-cancel.md'. Locking for validation.
Thu Jun 19 10:30:48 CST 2025: [VALIDATING] Starting AI validation for 'tidb-cloud/ticloud-serverless-export-cancel.md'.
Thu Jun 19 10:31:08 CST 2025: [PASS] AI validation PASSED for 'tidb-cloud/ticloud-serverless-export-cancel.md'.
Thu Jun 19 10:31:08 CST 2025: [REPORT] Generating progress report.
Thu Jun 19 10:31:08 CST 2025: [CYCLE END] Finished processing. Next check in 3os.
---
Thu Jun 19 10:31:11 CST 2025: [CYCLE START] Checking for work...
Thu Jun 19 10:31:11 CST 2025: [FOUND] Pending file: 'tidb-cloud/ticloud-serverless-export-download.md'. Checking for translation...
Thu Jun 19 10:31:11 CST 2025: [LOCKING] Found '.amazon_q_result/tidb-cloud/ticloud-serverless-export-download.md'. Locking for validation.
Thu Jun 19 10:31:11 CST 2025: [VALIDATING] Starting AI validation for 'tidb-cloud/ticloud-serverless-export-download.md'.
Thu Jun 19 10:31:31 CST 2025: [PASS] AI validation PASSED for 'tidb-cloud/ticloud-serverless-export-download.md'.
Thu Jun 19 10:31:31 CST 2025: [REPORT] Generating progress report.
Thu Jun 19 10:31:31 CST 2025: [CYCLE END] Finished processing. Next check in 3os.
---
Thu Jun 19 10:31:34 CST 2025: [CYCLE START] Checking for work...
Thu Jun 19 10:31:34 CST 2025: [FOUND] Pending file: 'tidb-cloud/ticloud-serverless-sql-user-create.md'. Checking for translation...
Thu Jun 19 10:31:34 CST 2025: [LOCKING] Found '.amazon_q_result/tidb-cloud/ticloud-serverless-sql-user-create.md'. Locking for validation.
Thu Jun 19 10:31:34 CST 2025: [VALIDATING] Starting AI validation for 'tidb-cloud/ticloud-serverless-sql-user-create.md'.
Thu Jun 19 10:31:52 CST 2025: [PASS] AI validation PASSED for 'tidb-cloud/ticloud-serverless-sql-user-create.md'.
Thu Jun 19 10:31:52 CST 2025: [REPORT] Generating progress report.
Thu Jun 19 10:31:52 CST 2025: [CYCLE END] Finished processing. Next check in 3os.
---
Thu Jun 19 10:31:55 CST 2025: [CYCLE START] Checking for work...
Thu Jun 19 10:31:55 CST 2025: [FOUND] Pending file: 'tidb-cloud/ticloud-serverless-sql-user-delete.md'. Checking for translation...
Thu Jun 19 10:31:55 CST 2025: [LOCKING] Found '.amazon_q_result/tidb-cloud/ticloud-serverless-sql-user-delete.md'. Locking for validation.
Thu Jun 19 10:31:55 CST 2025: [VALIDATING] Starting AI validation for 'tidb-cloud/ticloud-serverless-sql-user-delete.md'.
Thu Jun 19 10:32:22 CST 2025: [PASS] AI validation PASSED for 'tidb-cloud/ticloud-serverless-sql-user-delete.md'.
Thu Jun 19 10:32:22 CST 2025: [REPORT] Generating progress report.
Thu Jun 19 10:32:22 CST 2025: [CYCLE END] Finished processing. Next check in 3os.
---
Thu Jun 19 10:32:25 CST 2025: [CYCLE START] Checking for work...
Thu Jun 19 10:32:25 CST 2025: [FOUND] Pending file: 'tidb-cloud/ticloud-serverless-sql-user-list.md'. Checking for translation...
Thu Jun 19 10:32:25 CST 2025: [LOCKING] Found '.amazon_q_result/tidb-cloud/ticloud-serverless-sql-user-list.md'. Locking for validation.
Thu Jun 19 10:32:25 CST 2025: [VALIDATING] Starting AI validation for 'tidb-cloud/ticloud-serverless-sql-user-list.md'.
Thu Jun 19 10:32:45 CST 2025: [PASS] AI validation PASSED for 'tidb-cloud/ticloud-serverless-sql-user-list.md'.
Thu Jun 19 10:32:45 CST 2025: [REPORT] Generating progress report.
Thu Jun 19 10:32:45 CST 2025: [CYCLE END] Finished processing. Next check in 3os.
---
Thu Jun 19 10:32:48 CST 2025: [CYCLE START] Checking for work...
Thu Jun 19 10:32:48 CST 2025: [FOUND] Pending file: 'tidb-cloud/ticloud-serverless-sql-user-update.md'. Checking for translation...
Thu Jun 19 10:32:48 CST 2025: [LOCKING] Found '.amazon_q_result/tidb-cloud/ticloud-serverless-sql-user-update.md'. Locking for validation.
Thu Jun 19 10:32:48 CST 2025: [VALIDATING] Starting AI validation for 'tidb-cloud/ticloud-serverless-sql-user-update.md'.
Thu Jun 19 10:33:05 CST 2025: [PASS] AI validation PASSED for 'tidb-cloud/ticloud-serverless-sql-user-update.md'.
Thu Jun 19 10:33:05 CST 2025: [REPORT] Generating progress report.
Thu Jun 19 10:33:05 CST 2025: [CYCLE END] Finished processing. Next check in 3os.
---
Thu Jun 19 10:33:08 CST 2025: [CYCLE START] Checking for work...
Thu Jun 19 10:33:08 CST 2025: [FOUND] Pending file: 'tidb-cloud/ticloud-serverless-authorized-network-create.md'. Checking for translation...
Thu Jun 19 10:33:08 CST 2025: [LOCKING] Found '.amazon_q_result/tidb-cloud/ticloud-serverless-authorized-network-create.md'. Locking for validation.
Thu Jun 19 10:33:08 CST 2025: [VALIDATING] Starting AI validation for 'tidb-cloud/ticloud-serverless-authorized-network-create.md'.
Thu Jun 19 10:33:27 CST 2025: [PASS] AI validation PASSED for 'tidb-cloud/ticloud-serverless-authorized-network-create.md'.
Thu Jun 19 10:33:27 CST 2025: [REPORT] Generating progress report.
Thu Jun 19 10:33:27 CST 2025: [CYCLE END] Finished processing. Next check in 3os.
---
Thu Jun 19 10:33:31 CST 2025: [CYCLE START] Checking for work...
Thu Jun 19 10:33:31 CST 2025: [FOUND] Pending file: 'tidb-cloud/ticloud-serverless-authorized-network-delete.md'. Checking for translation...
Thu Jun 19 10:33:31 CST 2025: [LOCKING] Found '.amazon_q_result/tidb-cloud/ticloud-serverless-authorized-network-delete.md'. Locking for validation.
Thu Jun 19 10:33:31 CST 2025: [VALIDATING] Starting AI validation for 'tidb-cloud/ticloud-serverless-authorized-network-delete.md'.
Thu Jun 19 10:33:50 CST 2025: [PASS] AI validation PASSED for 'tidb-cloud/ticloud-serverless-authorized-network-delete.md'.
Thu Jun 19 10:33:50 CST 2025: [REPORT] Generating progress report.
Thu Jun 19 10:33:50 CST 2025: [CYCLE END] Finished processing. Next check in 3os.
---
Thu Jun 19 10:33:53 CST 2025: [CYCLE START] Checking for work...
Thu Jun 19 10:33:53 CST 2025: [FOUND] Pending file: 'tidb-cloud/ticloud-serverless-authorized-network-list.md'. Checking for translation...
Thu Jun 19 10:33:53 CST 2025: [LOCKING] Found '.amazon_q_result/tidb-cloud/ticloud-serverless-authorized-network-list.md'. Locking for validation.
Thu Jun 19 10:33:53 CST 2025: [VALIDATING] Starting AI validation for 'tidb-cloud/ticloud-serverless-authorized-network-list.md'.
Thu Jun 19 10:34:12 CST 2025: [PASS] AI validation PASSED for 'tidb-cloud/ticloud-serverless-authorized-network-list.md'.
Thu Jun 19 10:34:12 CST 2025: [REPORT] Generating progress report.
Thu Jun 19 10:34:12 CST 2025: [CYCLE END] Finished processing. Next check in 3os.
---
Thu Jun 19 10:34:15 CST 2025: [CYCLE START] Checking for work...
Thu Jun 19 10:34:16 CST 2025: [FOUND] Pending file: 'tidb-cloud/ticloud-serverless-authorized-network-update.md'. Checking for translation...
Thu Jun 19 10:34:16 CST 2025: [LOCKING] Found '.amazon_q_result/tidb-cloud/ticloud-serverless-authorized-network-update.md'. Locking for validation.
Thu Jun 19 10:34:16 CST 2025: [VALIDATING] Starting AI validation for 'tidb-cloud/ticloud-serverless-authorized-network-update.md'.
Thu Jun 19 10:34:36 CST 2025: [PASS] AI validation PASSED for 'tidb-cloud/ticloud-serverless-authorized-network-update.md'.
Thu Jun 19 10:34:36 CST 2025: [REPORT] Generating progress report.
Thu Jun 19 10:34:36 CST 2025: [CYCLE END] Finished processing. Next check in 3os.
---
Thu Jun 19 10:34:39 CST 2025: [CYCLE START] Checking for work...
Thu Jun 19 10:34:39 CST 2025: [FOUND] Pending file: 'tidb-cloud/ticloud-ai.md'. Checking for translation...
Thu Jun 19 10:34:39 CST 2025: [LOCKING] Found '.amazon_q_result/tidb-cloud/ticloud-ai.md'. Locking for validation.
Thu Jun 19 10:34:39 CST 2025: [VALIDATING] Starting AI validation for 'tidb-cloud/ticloud-ai.md'.
Thu Jun 19 10:34:56 CST 2025: [PASS] AI validation PASSED for 'tidb-cloud/ticloud-ai.md'.
Thu Jun 19 10:34:56 CST 2025: [REPORT] Generating progress report.
Thu Jun 19 10:34:56 CST 2025: [CYCLE END] Finished processing. Next check in 3os.
---
Thu Jun 19 10:34:59 CST 2025: [CYCLE START] Checking for work...
Thu Jun 19 10:34:59 CST 2025: [FOUND] Pending file: 'tidb-cloud/ticloud-completion.md'. Checking for translation...
Thu Jun 19 10:34:59 CST 2025: [LOCKING] Found '.amazon_q_result/tidb-cloud/ticloud-completion.md'. Locking for validation.
Thu Jun 19 10:34:59 CST 2025: [VALIDATING] Starting AI validation for 'tidb-cloud/ticloud-completion.md'.
Thu Jun 19 10:35:21 CST 2025: [PASS] AI validation PASSED for 'tidb-cloud/ticloud-completion.md'.
Thu Jun 19 10:35:21 CST 2025: [REPORT] Generating progress report.
Thu Jun 19 10:35:21 CST 2025: [CYCLE END] Finished processing. Next check in 3os.
---
Thu Jun 19 10:35:24 CST 2025: [CYCLE START] Checking for work...
Thu Jun 19 10:35:24 CST 2025: [FOUND] Pending file: 'tidb-cloud/ticloud-config-create.md'. Checking for translation...
Thu Jun 19 10:35:24 CST 2025: [LOCKING] Found '.amazon_q_result/tidb-cloud/ticloud-config-create.md'. Locking for validation.
Thu Jun 19 10:35:24 CST 2025: [VALIDATING] Starting AI validation for 'tidb-cloud/ticloud-config-create.md'.
Thu Jun 19 10:35:44 CST 2025: [PASS] AI validation PASSED for 'tidb-cloud/ticloud-config-create.md'.
Thu Jun 19 10:35:44 CST 2025: [REPORT] Generating progress report.
Thu Jun 19 10:35:44 CST 2025: [CYCLE END] Finished processing. Next check in 3os.
---
Thu Jun 19 10:35:47 CST 2025: [CYCLE START] Checking for work...
Thu Jun 19 10:35:47 CST 2025: [FOUND] Pending file: 'tidb-cloud/ticloud-config-delete.md'. Checking for translation...
Thu Jun 19 10:35:47 CST 2025: [LOCKING] Found '.amazon_q_result/tidb-cloud/ticloud-config-delete.md'. Locking for validation.
Thu Jun 19 10:35:47 CST 2025: [VALIDATING] Starting AI validation for 'tidb-cloud/ticloud-config-delete.md'.
Thu Jun 19 10:36:02 CST 2025: [PASS] AI validation PASSED for 'tidb-cloud/ticloud-config-delete.md'.
Thu Jun 19 10:36:02 CST 2025: [REPORT] Generating progress report.
Thu Jun 19 10:36:02 CST 2025: [CYCLE END] Finished processing. Next check in 3os.
---
Thu Jun 19 10:36:05 CST 2025: [CYCLE START] Checking for work...
Thu Jun 19 10:36:05 CST 2025: [FOUND] Pending file: 'tidb-cloud/ticloud-config-describe.md'. Checking for translation...
Thu Jun 19 10:36:05 CST 2025: [LOCKING] Found '.amazon_q_result/tidb-cloud/ticloud-config-describe.md'. Locking for validation.
Thu Jun 19 10:36:05 CST 2025: [VALIDATING] Starting AI validation for 'tidb-cloud/ticloud-config-describe.md'.
Thu Jun 19 10:36:24 CST 2025: [PASS] AI validation PASSED for 'tidb-cloud/ticloud-config-describe.md'.
Thu Jun 19 10:36:24 CST 2025: [REPORT] Generating progress report.
Thu Jun 19 10:36:24 CST 2025: [CYCLE END] Finished processing. Next check in 3os.
---
Thu Jun 19 10:36:27 CST 2025: [CYCLE START] Checking for work...
Thu Jun 19 10:36:27 CST 2025: [FOUND] Pending file: 'tidb-cloud/ticloud-config-edit.md'. Checking for translation...
Thu Jun 19 10:36:27 CST 2025: [LOCKING] Found '.amazon_q_result/tidb-cloud/ticloud-config-edit.md'. Locking for validation.
Thu Jun 19 10:36:27 CST 2025: [VALIDATING] Starting AI validation for 'tidb-cloud/ticloud-config-edit.md'.
Thu Jun 19 10:36:46 CST 2025: [PASS] AI validation PASSED for 'tidb-cloud/ticloud-config-edit.md'.
Thu Jun 19 10:36:46 CST 2025: [REPORT] Generating progress report.
Thu Jun 19 10:36:46 CST 2025: [CYCLE END] Finished processing. Next check in 3os.
---
Thu Jun 19 10:36:49 CST 2025: [CYCLE START] Checking for work...
Thu Jun 19 10:36:49 CST 2025: [FOUND] Pending file: 'tidb-cloud/ticloud-config-list.md'. Checking for translation...
Thu Jun 19 10:36:49 CST 2025: [LOCKING] Found '.amazon_q_result/tidb-cloud/ticloud-config-list.md'. Locking for validation.
Thu Jun 19 10:36:49 CST 2025: [VALIDATING] Starting AI validation for 'tidb-cloud/ticloud-config-list.md'.
Thu Jun 19 10:37:06 CST 2025: [PASS] AI validation PASSED for 'tidb-cloud/ticloud-config-list.md'.
Thu Jun 19 10:37:06 CST 2025: [REPORT] Generating progress report.
Thu Jun 19 10:37:06 CST 2025: [CYCLE END] Finished processing. Next check in 3os.
---
Thu Jun 19 10:37:09 CST 2025: [CYCLE START] Checking for work...
Thu Jun 19 10:37:09 CST 2025: [FOUND] Pending file: 'tidb-cloud/ticloud-config-set.md'. Checking for translation...
Thu Jun 19 10:37:09 CST 2025: [LOCKING] Found '.amazon_q_result/tidb-cloud/ticloud-config-set.md'. Locking for validation.
Thu Jun 19 10:37:09 CST 2025: [VALIDATING] Starting AI validation for 'tidb-cloud/ticloud-config-set.md'.
Thu Jun 19 10:37:29 CST 2025: [PASS] AI validation PASSED for 'tidb-cloud/ticloud-config-set.md'.
Thu Jun 19 10:37:29 CST 2025: [REPORT] Generating progress report.
Thu Jun 19 10:37:29 CST 2025: [CYCLE END] Finished processing. Next check in 3os.
---
Thu Jun 19 10:37:32 CST 2025: [CYCLE START] Checking for work...
Thu Jun 19 10:37:32 CST 2025: [FOUND] Pending file: 'tidb-cloud/ticloud-config-use.md'. Checking for translation...
Thu Jun 19 10:37:32 CST 2025: [LOCKING] Found '.amazon_q_result/tidb-cloud/ticloud-config-use.md'. Locking for validation.
Thu Jun 19 10:37:32 CST 2025: [VALIDATING] Starting AI validation for 'tidb-cloud/ticloud-config-use.md'.
Thu Jun 19 10:38:00 CST 2025: [PASS] AI validation PASSED for 'tidb-cloud/ticloud-config-use.md'.
Thu Jun 19 10:38:00 CST 2025: [REPORT] Generating progress report.
Thu Jun 19 10:38:00 CST 2025: [CYCLE END] Finished processing. Next check in 3os.
---
Thu Jun 19 10:38:03 CST 2025: [CYCLE START] Checking for work...
Thu Jun 19 10:38:03 CST 2025: [FOUND] Pending file: 'tidb-cloud/ticloud-project-list.md'. Checking for translation...
Thu Jun 19 10:38:03 CST 2025: [LOCKING] Found '.amazon_q_result/tidb-cloud/ticloud-project-list.md'. Locking for validation.
Thu Jun 19 10:38:03 CST 2025: [VALIDATING] Starting AI validation for 'tidb-cloud/ticloud-project-list.md'.
Thu Jun 19 10:38:20 CST 2025: [PASS] AI validation PASSED for 'tidb-cloud/ticloud-project-list.md'.
Thu Jun 19 10:38:20 CST 2025: [REPORT] Generating progress report.
Thu Jun 19 10:38:20 CST 2025: [CYCLE END] Finished processing. Next check in 3os.
---
Thu Jun 19 10:38:23 CST 2025: [CYCLE START] Checking for work...
Thu Jun 19 10:38:23 CST 2025: [FOUND] Pending file: 'tidb-cloud/ticloud-upgrade.md'. Checking for translation...
Thu Jun 19 10:38:23 CST 2025: [LOCKING] Found '.amazon_q_result/tidb-cloud/ticloud-upgrade.md'. Locking for validation.
Thu Jun 19 10:38:24 CST 2025: [VALIDATING] Starting AI validation for 'tidb-cloud/ticloud-upgrade.md'.
Thu Jun 19 10:38:43 CST 2025: [PASS] AI validation PASSED for 'tidb-cloud/ticloud-upgrade.md'.
Thu Jun 19 10:38:43 CST 2025: [REPORT] Generating progress report.
Thu Jun 19 10:38:43 CST 2025: [CYCLE END] Finished processing. Next check in 3os.
---
Thu Jun 19 10:38:46 CST 2025: [CYCLE START] Checking for work...
Thu Jun 19 10:38:46 CST 2025: [FOUND] Pending file: 'tidb-cloud/ticloud-help.md'. Checking for translation...
Thu Jun 19 10:38:46 CST 2025: [LOCKING] Found '.amazon_q_result/tidb-cloud/ticloud-help.md'. Locking for validation.
Thu Jun 19 10:38:46 CST 2025: [VALIDATING] Starting AI validation for 'tidb-cloud/ticloud-help.md'.
Thu Jun 19 10:39:03 CST 2025: [PASS] AI validation PASSED for 'tidb-cloud/ticloud-help.md'.
Thu Jun 19 10:39:03 CST 2025: [REPORT] Generating progress report.
Thu Jun 19 10:39:03 CST 2025: [CYCLE END] Finished processing. Next check in 3os.
---
Thu Jun 19 10:39:06 CST 2025: [CYCLE START] Checking for work...
Thu Jun 19 10:39:06 CST 2025: [FOUND] Pending file: 'tidb-architecture.md'. Checking for translation...
Thu Jun 19 10:39:06 CST 2025: [LOCKING] Found '.amazon_q_result/tidb-architecture.md'. Locking for validation.
Thu Jun 19 10:39:06 CST 2025: [VALIDATING] Starting AI validation for 'tidb-architecture.md'.
Thu Jun 19 10:39:26 CST 2025: [PASS] AI validation PASSED for 'tidb-architecture.md'.
Thu Jun 19 10:39:26 CST 2025: [REPORT] Generating progress report.
Thu Jun 19 10:39:26 CST 2025: [CYCLE END] Finished processing. Next check in 3os.
---
Thu Jun 19 10:39:29 CST 2025: [CYCLE START] Checking for work...
Thu Jun 19 10:39:29 CST 2025: [FOUND] Pending file: 'tidb-storage.md'. Checking for translation...
Thu Jun 19 10:39:29 CST 2025: [LOCKING] Found '.amazon_q_result/tidb-storage.md'. Locking for validation.
Thu Jun 19 10:39:29 CST 2025: [VALIDATING] Starting AI validation for 'tidb-storage.md'.
Thu Jun 19 10:39:52 CST 2025: [PASS] AI validation PASSED for 'tidb-storage.md'.
Thu Jun 19 10:39:52 CST 2025: [REPORT] Generating progress report.
Thu Jun 19 10:39:52 CST 2025: [CYCLE END] Finished processing. Next check in 3os.
---
Thu Jun 19 10:39:55 CST 2025: [CYCLE START] Checking for work...
Thu Jun 19 10:39:55 CST 2025: [FOUND] Pending file: 'tidb-computing.md'. Checking for translation...
Thu Jun 19 10:39:55 CST 2025: [LOCKING] Found '.amazon_q_result/tidb-computing.md'. Locking for validation.
Thu Jun 19 10:39:55 CST 2025: [VALIDATING] Starting AI validation for 'tidb-computing.md'.
Thu Jun 19 10:40:16 CST 2025: [PASS] AI validation PASSED for 'tidb-computing.md'.
Thu Jun 19 10:40:16 CST 2025: [REPORT] Generating progress report.
Thu Jun 19 10:40:16 CST 2025: [CYCLE END] Finished processing. Next check in 3os.
---
Thu Jun 19 10:40:19 CST 2025: [CYCLE START] Checking for work...
Thu Jun 19 10:40:19 CST 2025: [FOUND] Pending file: 'tidb-scheduling.md'. Checking for translation...
Thu Jun 19 10:40:19 CST 2025: [LOCKING] Found '.amazon_q_result/tidb-scheduling.md'. Locking for validation.
Thu Jun 19 10:40:19 CST 2025: [VALIDATING] Starting AI validation for 'tidb-scheduling.md'.
Thu Jun 19 10:40:39 CST 2025: [PASS] AI validation PASSED for 'tidb-scheduling.md'.
Thu Jun 19 10:40:39 CST 2025: [REPORT] Generating progress report.
Thu Jun 19 10:40:39 CST 2025: [CYCLE END] Finished processing. Next check in 3os.
---
Thu Jun 19 10:40:42 CST 2025: [CYCLE START] Checking for work...
Thu Jun 19 10:40:43 CST 2025: [FOUND] Pending file: 'tso.md'. Checking for translation...
Thu Jun 19 10:40:43 CST 2025: [LOCKING] Found '.amazon_q_result/tso.md'. Locking for validation.
Thu Jun 19 10:40:43 CST 2025: [VALIDATING] Starting AI validation for 'tso.md'.
Thu Jun 19 10:41:04 CST 2025: [PASS] AI validation PASSED for 'tso.md'.
Thu Jun 19 10:41:04 CST 2025: [REPORT] Generating progress report.
Thu Jun 19 10:41:04 CST 2025: [CYCLE END] Finished processing. Next check in 3os.
---
Thu Jun 19 10:41:07 CST 2025: [CYCLE START] Checking for work...
Thu Jun 19 10:41:07 CST 2025: [FOUND] Pending file: 'tikv-overview.md'. Checking for translation...
Thu Jun 19 10:41:07 CST 2025: [LOCKING] Found '.amazon_q_result/tikv-overview.md'. Locking for validation.
Thu Jun 19 10:41:07 CST 2025: [VALIDATING] Starting AI validation for 'tikv-overview.md'.
Thu Jun 19 10:41:27 CST 2025: [PASS] AI validation PASSED for 'tikv-overview.md'.
Thu Jun 19 10:41:27 CST 2025: [REPORT] Generating progress report.
Thu Jun 19 10:41:27 CST 2025: [CYCLE END] Finished processing. Next check in 3os.
---
Thu Jun 19 10:41:30 CST 2025: [CYCLE START] Checking for work...
Thu Jun 19 10:41:30 CST 2025: [FOUND] Pending file: 'storage-engine/rocksdb-overview.md'. Checking for translation...
Thu Jun 19 10:41:30 CST 2025: [LOCKING] Found '.amazon_q_result/storage-engine/rocksdb-overview.md'. Locking for validation.
Thu Jun 19 10:41:30 CST 2025: [VALIDATING] Starting AI validation for 'storage-engine/rocksdb-overview.md'.
Thu Jun 19 10:41:49 CST 2025: [PASS] AI validation PASSED for 'storage-engine/rocksdb-overview.md'.
Thu Jun 19 10:41:49 CST 2025: [REPORT] Generating progress report.
Thu Jun 19 10:41:49 CST 2025: [CYCLE END] Finished processing. Next check in 3os.
---
Thu Jun 19 10:41:52 CST 2025: [CYCLE START] Checking for work...
Thu Jun 19 10:41:52 CST 2025: [FOUND] Pending file: 'tiflash/tiflash-spill-disk.md'. Checking for translation...
Thu Jun 19 10:41:52 CST 2025: [LOCKING] Found '.amazon_q_result/tiflash/tiflash-spill-disk.md'. Locking for validation.
Thu Jun 19 10:41:52 CST 2025: [VALIDATING] Starting AI validation for 'tiflash/tiflash-spill-disk.md'.
Thu Jun 19 10:42:12 CST 2025: [PASS] AI validation PASSED for 'tiflash/tiflash-spill-disk.md'.
Thu Jun 19 10:42:12 CST 2025: [REPORT] Generating progress report.
Thu Jun 19 10:42:12 CST 2025: [CYCLE END] Finished processing. Next check in 3os.
---
Thu Jun 19 10:42:16 CST 2025: [CYCLE START] Checking for work...
Thu Jun 19 10:42:16 CST 2025: [FOUND] Pending file: 'tidb-cloud/tidb-cloud-partners.md'. Checking for translation...
Thu Jun 19 10:42:16 CST 2025: [LOCKING] Found '.amazon_q_result/tidb-cloud/tidb-cloud-partners.md'. Locking for validation.
Thu Jun 19 10:42:16 CST 2025: [VALIDATING] Starting AI validation for 'tidb-cloud/tidb-cloud-partners.md'.
Thu Jun 19 10:42:34 CST 2025: [PASS] AI validation PASSED for 'tidb-cloud/tidb-cloud-partners.md'.
Thu Jun 19 10:42:34 CST 2025: [REPORT] Generating progress report.
Thu Jun 19 10:42:34 CST 2025: [CYCLE END] Finished processing. Next check in 3os.
---
Thu Jun 19 10:42:37 CST 2025: [CYCLE START] Checking for work...
Thu Jun 19 10:42:37 CST 2025: [FOUND] Pending file: 'tidb-cloud/managed-service-provider-customer.md'. Checking for translation...
Thu Jun 19 10:42:37 CST 2025: [LOCKING] Found '.amazon_q_result/tidb-cloud/managed-service-provider-customer.md'. Locking for validation.
Thu Jun 19 10:42:37 CST 2025: [VALIDATING] Starting AI validation for 'tidb-cloud/managed-service-provider-customer.md'.
Thu Jun 19 10:42:56 CST 2025: [PASS] AI validation PASSED for 'tidb-cloud/managed-service-provider-customer.md'.
Thu Jun 19 10:42:56 CST 2025: [REPORT] Generating progress report.
Thu Jun 19 10:42:56 CST 2025: [CYCLE END] Finished processing. Next check in 3os.
---
Thu Jun 19 10:42:59 CST 2025: [CYCLE START] Checking for work...
Thu Jun 19 10:42:59 CST 2025: [FOUND] Pending file: 'tidb-cloud/cppo-customer.md'. Checking for translation...
Thu Jun 19 10:42:59 CST 2025: [LOCKING] Found '.amazon_q_result/tidb-cloud/cppo-customer.md'. Locking for validation.
Thu Jun 19 10:42:59 CST 2025: [VALIDATING] Starting AI validation for 'tidb-cloud/cppo-customer.md'.
Thu Jun 19 10:43:20 CST 2025: [PASS] AI validation PASSED for 'tidb-cloud/cppo-customer.md'.
Thu Jun 19 10:43:20 CST 2025: [REPORT] Generating progress report.
Thu Jun 19 10:43:20 CST 2025: [CYCLE END] Finished processing. Next check in 3os.
---
Thu Jun 19 10:43:23 CST 2025: [CYCLE START] Checking for work...
Thu Jun 19 10:43:23 CST 2025: [FOUND] Pending file: 'tidb-distributed-execution-framework.md'. Checking for translation...
Thu Jun 19 10:43:23 CST 2025: [LOCKING] Found '.amazon_q_result/tidb-distributed-execution-framework.md'. Locking for validation.
Thu Jun 19 10:43:23 CST 2025: [VALIDATING] Starting AI validation for 'tidb-distributed-execution-framework.md'.
Thu Jun 19 10:43:43 CST 2025: [PASS] AI validation PASSED for 'tidb-distributed-execution-framework.md'.
Thu Jun 19 10:43:43 CST 2025: [REPORT] Generating progress report.
Thu Jun 19 10:43:43 CST 2025: [CYCLE END] Finished processing. Next check in 3os.
---
Thu Jun 19 10:43:46 CST 2025: [CYCLE START] Checking for work...
Thu Jun 19 10:43:46 CST 2025: [FOUND] Pending file: 'tidb-global-sort.md'. Checking for translation...
Thu Jun 19 10:43:46 CST 2025: [LOCKING] Found '.amazon_q_result/tidb-global-sort.md'. Locking for validation.
Thu Jun 19 10:43:46 CST 2025: [VALIDATING] Starting AI validation for 'tidb-global-sort.md'.
Thu Jun 19 10:44:05 CST 2025: [PASS] AI validation PASSED for 'tidb-global-sort.md'.
Thu Jun 19 10:44:05 CST 2025: [REPORT] Generating progress report.
Thu Jun 19 10:44:05 CST 2025: [CYCLE END] Finished processing. Next check in 3os.
---
Thu Jun 19 10:44:08 CST 2025: [CYCLE START] Checking for work...
Thu Jun 19 10:44:08 CST 2025: [FOUND] Pending file: 'tidb-cloud/limitations-and-quotas.md'. Checking for translation...
Thu Jun 19 10:44:08 CST 2025: [LOCKING] Found '.amazon_q_result/tidb-cloud/limitations-and-quotas.md'. Locking for validation.
Thu Jun 19 10:44:08 CST 2025: [VALIDATING] Starting AI validation for 'tidb-cloud/limitations-and-quotas.md'.
Thu Jun 19 10:44:26 CST 2025: [PASS] AI validation PASSED for 'tidb-cloud/limitations-and-quotas.md'.
Thu Jun 19 10:44:26 CST 2025: [REPORT] Generating progress report.
Thu Jun 19 10:44:26 CST 2025: [CYCLE END] Finished processing. Next check in 3os.
---
Thu Jun 19 10:44:29 CST 2025: [CYCLE START] Checking for work...
Thu Jun 19 10:44:29 CST 2025: [FOUND] Pending file: 'tidb-cloud/serverless-limitations.md'. Checking for translation...
Thu Jun 19 10:44:29 CST 2025: [LOCKING] Found '.amazon_q_result/tidb-cloud/serverless-limitations.md'. Locking for validation.
Thu Jun 19 10:44:29 CST 2025: [VALIDATING] Starting AI validation for 'tidb-cloud/serverless-limitations.md'.
Thu Jun 19 10:44:50 CST 2025: [PASS] AI validation PASSED for 'tidb-cloud/serverless-limitations.md'.
Thu Jun 19 10:44:50 CST 2025: [REPORT] Generating progress report.
Thu Jun 19 10:44:50 CST 2025: [CYCLE END] Finished processing. Next check in 3os.
---
Thu Jun 19 10:44:53 CST 2025: [CYCLE START] Checking for work...
Thu Jun 19 10:44:53 CST 2025: [FOUND] Pending file: 'tidb-cloud/limited-sql-features.md'. Checking for translation...
Thu Jun 19 10:44:53 CST 2025: [LOCKING] Found '.amazon_q_result/tidb-cloud/limited-sql-features.md'. Locking for validation.
Thu Jun 19 10:44:53 CST 2025: [VALIDATING] Starting AI validation for 'tidb-cloud/limited-sql-features.md'.
Thu Jun 19 10:45:18 CST 2025: [PASS] AI validation PASSED for 'tidb-cloud/limited-sql-features.md'.
Thu Jun 19 10:45:18 CST 2025: [REPORT] Generating progress report.
Thu Jun 19 10:45:18 CST 2025: [CYCLE END] Finished processing. Next check in 3os.
---
Thu Jun 19 10:45:21 CST 2025: [CYCLE START] Checking for work...
Thu Jun 19 10:45:21 CST 2025: [FOUND] Pending file: 'tidb-limitations.md'. Checking for translation...
Thu Jun 19 10:45:21 CST 2025: [LOCKING] Found '.amazon_q_result/tidb-limitations.md'. Locking for validation.
Thu Jun 19 10:45:21 CST 2025: [VALIDATING] Starting AI validation for 'tidb-limitations.md'.
Thu Jun 19 10:45:38 CST 2025: [PASS] AI validation PASSED for 'tidb-limitations.md'.
Thu Jun 19 10:45:38 CST 2025: [REPORT] Generating progress report.
Thu Jun 19 10:45:38 CST 2025: [CYCLE END] Finished processing. Next check in 3os.
---
Thu Jun 19 10:45:41 CST 2025: [CYCLE START] Checking for work...
Thu Jun 19 10:45:41 CST 2025: [FOUND] Pending file: 'tidb-cloud/v8.5-performance-highlights.md'. Checking for translation...
Thu Jun 19 10:45:41 CST 2025: [LOCKING] Found '.amazon_q_result/tidb-cloud/v8.5-performance-highlights.md'. Locking for validation.
Thu Jun 19 10:45:41 CST 2025: [VALIDATING] Starting AI validation for 'tidb-cloud/v8.5-performance-highlights.md'.
Thu Jun 19 10:46:04 CST 2025: [PASS] AI validation PASSED for 'tidb-cloud/v8.5-performance-highlights.md'.
Thu Jun 19 10:46:04 CST 2025: [REPORT] Generating progress report.
Thu Jun 19 10:46:04 CST 2025: [CYCLE END] Finished processing. Next check in 3os.
---
Thu Jun 19 10:46:07 CST 2025: [CYCLE START] Checking for work...
Thu Jun 19 10:46:07 CST 2025: [FOUND] Pending file: 'tidb-cloud/v8.5-performance-benchmarking-with-tpcc.md'. Checking for translation...
Thu Jun 19 10:46:07 CST 2025: [LOCKING] Found '.amazon_q_result/tidb-cloud/v8.5-performance-benchmarking-with-tpcc.md'. Locking for validation.
Thu Jun 19 10:46:07 CST 2025: [VALIDATING] Starting AI validation for 'tidb-cloud/v8.5-performance-benchmarking-with-tpcc.md'.
Thu Jun 19 10:46:29 CST 2025: [PASS] AI validation PASSED for 'tidb-cloud/v8.5-performance-benchmarking-with-tpcc.md'.
Thu Jun 19 10:46:29 CST 2025: [REPORT] Generating progress report.
Thu Jun 19 10:46:29 CST 2025: [CYCLE END] Finished processing. Next check in 3os.
---
Thu Jun 19 10:46:32 CST 2025: [CYCLE START] Checking for work...
Thu Jun 19 10:46:32 CST 2025: [FOUND] Pending file: 'tidb-cloud/v8.5-performance-benchmarking-with-sysbench.md'. Checking for translation...
Thu Jun 19 10:46:32 CST 2025: [LOCKING] Found '.amazon_q_result/tidb-cloud/v8.5-performance-benchmarking-with-sysbench.md'. Locking for validation.
Thu Jun 19 10:46:32 CST 2025: [VALIDATING] Starting AI validation for 'tidb-cloud/v8.5-performance-benchmarking-with-sysbench.md'.
Thu Jun 19 10:46:57 CST 2025: [PASS] AI validation PASSED for 'tidb-cloud/v8.5-performance-benchmarking-with-sysbench.md'.
Thu Jun 19 10:46:57 CST 2025: [REPORT] Generating progress report.
Thu Jun 19 10:46:57 CST 2025: [CYCLE END] Finished processing. Next check in 3os.
---
Thu Jun 19 10:47:00 CST 2025: [CYCLE START] Checking for work...
Thu Jun 19 10:47:00 CST 2025: [FOUND] Pending file: 'tidb-cloud/v8.1-performance-benchmarking-with-tpcc.md'. Checking for translation...
Thu Jun 19 10:47:00 CST 2025: [LOCKING] Found '.amazon_q_result/tidb-cloud/v8.1-performance-benchmarking-with-tpcc.md'. Locking for validation.
Thu Jun 19 10:47:00 CST 2025: [VALIDATING] Starting AI validation for 'tidb-cloud/v8.1-performance-benchmarking-with-tpcc.md'.
Thu Jun 19 10:47:23 CST 2025: [PASS] AI validation PASSED for 'tidb-cloud/v8.1-performance-benchmarking-with-tpcc.md'.
Thu Jun 19 10:47:23 CST 2025: [REPORT] Generating progress report.
Thu Jun 19 10:47:23 CST 2025: [CYCLE END] Finished processing. Next check in 3os.
---
Thu Jun 19 10:47:26 CST 2025: [CYCLE START] Checking for work...
Thu Jun 19 10:47:26 CST 2025: [FOUND] Pending file: 'tidb-cloud/v8.1-performance-benchmarking-with-sysbench.md'. Checking for translation...
Thu Jun 19 10:47:26 CST 2025: [LOCKING] Found '.amazon_q_result/tidb-cloud/v8.1-performance-benchmarking-with-sysbench.md'. Locking for validation.
Thu Jun 19 10:47:26 CST 2025: [VALIDATING] Starting AI validation for 'tidb-cloud/v8.1-performance-benchmarking-with-sysbench.md'.
Thu Jun 19 10:47:50 CST 2025: [PASS] AI validation PASSED for 'tidb-cloud/v8.1-performance-benchmarking-with-sysbench.md'.
Thu Jun 19 10:47:50 CST 2025: [REPORT] Generating progress report.
Thu Jun 19 10:47:50 CST 2025: [CYCLE END] Finished processing. Next check in 3os.
---
Thu Jun 19 10:47:53 CST 2025: [CYCLE START] Checking for work...
Thu Jun 19 10:47:53 CST 2025: [FOUND] Pending file: 'tidb-cloud/v7.5-performance-benchmarking-with-tpcc.md'. Checking for translation...
Thu Jun 19 10:47:53 CST 2025: [LOCKING] Found '.amazon_q_result/tidb-cloud/v7.5-performance-benchmarking-with-tpcc.md'. Locking for validation.
Thu Jun 19 10:47:53 CST 2025: [VALIDATING] Starting AI validation for 'tidb-cloud/v7.5-performance-benchmarking-with-tpcc.md'.
Thu Jun 19 10:48:12 CST 2025: [PASS] AI validation PASSED for 'tidb-cloud/v7.5-performance-benchmarking-with-tpcc.md'.
Thu Jun 19 10:48:12 CST 2025: [REPORT] Generating progress report.
Thu Jun 19 10:48:12 CST 2025: [CYCLE END] Finished processing. Next check in 3os.
---
Thu Jun 19 10:48:15 CST 2025: [CYCLE START] Checking for work...
Thu Jun 19 10:48:15 CST 2025: [FOUND] Pending file: 'tidb-cloud/v7.5-performance-benchmarking-with-sysbench.md'. Checking for translation...
Thu Jun 19 10:48:15 CST 2025: [LOCKING] Found '.amazon_q_result/tidb-cloud/v7.5-performance-benchmarking-with-sysbench.md'. Locking for validation.
Thu Jun 19 10:48:15 CST 2025: [VALIDATING] Starting AI validation for 'tidb-cloud/v7.5-performance-benchmarking-with-sysbench.md'.
Thu Jun 19 10:48:35 CST 2025: [PASS] AI validation PASSED for 'tidb-cloud/v7.5-performance-benchmarking-with-sysbench.md'.
Thu Jun 19 10:48:35 CST 2025: [REPORT] Generating progress report.
Thu Jun 19 10:48:35 CST 2025: [CYCLE END] Finished processing. Next check in 3os.
---
Thu Jun 19 10:48:38 CST 2025: [CYCLE START] Checking for work...
Thu Jun 19 10:48:39 CST 2025: [FOUND] Pending file: 'tidb-cloud/v7.1-performance-benchmarking-with-tpcc.md'. Checking for translation...
Thu Jun 19 10:48:39 CST 2025: [LOCKING] Found '.amazon_q_result/tidb-cloud/v7.1-performance-benchmarking-with-tpcc.md'. Locking for validation.
Thu Jun 19 10:48:39 CST 2025: [VALIDATING] Starting AI validation for 'tidb-cloud/v7.1-performance-benchmarking-with-tpcc.md'.
Thu Jun 19 10:49:00 CST 2025: [PASS] AI validation PASSED for 'tidb-cloud/v7.1-performance-benchmarking-with-tpcc.md'.
Thu Jun 19 10:49:00 CST 2025: [REPORT] Generating progress report.
Thu Jun 19 10:49:00 CST 2025: [CYCLE END] Finished processing. Next check in 3os.
---
Thu Jun 19 10:49:03 CST 2025: [CYCLE START] Checking for work...
Thu Jun 19 10:49:03 CST 2025: [FOUND] Pending file: 'tidb-cloud/v7.1-performance-benchmarking-with-sysbench.md'. Checking for translation...
Thu Jun 19 10:49:03 CST 2025: [LOCKING] Found '.amazon_q_result/tidb-cloud/v7.1-performance-benchmarking-with-sysbench.md'. Locking for validation.
Thu Jun 19 10:49:03 CST 2025: [VALIDATING] Starting AI validation for 'tidb-cloud/v7.1-performance-benchmarking-with-sysbench.md'.
Thu Jun 19 10:49:24 CST 2025: [PASS] AI validation PASSED for 'tidb-cloud/v7.1-performance-benchmarking-with-sysbench.md'.
Thu Jun 19 10:49:24 CST 2025: [REPORT] Generating progress report.
Thu Jun 19 10:49:24 CST 2025: [CYCLE END] Finished processing. Next check in 3os.
---
Thu Jun 19 10:49:27 CST 2025: [CYCLE START] Checking for work...
Thu Jun 19 10:49:27 CST 2025: [FOUND] Pending file: 'tidb-cloud/v6.5-performance-benchmarking-with-tpcc.md'. Checking for translation...
Thu Jun 19 10:49:27 CST 2025: [LOCKING] Found '.amazon_q_result/tidb-cloud/v6.5-performance-benchmarking-with-tpcc.md'. Locking for validation.
Thu Jun 19 10:49:27 CST 2025: [VALIDATING] Starting AI validation for 'tidb-cloud/v6.5-performance-benchmarking-with-tpcc.md'.
Thu Jun 19 10:49:48 CST 2025: [PASS] AI validation PASSED for 'tidb-cloud/v6.5-performance-benchmarking-with-tpcc.md'.
Thu Jun 19 10:49:49 CST 2025: [REPORT] Generating progress report.
Thu Jun 19 10:49:49 CST 2025: [CYCLE END] Finished processing. Next check in 3os.
---
Thu Jun 19 10:49:52 CST 2025: [CYCLE START] Checking for work...
Thu Jun 19 10:49:52 CST 2025: [FOUND] Pending file: 'tidb-cloud/v6.5-performance-benchmarking-with-sysbench.md'. Checking for translation...
Thu Jun 19 10:49:52 CST 2025: [LOCKING] Found '.amazon_q_result/tidb-cloud/v6.5-performance-benchmarking-with-sysbench.md'. Locking for validation.
Thu Jun 19 10:49:52 CST 2025: [VALIDATING] Starting AI validation for 'tidb-cloud/v6.5-performance-benchmarking-with-sysbench.md'.
Thu Jun 19 10:50:14 CST 2025: [PASS] AI validation PASSED for 'tidb-cloud/v6.5-performance-benchmarking-with-sysbench.md'.
Thu Jun 19 10:50:14 CST 2025: [REPORT] Generating progress report.
Thu Jun 19 10:50:14 CST 2025: [CYCLE END] Finished processing. Next check in 3os.
---
Thu Jun 19 10:50:17 CST 2025: [CYCLE START] Checking for work...
Thu Jun 19 10:50:17 CST 2025: [FOUND] Pending file: 'system-variables.md'. Checking for translation...
Thu Jun 19 10:50:17 CST 2025: [LOCKING] Found '.amazon_q_result/system-variables.md'. Locking for validation.
Thu Jun 19 10:50:17 CST 2025: [VALIDATING] Starting AI validation for 'system-variables.md'.
=== AI-Powered Validation Monitoring Started Thu Jun 19 11:32:00 CST 2025 ===
---
Thu Jun 19 11:32:00 CST 2025: [CYCLE START] Checking for work...
Thu Jun 19 11:32:00 CST 2025: [FOUND] Pending file: 'system-variables.md'. Checking for translation...
Thu Jun 19 11:32:00 CST 2025: [LOCKING] Found '.amazon_q_result/system-variables.md'. Locking for validation.
Thu Jun 19 11:32:00 CST 2025: [LINE-CHECK] File 'system-variables.md' has     6347 lines (>200). Using line count validation.
Thu Jun 19 11:32:00 CST 2025: [FAIL] Line count validation FAILED for 'system-variables.md'. Original:     6347, Translated:      155
Thu Jun 19 11:32:00 CST 2025: [REPORT] Generating progress report.
Thu Jun 19 11:32:00 CST 2025: [CYCLE END] Finished processing. Next check in 3os.
---
Thu Jun 19 11:32:03 CST 2025: [CYCLE START] Checking for work...
Thu Jun 19 11:32:03 CST 2025: [FOUND] Pending file: 'system-variables.md'. Checking for translation...
Thu Jun 19 11:32:03 CST 2025: [LOCKING] Found '.amazon_q_result/system-variables.md'. Locking for validation.
Thu Jun 19 11:32:04 CST 2025: [LINE-CHECK] File 'system-variables.md' has     6347 lines (>200). Using line count validation.
Thu Jun 19 11:32:04 CST 2025: [FAIL] Line count validation FAILED for 'system-variables.md'. Original:     6347, Translated:      155
Thu Jun 19 11:32:04 CST 2025: [REPORT] Generating progress report.
Thu Jun 19 11:32:04 CST 2025: [CYCLE END] Finished processing. Next check in 3os.
---
Thu Jun 19 11:32:07 CST 2025: [CYCLE START] Checking for work...
Thu Jun 19 11:32:07 CST 2025: [FOUND] Pending file: 'system-variables.md'. Checking for translation...
Thu Jun 19 11:32:07 CST 2025: [LOCKING] Found '.amazon_q_result/system-variables.md'. Locking for validation.
Thu Jun 19 11:32:07 CST 2025: [LINE-CHECK] File 'system-variables.md' has     6347 lines (>200). Using line count validation.
Thu Jun 19 11:32:07 CST 2025: [FAIL] Line count validation FAILED for 'system-variables.md'. Original:     6347, Translated:      155
Thu Jun 19 11:32:07 CST 2025: [REPORT] Generating progress report.
Thu Jun 19 11:32:07 CST 2025: [CYCLE END] Finished processing. Next check in 3os.
=== AI-Powered Validation Monitoring Started Thu Jun 19 11:33:45 CST 2025 ===
---
Thu Jun 19 11:33:45 CST 2025: [CYCLE START] Checking for work...
Thu Jun 19 11:33:45 CST 2025: [FOUND] Pending file: 'system-variables.md'. Checking for translation...
Thu Jun 19 11:33:45 CST 2025: [LOCKING] Found '.amazon_q_result/system-variables.md'. Locking for validation.
Thu Jun 19 11:33:45 CST 2025: [LINE-CHECK] File 'system-variables.md' has     6347 lines (>200). Using line count validation.
Thu Jun 19 11:33:45 CST 2025: [FAIL] Line count validation FAILED for 'system-variables.md'. Original:     6347, Translated:      155
Thu Jun 19 11:33:45 CST 2025: [REPORT] Generating progress report.
Thu Jun 19 11:33:45 CST 2025: [CYCLE END] Finished processing. Next check in 3s.
---
Thu Jun 19 11:33:48 CST 2025: [CYCLE START] Checking for work...
Thu Jun 19 11:33:48 CST 2025: [FOUND] Pending file: 'system-variables.md'. Checking for translation...
Thu Jun 19 11:33:48 CST 2025: [LOCKING] Found '.amazon_q_result/system-variables.md'. Locking for validation.
Thu Jun 19 11:33:48 CST 2025: [LINE-CHECK] File 'system-variables.md' has     6347 lines (>200). Using line count validation.
Thu Jun 19 11:33:48 CST 2025: [FAIL] Line count validation FAILED for 'system-variables.md'. Original:     6347, Translated:      155
Thu Jun 19 11:33:48 CST 2025: [REPORT] Generating progress report.
Thu Jun 19 11:33:48 CST 2025: [CYCLE END] Finished processing. Next check in 3s.
---
Thu Jun 19 11:33:51 CST 2025: [CYCLE START] Checking for work...
Thu Jun 19 11:33:51 CST 2025: [FOUND] Pending file: 'system-variables.md'. Checking for translation...
Thu Jun 19 11:33:51 CST 2025: [LOCKING] Found '.amazon_q_result/system-variables.md'. Locking for validation.
Thu Jun 19 11:33:52 CST 2025: [LINE-CHECK] File 'system-variables.md' has     6347 lines (>200). Using line count validation.
Thu Jun 19 11:33:52 CST 2025: [FAIL] Line count validation FAILED for 'system-variables.md'. Original:     6347, Translated:      155
Thu Jun 19 11:33:52 CST 2025: [REPORT] Generating progress report.
Thu Jun 19 11:33:52 CST 2025: [CYCLE END] Finished processing. Next check in 3s.
---
Thu Jun 19 11:33:55 CST 2025: [CYCLE START] Checking for work...
Thu Jun 19 11:33:55 CST 2025: [FOUND] Pending file: 'system-variables.md'. Checking for translation...
Thu Jun 19 11:33:55 CST 2025: [LOCKING] Found '.amazon_q_result/system-variables.md'. Locking for validation.
Thu Jun 19 11:33:55 CST 2025: [LINE-CHECK] File 'system-variables.md' has     6347 lines (>200). Using line count validation.
Thu Jun 19 11:33:55 CST 2025: [FAIL] Line count validation FAILED for 'system-variables.md'. Original:     6347, Translated:      155
Thu Jun 19 11:33:55 CST 2025: [REPORT] Generating progress report.
Thu Jun 19 11:33:55 CST 2025: [CYCLE END] Finished processing. Next check in 3s.
---
Thu Jun 19 11:33:58 CST 2025: [CYCLE START] Checking for work...
Thu Jun 19 11:33:58 CST 2025: [FOUND] Pending file: 'system-variables.md'. Checking for translation...
Thu Jun 19 11:33:58 CST 2025: [LOCKING] Found '.amazon_q_result/system-variables.md'. Locking for validation.
Thu Jun 19 11:33:58 CST 2025: [LINE-CHECK] File 'system-variables.md' has     6347 lines (>200). Using line count validation.
Thu Jun 19 11:33:58 CST 2025: [FAIL] Line count validation FAILED for 'system-variables.md'. Original:     6347, Translated:      155
Thu Jun 19 11:33:58 CST 2025: [REPORT] Generating progress report.
Thu Jun 19 11:33:58 CST 2025: [CYCLE END] Finished processing. Next check in 3s.
---
Thu Jun 19 11:34:01 CST 2025: [CYCLE START] Checking for work...
Thu Jun 19 11:34:01 CST 2025: [FOUND] Pending file: 'system-variables.md'. Checking for translation...
Thu Jun 19 11:34:01 CST 2025: [LOCKING] Found '.amazon_q_result/system-variables.md'. Locking for validation.
Thu Jun 19 11:34:01 CST 2025: [LINE-CHECK] File 'system-variables.md' has     6347 lines (>200). Using line count validation.
Thu Jun 19 11:34:01 CST 2025: [FAIL] Line count validation FAILED for 'system-variables.md'. Original:     6347, Translated:      155
Thu Jun 19 11:34:01 CST 2025: [REPORT] Generating progress report.
Thu Jun 19 11:34:01 CST 2025: [CYCLE END] Finished processing. Next check in 3s.
=== AI-Powered Validation Monitoring Started Thu Jun 19 11:35:04 CST 2025 ===
---
Thu Jun 19 11:35:04 CST 2025: [CYCLE START] Checking for work...
Thu Jun 19 11:35:04 CST 2025: [COMPLETE] No more unprocessed files found. All files have been processed. Exiting.
=== Monitoring Script Exited Gracefully Thu Jun 19 11:35:04 CST 2025 ===
=== AI-Powered Validation Monitoring Started Thu Jun 19 11:38:18 CST 2025 ===
---
Thu Jun 19 11:38:18 CST 2025: [CYCLE START] Checking for work...
Thu Jun 19 11:38:18 CST 2025: [FOUND] Pending file: 'system-variables.md'. Checking for translation...
Thu Jun 19 11:38:18 CST 2025: [LOCKING] Found '.amazon_q_result/system-variables.md'. Locking for validation.
Thu Jun 19 11:38:18 CST 2025: [LINE-CHECK] File 'system-variables.md' has     6347 lines (>200). Using line count validation.
Thu Jun 19 11:38:18 CST 2025: [FAIL] Line count validation FAILED for 'system-variables.md'. Original:     6347, Translated:      155
Thu Jun 19 11:38:18 CST 2025: [REPORT] Generating progress report.
Thu Jun 19 11:38:18 CST 2025: [CYCLE END] Finished processing. Next check in 3s.
---
Thu Jun 19 11:38:21 CST 2025: [CYCLE START] Checking for work...
Thu Jun 19 11:38:21 CST 2025: [FOUND] Pending file: 'system-variables.md'. Checking for translation...
Thu Jun 19 11:38:21 CST 2025: [LOCKING] Found '.amazon_q_result/system-variables.md'. Locking for validation.
Thu Jun 19 11:38:21 CST 2025: [LINE-CHECK] File 'system-variables.md' has     6347 lines (>200). Using line count validation.
Thu Jun 19 11:38:21 CST 2025: [FAIL] Line count validation FAILED for 'system-variables.md'. Original:     6347, Translated:      155
Thu Jun 19 11:38:21 CST 2025: [REPORT] Generating progress report.
Thu Jun 19 11:38:21 CST 2025: [CYCLE END] Finished processing. Next check in 3s.
---
Thu Jun 19 11:38:24 CST 2025: [CYCLE START] Checking for work...
Thu Jun 19 11:38:24 CST 2025: [FOUND] Pending file: 'system-variables.md'. Checking for translation...
Thu Jun 19 11:38:24 CST 2025: [LOCKING] Found '.amazon_q_result/system-variables.md'. Locking for validation.
Thu Jun 19 11:38:24 CST 2025: [LINE-CHECK] File 'system-variables.md' has     6347 lines (>200). Using line count validation.
Thu Jun 19 11:38:24 CST 2025: [FAIL] Line count validation FAILED for 'system-variables.md'. Original:     6347, Translated:      155
Thu Jun 19 11:38:24 CST 2025: [REPORT] Generating progress report.
Thu Jun 19 11:38:24 CST 2025: [CYCLE END] Finished processing. Next check in 3s.
=== AI-Powered Validation Monitoring Started Thu Jun 19 11:39:36 CST 2025 ===
---
Thu Jun 19 11:39:36 CST 2025: [CYCLE START] Checking for work...
Thu Jun 19 11:39:36 CST 2025: [FOUND] Pending file: 'status-variables.md'. Checking for translation...
Thu Jun 19 11:39:36 CST 2025: [LOCKING] Found '.amazon_q_result/status-variables.md'. Locking for validation.
Thu Jun 19 11:39:36 CST 2025: [VALIDATING] File 'status-variables.md' has      122 lines (≤200). Starting AI validation.
Thu Jun 19 11:39:58 CST 2025: [PASS] AI validation PASSED for 'status-variables.md'.
Thu Jun 19 11:39:58 CST 2025: [REPORT] Generating progress report.
Thu Jun 19 11:39:58 CST 2025: [CYCLE END] Finished processing. Next check in 3s.
---
Thu Jun 19 11:40:01 CST 2025: [CYCLE START] Checking for work...
Thu Jun 19 11:40:01 CST 2025: [FOUND] Pending file: 'table-filter.md'. Checking for translation...
Thu Jun 19 11:40:01 CST 2025: [LOCKING] Found '.amazon_q_result/table-filter.md'. Locking for validation.
Thu Jun 19 11:40:01 CST 2025: [LINE-CHECK] File 'table-filter.md' has      273 lines (>200). Using line count validation.
Thu Jun 19 11:40:01 CST 2025: [PASS] Line count validation PASSED for 'table-filter.md'. Lines:      273 =      273
Thu Jun 19 11:40:01 CST 2025: [REPORT] Generating progress report.
Thu Jun 19 11:40:01 CST 2025: [CYCLE END] Finished processing. Next check in 3s.
---
Thu Jun 19 11:40:04 CST 2025: [CYCLE START] Checking for work...
Thu Jun 19 11:40:04 CST 2025: [FOUND] Pending file: 'table-filter.md'. Checking for translation...
Thu Jun 19 11:40:04 CST 2025: [LOCKING] Found '.amazon_q_result/table-filter.md'. Locking for validation.
Thu Jun 19 11:40:04 CST 2025: [LINE-CHECK] File 'table-filter.md' has      273 lines (>200). Using line count validation.
Thu Jun 19 11:40:04 CST 2025: [PASS] Line count validation PASSED for 'table-filter.md'. Lines:      273 =      273
Thu Jun 19 11:40:04 CST 2025: [REPORT] Generating progress report.
Thu Jun 19 11:40:04 CST 2025: [CYCLE END] Finished processing. Next check in 3s.
---
Thu Jun 19 11:40:07 CST 2025: [CYCLE START] Checking for work...
Thu Jun 19 11:40:07 CST 2025: [FOUND] Pending file: 'table-filter.md'. Checking for translation...
Thu Jun 19 11:40:07 CST 2025: [LOCKING] Found '.amazon_q_result/table-filter.md'. Locking for validation.
Thu Jun 19 11:40:07 CST 2025: [LINE-CHECK] File 'table-filter.md' has      273 lines (>200). Using line count validation.
Thu Jun 19 11:40:07 CST 2025: [PASS] Line count validation PASSED for 'table-filter.md'. Lines:      273 =      273
Thu Jun 19 11:40:07 CST 2025: [REPORT] Generating progress report.
Thu Jun 19 11:40:07 CST 2025: [CYCLE END] Finished processing. Next check in 3s.
---
Thu Jun 19 11:40:10 CST 2025: [CYCLE START] Checking for work...
Thu Jun 19 11:40:10 CST 2025: [FOUND] Pending file: 'table-filter.md'. Checking for translation...
Thu Jun 19 11:40:10 CST 2025: [LOCKING] Found '.amazon_q_result/table-filter.md'. Locking for validation.
Thu Jun 19 11:40:10 CST 2025: [LINE-CHECK] File 'table-filter.md' has      273 lines (>200). Using line count validation.
Thu Jun 19 11:40:10 CST 2025: [PASS] Line count validation PASSED for 'table-filter.md'. Lines:      273 =      273
Thu Jun 19 11:40:10 CST 2025: [REPORT] Generating progress report.
Thu Jun 19 11:40:10 CST 2025: [CYCLE END] Finished processing. Next check in 3s.
---
Thu Jun 19 11:40:13 CST 2025: [CYCLE START] Checking for work...
Thu Jun 19 11:40:13 CST 2025: [FOUND] Pending file: 'table-filter.md'. Checking for translation...
Thu Jun 19 11:40:13 CST 2025: [LOCKING] Found '.amazon_q_result/table-filter.md'. Locking for validation.
Thu Jun 19 11:40:14 CST 2025: [LINE-CHECK] File 'table-filter.md' has      273 lines (>200). Using line count validation.
Thu Jun 19 11:40:14 CST 2025: [PASS] Line count validation PASSED for 'table-filter.md'. Lines:      273 =      273
Thu Jun 19 11:40:14 CST 2025: [REPORT] Generating progress report.
Thu Jun 19 11:40:14 CST 2025: [CYCLE END] Finished processing. Next check in 3s.
---
Thu Jun 19 11:40:17 CST 2025: [CYCLE START] Checking for work...
Thu Jun 19 11:40:17 CST 2025: [FOUND] Pending file: 'table-filter.md'. Checking for translation...
Thu Jun 19 11:40:17 CST 2025: [LOCKING] Found '.amazon_q_result/table-filter.md'. Locking for validation.
Thu Jun 19 11:40:17 CST 2025: [LINE-CHECK] File 'table-filter.md' has      273 lines (>200). Using line count validation.
Thu Jun 19 11:40:17 CST 2025: [PASS] Line count validation PASSED for 'table-filter.md'. Lines:      273 =      273
Thu Jun 19 11:40:17 CST 2025: [REPORT] Generating progress report.
Thu Jun 19 11:40:17 CST 2025: [CYCLE END] Finished processing. Next check in 3s.
---
Thu Jun 19 11:40:20 CST 2025: [CYCLE START] Checking for work...
Thu Jun 19 11:40:20 CST 2025: [FOUND] Pending file: 'table-filter.md'. Checking for translation...
Thu Jun 19 11:40:20 CST 2025: [LOCKING] Found '.amazon_q_result/table-filter.md'. Locking for validation.
Thu Jun 19 11:40:20 CST 2025: [LINE-CHECK] File 'table-filter.md' has      273 lines (>200). Using line count validation.
Thu Jun 19 11:40:20 CST 2025: [PASS] Line count validation PASSED for 'table-filter.md'. Lines:      273 =      273
Thu Jun 19 11:40:20 CST 2025: [REPORT] Generating progress report.
Thu Jun 19 11:40:20 CST 2025: [CYCLE END] Finished processing. Next check in 3s.
---
Thu Jun 19 11:40:23 CST 2025: [CYCLE START] Checking for work...
Thu Jun 19 11:40:23 CST 2025: [FOUND] Pending file: 'table-filter.md'. Checking for translation...
Thu Jun 19 11:40:23 CST 2025: [LOCKING] Found '.amazon_q_result/table-filter.md'. Locking for validation.
Thu Jun 19 11:40:23 CST 2025: [LINE-CHECK] File 'table-filter.md' has      273 lines (>200). Using line count validation.
Thu Jun 19 11:40:23 CST 2025: [PASS] Line count validation PASSED for 'table-filter.md'. Lines:      273 =      273
Thu Jun 19 11:40:23 CST 2025: [REPORT] Generating progress report.
Thu Jun 19 11:40:23 CST 2025: [CYCLE END] Finished processing. Next check in 3s.
---
Thu Jun 19 11:40:26 CST 2025: [CYCLE START] Checking for work...
Thu Jun 19 11:40:26 CST 2025: [FOUND] Pending file: 'table-filter.md'. Checking for translation...
Thu Jun 19 11:40:26 CST 2025: [LOCKING] Found '.amazon_q_result/table-filter.md'. Locking for validation.
Thu Jun 19 11:40:26 CST 2025: [LINE-CHECK] File 'table-filter.md' has      273 lines (>200). Using line count validation.
Thu Jun 19 11:40:26 CST 2025: [PASS] Line count validation PASSED for 'table-filter.md'. Lines:      273 =      273
Thu Jun 19 11:40:26 CST 2025: [REPORT] Generating progress report.
Thu Jun 19 11:40:26 CST 2025: [CYCLE END] Finished processing. Next check in 3s.
---
Thu Jun 19 11:40:29 CST 2025: [CYCLE START] Checking for work...
Thu Jun 19 11:40:29 CST 2025: [FOUND] Pending file: 'table-filter.md'. Checking for translation...
Thu Jun 19 11:40:29 CST 2025: [LOCKING] Found '.amazon_q_result/table-filter.md'. Locking for validation.
Thu Jun 19 11:40:29 CST 2025: [LINE-CHECK] File 'table-filter.md' has      273 lines (>200). Using line count validation.
Thu Jun 19 11:40:29 CST 2025: [PASS] Line count validation PASSED for 'table-filter.md'. Lines:      273 =      273
Thu Jun 19 11:40:29 CST 2025: [REPORT] Generating progress report.
Thu Jun 19 11:40:29 CST 2025: [CYCLE END] Finished processing. Next check in 3s.
---
Thu Jun 19 11:40:32 CST 2025: [CYCLE START] Checking for work...
Thu Jun 19 11:40:32 CST 2025: [FOUND] Pending file: 'table-filter.md'. Checking for translation...
Thu Jun 19 11:40:32 CST 2025: [LOCKING] Found '.amazon_q_result/table-filter.md'. Locking for validation.
Thu Jun 19 11:40:32 CST 2025: [LINE-CHECK] File 'table-filter.md' has      273 lines (>200). Using line count validation.
Thu Jun 19 11:40:32 CST 2025: [PASS] Line count validation PASSED for 'table-filter.md'. Lines:      273 =      273
Thu Jun 19 11:40:32 CST 2025: [REPORT] Generating progress report.
Thu Jun 19 11:40:32 CST 2025: [CYCLE END] Finished processing. Next check in 3s.
---
Thu Jun 19 11:40:35 CST 2025: [CYCLE START] Checking for work...
Thu Jun 19 11:40:35 CST 2025: [FOUND] Pending file: 'table-filter.md'. Checking for translation...
Thu Jun 19 11:40:35 CST 2025: [LOCKING] Found '.amazon_q_result/table-filter.md'. Locking for validation.
Thu Jun 19 11:40:35 CST 2025: [LINE-CHECK] File 'table-filter.md' has      273 lines (>200). Using line count validation.
Thu Jun 19 11:40:35 CST 2025: [PASS] Line count validation PASSED for 'table-filter.md'. Lines:      273 =      273
Thu Jun 19 11:40:35 CST 2025: [REPORT] Generating progress report.
Thu Jun 19 11:40:35 CST 2025: [CYCLE END] Finished processing. Next check in 3s.
---
Thu Jun 19 11:40:38 CST 2025: [CYCLE START] Checking for work...
Thu Jun 19 11:40:38 CST 2025: [FOUND] Pending file: 'table-filter.md'. Checking for translation...
Thu Jun 19 11:40:38 CST 2025: [LOCKING] Found '.amazon_q_result/table-filter.md'. Locking for validation.
Thu Jun 19 11:40:38 CST 2025: [LINE-CHECK] File 'table-filter.md' has      273 lines (>200). Using line count validation.
Thu Jun 19 11:40:38 CST 2025: [PASS] Line count validation PASSED for 'table-filter.md'. Lines:      273 =      273
Thu Jun 19 11:40:38 CST 2025: [REPORT] Generating progress report.
Thu Jun 19 11:40:38 CST 2025: [CYCLE END] Finished processing. Next check in 3s.
---
Thu Jun 19 11:40:41 CST 2025: [CYCLE START] Checking for work...
Thu Jun 19 11:40:41 CST 2025: [FOUND] Pending file: 'table-filter.md'. Checking for translation...
Thu Jun 19 11:40:41 CST 2025: [LOCKING] Found '.amazon_q_result/table-filter.md'. Locking for validation.
Thu Jun 19 11:40:42 CST 2025: [LINE-CHECK] File 'table-filter.md' has      273 lines (>200). Using line count validation.
Thu Jun 19 11:40:42 CST 2025: [PASS] Line count validation PASSED for 'table-filter.md'. Lines:      273 =      273
Thu Jun 19 11:40:42 CST 2025: [REPORT] Generating progress report.
Thu Jun 19 11:40:42 CST 2025: [CYCLE END] Finished processing. Next check in 3s.
---
Thu Jun 19 11:40:45 CST 2025: [CYCLE START] Checking for work...
Thu Jun 19 11:40:45 CST 2025: [FOUND] Pending file: 'table-filter.md'. Checking for translation...
Thu Jun 19 11:40:45 CST 2025: [LOCKING] Found '.amazon_q_result/table-filter.md'. Locking for validation.
Thu Jun 19 11:40:45 CST 2025: [LINE-CHECK] File 'table-filter.md' has      273 lines (>200). Using line count validation.
Thu Jun 19 11:40:45 CST 2025: [PASS] Line count validation PASSED for 'table-filter.md'. Lines:      273 =      273
Thu Jun 19 11:40:45 CST 2025: [REPORT] Generating progress report.
Thu Jun 19 11:40:45 CST 2025: [CYCLE END] Finished processing. Next check in 3s.
---
Thu Jun 19 11:40:48 CST 2025: [CYCLE START] Checking for work...
Thu Jun 19 11:40:48 CST 2025: [FOUND] Pending file: 'table-filter.md'. Checking for translation...
Thu Jun 19 11:40:48 CST 2025: [LOCKING] Found '.amazon_q_result/table-filter.md'. Locking for validation.
Thu Jun 19 11:40:48 CST 2025: [LINE-CHECK] File 'table-filter.md' has      273 lines (>200). Using line count validation.
Thu Jun 19 11:40:48 CST 2025: [PASS] Line count validation PASSED for 'table-filter.md'. Lines:      273 =      273
Thu Jun 19 11:40:48 CST 2025: [REPORT] Generating progress report.
Thu Jun 19 11:40:48 CST 2025: [CYCLE END] Finished processing. Next check in 3s.
---
Thu Jun 19 11:40:51 CST 2025: [CYCLE START] Checking for work...
Thu Jun 19 11:40:51 CST 2025: [FOUND] Pending file: 'table-filter.md'. Checking for translation...
Thu Jun 19 11:40:51 CST 2025: [LOCKING] Found '.amazon_q_result/table-filter.md'. Locking for validation.
Thu Jun 19 11:40:51 CST 2025: [LINE-CHECK] File 'table-filter.md' has      273 lines (>200). Using line count validation.
Thu Jun 19 11:40:51 CST 2025: [PASS] Line count validation PASSED for 'table-filter.md'. Lines:      273 =      273
Thu Jun 19 11:40:51 CST 2025: [REPORT] Generating progress report.
Thu Jun 19 11:40:51 CST 2025: [CYCLE END] Finished processing. Next check in 3s.
---
Thu Jun 19 11:40:54 CST 2025: [CYCLE START] Checking for work...
Thu Jun 19 11:40:54 CST 2025: [FOUND] Pending file: 'table-filter.md'. Checking for translation...
Thu Jun 19 11:40:54 CST 2025: [LOCKING] Found '.amazon_q_result/table-filter.md'. Locking for validation.
Thu Jun 19 11:40:54 CST 2025: [LINE-CHECK] File 'table-filter.md' has      273 lines (>200). Using line count validation.
Thu Jun 19 11:40:54 CST 2025: [PASS] Line count validation PASSED for 'table-filter.md'. Lines:      273 =      273
Thu Jun 19 11:40:54 CST 2025: [REPORT] Generating progress report.
Thu Jun 19 11:40:54 CST 2025: [CYCLE END] Finished processing. Next check in 3s.
---
Thu Jun 19 11:40:57 CST 2025: [CYCLE START] Checking for work...
Thu Jun 19 11:40:57 CST 2025: [FOUND] Pending file: 'table-filter.md'. Checking for translation...
Thu Jun 19 11:40:57 CST 2025: [LOCKING] Found '.amazon_q_result/table-filter.md'. Locking for validation.
Thu Jun 19 11:40:57 CST 2025: [LINE-CHECK] File 'table-filter.md' has      273 lines (>200). Using line count validation.
Thu Jun 19 11:40:57 CST 2025: [PASS] Line count validation PASSED for 'table-filter.md'. Lines:      273 =      273
Thu Jun 19 11:40:57 CST 2025: [REPORT] Generating progress report.
Thu Jun 19 11:40:57 CST 2025: [CYCLE END] Finished processing. Next check in 3s.
---
Thu Jun 19 11:41:00 CST 2025: [CYCLE START] Checking for work...
Thu Jun 19 11:41:00 CST 2025: [FOUND] Pending file: 'table-filter.md'. Checking for translation...
Thu Jun 19 11:41:00 CST 2025: [LOCKING] Found '.amazon_q_result/table-filter.md'. Locking for validation.
Thu Jun 19 11:41:00 CST 2025: [LINE-CHECK] File 'table-filter.md' has      273 lines (>200). Using line count validation.
Thu Jun 19 11:41:00 CST 2025: [PASS] Line count validation PASSED for 'table-filter.md'. Lines:      273 =      273
Thu Jun 19 11:41:00 CST 2025: [REPORT] Generating progress report.
Thu Jun 19 11:41:00 CST 2025: [CYCLE END] Finished processing. Next check in 3s.
---
Thu Jun 19 11:41:03 CST 2025: [CYCLE START] Checking for work...
Thu Jun 19 11:41:03 CST 2025: [FOUND] Pending file: 'table-filter.md'. Checking for translation...
Thu Jun 19 11:41:03 CST 2025: [LOCKING] Found '.amazon_q_result/table-filter.md'. Locking for validation.
Thu Jun 19 11:41:03 CST 2025: [LINE-CHECK] File 'table-filter.md' has      273 lines (>200). Using line count validation.
Thu Jun 19 11:41:03 CST 2025: [PASS] Line count validation PASSED for 'table-filter.md'. Lines:      273 =      273
Thu Jun 19 11:41:03 CST 2025: [REPORT] Generating progress report.
Thu Jun 19 11:41:03 CST 2025: [CYCLE END] Finished processing. Next check in 3s.
---
Thu Jun 19 11:41:06 CST 2025: [CYCLE START] Checking for work...
Thu Jun 19 11:41:06 CST 2025: [FOUND] Pending file: 'table-filter.md'. Checking for translation...
Thu Jun 19 11:41:06 CST 2025: [LOCKING] Found '.amazon_q_result/table-filter.md'. Locking for validation.
Thu Jun 19 11:41:06 CST 2025: [LINE-CHECK] File 'table-filter.md' has      273 lines (>200). Using line count validation.
Thu Jun 19 11:41:06 CST 2025: [PASS] Line count validation PASSED for 'table-filter.md'. Lines:      273 =      273
Thu Jun 19 11:41:06 CST 2025: [REPORT] Generating progress report.
Thu Jun 19 11:41:06 CST 2025: [CYCLE END] Finished processing. Next check in 3s.
---
Thu Jun 19 11:41:09 CST 2025: [CYCLE START] Checking for work...
Thu Jun 19 11:41:10 CST 2025: [FOUND] Pending file: 'table-filter.md'. Checking for translation...
Thu Jun 19 11:41:10 CST 2025: [LOCKING] Found '.amazon_q_result/table-filter.md'. Locking for validation.
Thu Jun 19 11:41:10 CST 2025: [LINE-CHECK] File 'table-filter.md' has      273 lines (>200). Using line count validation.
Thu Jun 19 11:41:10 CST 2025: [PASS] Line count validation PASSED for 'table-filter.md'. Lines:      273 =      273
Thu Jun 19 11:41:10 CST 2025: [REPORT] Generating progress report.
Thu Jun 19 11:41:10 CST 2025: [CYCLE END] Finished processing. Next check in 3s.
---
Thu Jun 19 11:41:13 CST 2025: [CYCLE START] Checking for work...
Thu Jun 19 11:41:13 CST 2025: [FOUND] Pending file: 'table-filter.md'. Checking for translation...
Thu Jun 19 11:41:13 CST 2025: [LOCKING] Found '.amazon_q_result/table-filter.md'. Locking for validation.
Thu Jun 19 11:41:13 CST 2025: [LINE-CHECK] File 'table-filter.md' has      273 lines (>200). Using line count validation.
Thu Jun 19 11:41:13 CST 2025: [PASS] Line count validation PASSED for 'table-filter.md'. Lines:      273 =      273
Thu Jun 19 11:41:13 CST 2025: [REPORT] Generating progress report.
Thu Jun 19 11:41:13 CST 2025: [CYCLE END] Finished processing. Next check in 3s.
---
Thu Jun 19 11:41:16 CST 2025: [CYCLE START] Checking for work...
Thu Jun 19 11:41:16 CST 2025: [FOUND] Pending file: 'table-filter.md'. Checking for translation...
Thu Jun 19 11:41:16 CST 2025: [LOCKING] Found '.amazon_q_result/table-filter.md'. Locking for validation.
Thu Jun 19 11:41:16 CST 2025: [LINE-CHECK] File 'table-filter.md' has      273 lines (>200). Using line count validation.
Thu Jun 19 11:41:16 CST 2025: [PASS] Line count validation PASSED for 'table-filter.md'. Lines:      273 =      273
Thu Jun 19 11:41:16 CST 2025: [REPORT] Generating progress report.
Thu Jun 19 11:41:16 CST 2025: [CYCLE END] Finished processing. Next check in 3s.
---
Thu Jun 19 11:41:19 CST 2025: [CYCLE START] Checking for work...
Thu Jun 19 11:41:19 CST 2025: [FOUND] Pending file: 'table-filter.md'. Checking for translation...
Thu Jun 19 11:41:19 CST 2025: [LOCKING] Found '.amazon_q_result/table-filter.md'. Locking for validation.
Thu Jun 19 11:41:19 CST 2025: [LINE-CHECK] File 'table-filter.md' has      273 lines (>200). Using line count validation.
Thu Jun 19 11:41:19 CST 2025: [PASS] Line count validation PASSED for 'table-filter.md'. Lines:      273 =      273
Thu Jun 19 11:41:19 CST 2025: [REPORT] Generating progress report.
Thu Jun 19 11:41:19 CST 2025: [CYCLE END] Finished processing. Next check in 3s.
---
Thu Jun 19 11:41:22 CST 2025: [CYCLE START] Checking for work...
Thu Jun 19 11:41:22 CST 2025: [FOUND] Pending file: 'table-filter.md'. Checking for translation...
Thu Jun 19 11:41:22 CST 2025: [LOCKING] Found '.amazon_q_result/table-filter.md'. Locking for validation.
Thu Jun 19 11:41:22 CST 2025: [LINE-CHECK] File 'table-filter.md' has      273 lines (>200). Using line count validation.
Thu Jun 19 11:41:22 CST 2025: [PASS] Line count validation PASSED for 'table-filter.md'. Lines:      273 =      273
Thu Jun 19 11:41:22 CST 2025: [REPORT] Generating progress report.
Thu Jun 19 11:41:22 CST 2025: [CYCLE END] Finished processing. Next check in 3s.
---
Thu Jun 19 11:41:25 CST 2025: [CYCLE START] Checking for work...
Thu Jun 19 11:41:25 CST 2025: [FOUND] Pending file: 'table-filter.md'. Checking for translation...
Thu Jun 19 11:41:25 CST 2025: [LOCKING] Found '.amazon_q_result/table-filter.md'. Locking for validation.
Thu Jun 19 11:41:25 CST 2025: [LINE-CHECK] File 'table-filter.md' has      273 lines (>200). Using line count validation.
Thu Jun 19 11:41:25 CST 2025: [PASS] Line count validation PASSED for 'table-filter.md'. Lines:      273 =      273
Thu Jun 19 11:41:25 CST 2025: [REPORT] Generating progress report.
Thu Jun 19 11:41:25 CST 2025: [CYCLE END] Finished processing. Next check in 3s.
---
Thu Jun 19 11:41:28 CST 2025: [CYCLE START] Checking for work...
Thu Jun 19 11:41:28 CST 2025: [FOUND] Pending file: 'table-filter.md'. Checking for translation...
Thu Jun 19 11:41:28 CST 2025: [LOCKING] Found '.amazon_q_result/table-filter.md'. Locking for validation.
Thu Jun 19 11:41:28 CST 2025: [LINE-CHECK] File 'table-filter.md' has      273 lines (>200). Using line count validation.
Thu Jun 19 11:41:28 CST 2025: [PASS] Line count validation PASSED for 'table-filter.md'. Lines:      273 =      273
Thu Jun 19 11:41:28 CST 2025: [REPORT] Generating progress report.
Thu Jun 19 11:41:28 CST 2025: [CYCLE END] Finished processing. Next check in 3s.
---
Thu Jun 19 11:41:31 CST 2025: [CYCLE START] Checking for work...
Thu Jun 19 11:41:31 CST 2025: [FOUND] Pending file: 'table-filter.md'. Checking for translation...
Thu Jun 19 11:41:31 CST 2025: [LOCKING] Found '.amazon_q_result/table-filter.md'. Locking for validation.
Thu Jun 19 11:41:31 CST 2025: [LINE-CHECK] File 'table-filter.md' has      273 lines (>200). Using line count validation.
Thu Jun 19 11:41:31 CST 2025: [PASS] Line count validation PASSED for 'table-filter.md'. Lines:      273 =      273
Thu Jun 19 11:41:31 CST 2025: [REPORT] Generating progress report.
Thu Jun 19 11:41:31 CST 2025: [CYCLE END] Finished processing. Next check in 3s.
---
Thu Jun 19 11:41:34 CST 2025: [CYCLE START] Checking for work...
Thu Jun 19 11:41:34 CST 2025: [FOUND] Pending file: 'table-filter.md'. Checking for translation...
Thu Jun 19 11:41:34 CST 2025: [LOCKING] Found '.amazon_q_result/table-filter.md'. Locking for validation.
Thu Jun 19 11:41:34 CST 2025: [LINE-CHECK] File 'table-filter.md' has      273 lines (>200). Using line count validation.
Thu Jun 19 11:41:34 CST 2025: [PASS] Line count validation PASSED for 'table-filter.md'. Lines:      273 =      273
Thu Jun 19 11:41:34 CST 2025: [REPORT] Generating progress report.
Thu Jun 19 11:41:34 CST 2025: [CYCLE END] Finished processing. Next check in 3s.
---
Thu Jun 19 11:41:37 CST 2025: [CYCLE START] Checking for work...
Thu Jun 19 11:41:37 CST 2025: [FOUND] Pending file: 'table-filter.md'. Checking for translation...
Thu Jun 19 11:41:37 CST 2025: [LOCKING] Found '.amazon_q_result/table-filter.md'. Locking for validation.
Thu Jun 19 11:41:37 CST 2025: [LINE-CHECK] File 'table-filter.md' has      273 lines (>200). Using line count validation.
Thu Jun 19 11:41:37 CST 2025: [PASS] Line count validation PASSED for 'table-filter.md'. Lines:      273 =      273
Thu Jun 19 11:41:37 CST 2025: [REPORT] Generating progress report.
Thu Jun 19 11:41:37 CST 2025: [CYCLE END] Finished processing. Next check in 3s.
---
Thu Jun 19 11:41:40 CST 2025: [CYCLE START] Checking for work...
Thu Jun 19 11:41:41 CST 2025: [FOUND] Pending file: 'table-filter.md'. Checking for translation...
Thu Jun 19 11:41:41 CST 2025: [LOCKING] Found '.amazon_q_result/table-filter.md'. Locking for validation.
Thu Jun 19 11:41:41 CST 2025: [LINE-CHECK] File 'table-filter.md' has      273 lines (>200). Using line count validation.
Thu Jun 19 11:41:41 CST 2025: [PASS] Line count validation PASSED for 'table-filter.md'. Lines:      273 =      273
Thu Jun 19 11:41:41 CST 2025: [REPORT] Generating progress report.
Thu Jun 19 11:41:41 CST 2025: [CYCLE END] Finished processing. Next check in 3s.
---
Thu Jun 19 11:41:44 CST 2025: [CYCLE START] Checking for work...
Thu Jun 19 11:41:44 CST 2025: [FOUND] Pending file: 'table-filter.md'. Checking for translation...
Thu Jun 19 11:41:44 CST 2025: [LOCKING] Found '.amazon_q_result/table-filter.md'. Locking for validation.
Thu Jun 19 11:41:44 CST 2025: [LINE-CHECK] File 'table-filter.md' has      273 lines (>200). Using line count validation.
Thu Jun 19 11:41:44 CST 2025: [PASS] Line count validation PASSED for 'table-filter.md'. Lines:      273 =      273
Thu Jun 19 11:41:44 CST 2025: [REPORT] Generating progress report.
Thu Jun 19 11:41:44 CST 2025: [CYCLE END] Finished processing. Next check in 3s.
=== AI-Powered Validation Monitoring Started Thu Jun 19 11:42:17 CST 2025 ===
---
Thu Jun 19 11:42:17 CST 2025: [CYCLE START] Checking for work...
Thu Jun 19 11:42:17 CST 2025: [FOUND] Pending file: 'table-filter.md'. Checking for translation...
Thu Jun 19 11:42:17 CST 2025: [LOCKING] Found '.amazon_q_result/table-filter.md'. Locking for validation.
Thu Jun 19 11:42:17 CST 2025: [LINE-CHECK] File 'table-filter.md' has      273 lines (>200). Using line count validation.
Thu Jun 19 11:42:17 CST 2025: [PASS] Line count validation PASSED for 'table-filter.md'. Lines:      273 =      273
Thu Jun 19 11:42:17 CST 2025: [REPORT] Generating progress report.
Thu Jun 19 11:42:17 CST 2025: [CYCLE END] Finished processing. Next check in 3s.
---
Thu Jun 19 11:42:20 CST 2025: [CYCLE START] Checking for work...
Thu Jun 19 11:42:20 CST 2025: [FOUND] Pending file: 'table-filter.md'. Checking for translation...
Thu Jun 19 11:42:20 CST 2025: [LOCKING] Found '.amazon_q_result/table-filter.md'. Locking for validation.
Thu Jun 19 11:42:20 CST 2025: [LINE-CHECK] File 'table-filter.md' has      273 lines (>200). Using line count validation.
Thu Jun 19 11:42:20 CST 2025: [PASS] Line count validation PASSED for 'table-filter.md'. Lines:      273 =      273
Thu Jun 19 11:42:20 CST 2025: [REPORT] Generating progress report.
Thu Jun 19 11:42:20 CST 2025: [CYCLE END] Finished processing. Next check in 3s.
---
Thu Jun 19 11:42:23 CST 2025: [CYCLE START] Checking for work...
Thu Jun 19 11:42:23 CST 2025: [FOUND] Pending file: 'table-filter.md'. Checking for translation...
Thu Jun 19 11:42:23 CST 2025: [LOCKING] Found '.amazon_q_result/table-filter.md'. Locking for validation.
Thu Jun 19 11:42:23 CST 2025: [LINE-CHECK] File 'table-filter.md' has      273 lines (>200). Using line count validation.
Thu Jun 19 11:42:23 CST 2025: [PASS] Line count validation PASSED for 'table-filter.md'. Lines:      273 =      273
Thu Jun 19 11:42:23 CST 2025: [REPORT] Generating progress report.
Thu Jun 19 11:42:23 CST 2025: [CYCLE END] Finished processing. Next check in 3s.
---
Thu Jun 19 11:42:26 CST 2025: [CYCLE START] Checking for work...
Thu Jun 19 11:42:26 CST 2025: [FOUND] Pending file: 'table-filter.md'. Checking for translation...
Thu Jun 19 11:42:26 CST 2025: [LOCKING] Found '.amazon_q_result/table-filter.md'. Locking for validation.
Thu Jun 19 11:42:26 CST 2025: [LINE-CHECK] File 'table-filter.md' has      273 lines (>200). Using line count validation.
Thu Jun 19 11:42:26 CST 2025: [PASS] Line count validation PASSED for 'table-filter.md'. Lines:      273 =      273
Thu Jun 19 11:42:27 CST 2025: [REPORT] Generating progress report.
Thu Jun 19 11:42:27 CST 2025: [CYCLE END] Finished processing. Next check in 3s.
---
Thu Jun 19 11:42:30 CST 2025: [CYCLE START] Checking for work...
Thu Jun 19 11:42:30 CST 2025: [FOUND] Pending file: 'table-filter.md'. Checking for translation...
Thu Jun 19 11:42:30 CST 2025: [LOCKING] Found '.amazon_q_result/table-filter.md'. Locking for validation.
Thu Jun 19 11:42:30 CST 2025: [LINE-CHECK] File 'table-filter.md' has      273 lines (>200). Using line count validation.
Thu Jun 19 11:42:30 CST 2025: [PASS] Line count validation PASSED for 'table-filter.md'. Lines:      273 =      273
Thu Jun 19 11:42:30 CST 2025: [REPORT] Generating progress report.
Thu Jun 19 11:42:30 CST 2025: [CYCLE END] Finished processing. Next check in 3s.
---
Thu Jun 19 11:42:33 CST 2025: [CYCLE START] Checking for work...
Thu Jun 19 11:42:33 CST 2025: [FOUND] Pending file: 'table-filter.md'. Checking for translation...
Thu Jun 19 11:42:33 CST 2025: [LOCKING] Found '.amazon_q_result/table-filter.md'. Locking for validation.
Thu Jun 19 11:42:33 CST 2025: [LINE-CHECK] File 'table-filter.md' has      273 lines (>200). Using line count validation.
Thu Jun 19 11:42:33 CST 2025: [PASS] Line count validation PASSED for 'table-filter.md'. Lines:      273 =      273
Thu Jun 19 11:42:33 CST 2025: [REPORT] Generating progress report.
Thu Jun 19 11:42:33 CST 2025: [CYCLE END] Finished processing. Next check in 3s.
=== AI-Powered Validation Monitoring Started Thu Jun 19 11:43:09 CST 2025 ===
---
Thu Jun 19 11:43:09 CST 2025: [CYCLE START] Checking for work...
Thu Jun 19 11:43:09 CST 2025: [FOUND] Pending file: 'external-storage-uri.md'. Checking for translation...
Thu Jun 19 11:43:09 CST 2025: [LOCKING] Found '.amazon_q_result/external-storage-uri.md'. Locking for validation.
Thu Jun 19 11:43:09 CST 2025: [VALIDATING] File 'external-storage-uri.md' has      132 lines (≤200). Starting AI validation.
Thu Jun 19 11:43:36 CST 2025: [PASS] AI validation PASSED for 'external-storage-uri.md'.
Thu Jun 19 11:43:36 CST 2025: [REPORT] Generating progress report.
Thu Jun 19 11:43:36 CST 2025: [CYCLE END] Finished processing. Next check in 3s.
---
Thu Jun 19 11:43:39 CST 2025: [CYCLE START] Checking for work...
Thu Jun 19 11:43:39 CST 2025: [FOUND] Pending file: 'ddl-introduction.md'. Checking for translation...
Thu Jun 19 11:43:39 CST 2025: [LOCKING] Found '.amazon_q_result/ddl-introduction.md'. Locking for validation.
Thu Jun 19 11:43:39 CST 2025: [VALIDATING] File 'ddl-introduction.md' has      191 lines (≤200). Starting AI validation.
Thu Jun 19 11:45:03 CST 2025: [PASS] AI validation PASSED for 'ddl-introduction.md'.
Thu Jun 19 11:45:03 CST 2025: [REPORT] Generating progress report.
Thu Jun 19 11:45:03 CST 2025: [CYCLE END] Finished processing. Next check in 3s.
---
Thu Jun 19 11:45:06 CST 2025: [CYCLE START] Checking for work...
Thu Jun 19 11:45:06 CST 2025: [FOUND] Pending file: 'troubleshoot-data-inconsistency-errors.md'. Checking for translation...
Thu Jun 19 11:45:06 CST 2025: [LOCKING] Found '.amazon_q_result/troubleshoot-data-inconsistency-errors.md'. Locking for validation.
Thu Jun 19 11:45:06 CST 2025: [VALIDATING] File 'troubleshoot-data-inconsistency-errors.md' has      113 lines (≤200). Starting AI validation.
Thu Jun 19 11:45:33 CST 2025: [PASS] AI validation PASSED for 'troubleshoot-data-inconsistency-errors.md'.
Thu Jun 19 11:45:33 CST 2025: [REPORT] Generating progress report.
Thu Jun 19 11:45:33 CST 2025: [CYCLE END] Finished processing. Next check in 3s.
---
Thu Jun 19 11:45:36 CST 2025: [CYCLE START] Checking for work...
Thu Jun 19 11:45:36 CST 2025: [FOUND] Pending file: 'tidb-cloud/notifications.md'. Checking for translation...
Thu Jun 19 11:45:36 CST 2025: [LOCKING] Found '.amazon_q_result/tidb-cloud/notifications.md'. Locking for validation.
Thu Jun 19 11:45:36 CST 2025: [VALIDATING] File 'tidb-cloud/notifications.md' has       55 lines (≤200). Starting AI validation.
Thu Jun 19 11:45:59 CST 2025: [PASS] AI validation PASSED for 'tidb-cloud/notifications.md'.
Thu Jun 19 11:45:59 CST 2025: [REPORT] Generating progress report.
Thu Jun 19 11:45:59 CST 2025: [CYCLE END] Finished processing. Next check in 3s.
---
Thu Jun 19 11:46:02 CST 2025: [CYCLE START] Checking for work...
Thu Jun 19 11:46:02 CST 2025: [FOUND] Pending file: 'tidb-cloud/tidb-cloud-glossary.md'. Checking for translation...
Thu Jun 19 11:46:02 CST 2025: [LOCKING] Found '.amazon_q_result/tidb-cloud/tidb-cloud-glossary.md'. Locking for validation.
Thu Jun 19 11:46:02 CST 2025: [VALIDATING] File 'tidb-cloud/tidb-cloud-glossary.md' has      194 lines (≤200). Starting AI validation.
Thu Jun 19 11:46:34 CST 2025: [PASS] AI validation PASSED for 'tidb-cloud/tidb-cloud-glossary.md'.
Thu Jun 19 11:46:34 CST 2025: [REPORT] Generating progress report.
Thu Jun 19 11:46:34 CST 2025: [CYCLE END] Finished processing. Next check in 3s.
---
Thu Jun 19 11:46:37 CST 2025: [CYCLE START] Checking for work...
Thu Jun 19 11:46:37 CST 2025: [FOUND] Pending file: 'tidb-cloud/connected-care-overview.md'. Checking for translation...
Thu Jun 19 11:46:37 CST 2025: [LOCKING] Found '.amazon_q_result/tidb-cloud/connected-care-overview.md'. Locking for validation.
Thu Jun 19 11:46:37 CST 2025: [VALIDATING] File 'tidb-cloud/connected-care-overview.md' has      102 lines (≤200). Starting AI validation.
Thu Jun 19 11:47:16 CST 2025: [PASS] AI validation PASSED for 'tidb-cloud/connected-care-overview.md'.
Thu Jun 19 11:47:16 CST 2025: [REPORT] Generating progress report.
Thu Jun 19 11:47:16 CST 2025: [CYCLE END] Finished processing. Next check in 3s.
---
Thu Jun 19 11:47:19 CST 2025: [CYCLE START] Checking for work...
Thu Jun 19 11:47:19 CST 2025: [FOUND] Pending file: 'tidb-cloud/connected-care-detail.md'. Checking for translation...
Thu Jun 19 11:47:19 CST 2025: [LOCKING] Found '.amazon_q_result/tidb-cloud/connected-care-detail.md'. Locking for validation.
Thu Jun 19 11:47:19 CST 2025: [VALIDATING] File 'tidb-cloud/connected-care-detail.md' has      144 lines (≤200). Starting AI validation.
Thu Jun 19 11:47:51 CST 2025: [PASS] AI validation PASSED for 'tidb-cloud/connected-care-detail.md'.
Thu Jun 19 11:47:51 CST 2025: [REPORT] Generating progress report.
Thu Jun 19 11:47:51 CST 2025: [CYCLE END] Finished processing. Next check in 3s.
---
Thu Jun 19 11:47:54 CST 2025: [CYCLE START] Checking for work...
Thu Jun 19 11:47:54 CST 2025: [FOUND] Pending file: 'tidb-cloud/connected-ai-chat-in-im.md'. Checking for translation...
Thu Jun 19 11:47:54 CST 2025: [LOCKING] Found '.amazon_q_result/tidb-cloud/connected-ai-chat-in-im.md'. Locking for validation.
Thu Jun 19 11:47:54 CST 2025: [VALIDATING] File 'tidb-cloud/connected-ai-chat-in-im.md' has       16 lines (≤200). Starting AI validation.
Thu Jun 19 11:48:24 CST 2025: [PASS] AI validation PASSED for 'tidb-cloud/connected-ai-chat-in-im.md'.
Thu Jun 19 11:48:24 CST 2025: [REPORT] Generating progress report.
Thu Jun 19 11:48:24 CST 2025: [CYCLE END] Finished processing. Next check in 3s.
---
Thu Jun 19 11:48:27 CST 2025: [CYCLE START] Checking for work...
Thu Jun 19 11:48:27 CST 2025: [FOUND] Pending file: 'tidb-cloud/connected-slack-ticket-creation.md'. Checking for translation...
Thu Jun 19 11:48:27 CST 2025: [LOCKING] Found '.amazon_q_result/tidb-cloud/connected-slack-ticket-creation.md'. Locking for validation.
Thu Jun 19 11:48:27 CST 2025: [VALIDATING] File 'tidb-cloud/connected-slack-ticket-creation.md' has       44 lines (≤200). Starting AI validation.
Thu Jun 19 11:48:58 CST 2025: [PASS] AI validation PASSED for 'tidb-cloud/connected-slack-ticket-creation.md'.
Thu Jun 19 11:48:58 CST 2025: [REPORT] Generating progress report.
Thu Jun 19 11:48:58 CST 2025: [CYCLE END] Finished processing. Next check in 3s.
---
Thu Jun 19 11:49:01 CST 2025: [CYCLE START] Checking for work...
Thu Jun 19 11:49:01 CST 2025: [FOUND] Pending file: 'tidb-cloud/connected-lark-ticket-creation.md'. Checking for translation...
Thu Jun 19 11:49:01 CST 2025: [LOCKING] Found '.amazon_q_result/tidb-cloud/connected-lark-ticket-creation.md'. Locking for validation.
Thu Jun 19 11:49:01 CST 2025: [VALIDATING] File 'tidb-cloud/connected-lark-ticket-creation.md' has       42 lines (≤200). Starting AI validation.
Thu Jun 19 11:51:54 CST 2025: [PASS] AI validation PASSED for 'tidb-cloud/connected-lark-ticket-creation.md'.
Thu Jun 19 11:51:54 CST 2025: [REPORT] Generating progress report.
Thu Jun 19 11:51:54 CST 2025: [CYCLE END] Finished processing. Next check in 3s.
---
Thu Jun 19 11:51:57 CST 2025: [CYCLE START] Checking for work...
Thu Jun 19 11:51:57 CST 2025: [FOUND] Pending file: 'tidb-cloud/connected-slack-ticket-interaction.md'. Checking for translation...
Thu Jun 19 11:51:57 CST 2025: [LOCKING] Found '.amazon_q_result/tidb-cloud/connected-slack-ticket-interaction.md'. Locking for validation.
Thu Jun 19 11:51:57 CST 2025: [VALIDATING] File 'tidb-cloud/connected-slack-ticket-interaction.md' has       52 lines (≤200). Starting AI validation.
Thu Jun 19 11:52:26 CST 2025: [PASS] AI validation PASSED for 'tidb-cloud/connected-slack-ticket-interaction.md'.
Thu Jun 19 11:52:26 CST 2025: [REPORT] Generating progress report.
Thu Jun 19 11:52:26 CST 2025: [CYCLE END] Finished processing. Next check in 3s.
---
Thu Jun 19 11:52:29 CST 2025: [CYCLE START] Checking for work...
Thu Jun 19 11:52:29 CST 2025: [FOUND] Pending file: 'tidb-cloud/connected-lark-ticket-interaction.md'. Checking for translation...
Thu Jun 19 11:52:29 CST 2025: [LOCKING] Found '.amazon_q_result/tidb-cloud/connected-lark-ticket-interaction.md'. Locking for validation.
Thu Jun 19 11:52:29 CST 2025: [VALIDATING] File 'tidb-cloud/connected-lark-ticket-interaction.md' has       32 lines (≤200). Starting AI validation.
Thu Jun 19 11:53:17 CST 2025: [PASS] AI validation PASSED for 'tidb-cloud/connected-lark-ticket-interaction.md'.
Thu Jun 19 11:53:17 CST 2025: [REPORT] Generating progress report.
Thu Jun 19 11:53:17 CST 2025: [CYCLE END] Finished processing. Next check in 3s.
---
Thu Jun 19 11:53:20 CST 2025: [CYCLE START] Checking for work...
Thu Jun 19 11:53:20 CST 2025: [FOUND] Pending file: 'tidb-cloud/tidb-cloud-support.md'. Checking for translation...
Thu Jun 19 11:53:20 CST 2025: [LOCKING] Found '.amazon_q_result/tidb-cloud/tidb-cloud-support.md'. Locking for validation.
Thu Jun 19 11:53:20 CST 2025: [VALIDATING] File 'tidb-cloud/tidb-cloud-support.md' has      120 lines (≤200). Starting AI validation.
Thu Jun 19 11:54:09 CST 2025: [PASS] AI validation PASSED for 'tidb-cloud/tidb-cloud-support.md'.
Thu Jun 19 11:54:09 CST 2025: [REPORT] Generating progress report.
Thu Jun 19 11:54:09 CST 2025: [CYCLE END] Finished processing. Next check in 3s.
---
Thu Jun 19 11:54:12 CST 2025: [CYCLE START] Checking for work...
Thu Jun 19 11:54:12 CST 2025: [FOUND] Pending file: 'tidb-cloud/tidb-cloud-faq.md'. Checking for translation...
Thu Jun 19 11:54:12 CST 2025: [LOCKING] Found '.amazon_q_result/tidb-cloud/tidb-cloud-faq.md'. Locking for validation.
Thu Jun 19 11:54:12 CST 2025: [LINE-CHECK] File 'tidb-cloud/tidb-cloud-faq.md' has      206 lines (>200). Using line count validation.
Thu Jun 19 11:54:12 CST 2025: [FAIL] Line count validation FAILED for 'tidb-cloud/tidb-cloud-faq.md'. Original:      206, Translated:      207
Thu Jun 19 11:54:12 CST 2025: [REPORT] Generating progress report.
Thu Jun 19 11:54:12 CST 2025: [CYCLE END] Finished processing. Next check in 3s.
---
Thu Jun 19 11:54:15 CST 2025: [CYCLE START] Checking for work...
Thu Jun 19 11:54:15 CST 2025: [FOUND] Pending file: 'tidb-cloud/serverless-faqs.md'. Checking for translation...
Thu Jun 19 11:54:15 CST 2025: [LOCKING] Found '.amazon_q_result/tidb-cloud/serverless-faqs.md'. Locking for validation.
Thu Jun 19 11:54:15 CST 2025: [VALIDATING] File 'tidb-cloud/serverless-faqs.md' has      153 lines (≤200). Starting AI validation.
Thu Jun 19 11:55:20 CST 2025: [PASS] AI validation PASSED for 'tidb-cloud/serverless-faqs.md'.
Thu Jun 19 11:55:20 CST 2025: [REPORT] Generating progress report.
Thu Jun 19 11:55:20 CST 2025: [CYCLE END] Finished processing. Next check in 3s.
---
Thu Jun 19 11:55:24 CST 2025: [CYCLE START] Checking for work...
Thu Jun 19 11:55:24 CST 2025: [FOUND] Pending file: 'tidb-cloud/tidb-cloud-release-notes.md'. Checking for translation...
Thu Jun 19 11:55:24 CST 2025: [LOCKING] Found '.amazon_q_result/tidb-cloud/tidb-cloud-release-notes.md'. Locking for validation.
Thu Jun 19 11:55:24 CST 2025: [LINE-CHECK] File 'tidb-cloud/tidb-cloud-release-notes.md' has      305 lines (>200). Using line count validation.
Thu Jun 19 11:55:24 CST 2025: [PASS] Line count validation PASSED for 'tidb-cloud/tidb-cloud-release-notes.md'. Lines:      305 =      305
Thu Jun 19 11:55:24 CST 2025: [REPORT] Generating progress report.
Thu Jun 19 11:55:24 CST 2025: [CYCLE END] Finished processing. Next check in 3s.
---
Thu Jun 19 11:55:27 CST 2025: [CYCLE START] Checking for work...
Thu Jun 19 11:55:27 CST 2025: [FOUND] Pending file: 'tidb-cloud/release-notes-2024.md'. Checking for translation...
Thu Jun 19 11:55:27 CST 2025: [LOCKING] Found '.amazon_q_result/tidb-cloud/release-notes-2024.md'. Locking for validation.
Thu Jun 19 11:55:27 CST 2025: [LINE-CHECK] File 'tidb-cloud/release-notes-2024.md' has      471 lines (>200). Using line count validation.
Thu Jun 19 11:55:27 CST 2025: [FAIL] Line count validation FAILED for 'tidb-cloud/release-notes-2024.md'. Original:      471, Translated:      311
Thu Jun 19 11:55:27 CST 2025: [REPORT] Generating progress report.
Thu Jun 19 11:55:27 CST 2025: [CYCLE END] Finished processing. Next check in 3s.
---
Thu Jun 19 11:55:30 CST 2025: [CYCLE START] Checking for work...
Thu Jun 19 11:55:30 CST 2025: [FOUND] Pending file: 'tidb-cloud/release-notes-2023.md'. Checking for translation...
Thu Jun 19 11:55:30 CST 2025: [LOCKING] Found '.amazon_q_result/tidb-cloud/release-notes-2023.md'. Locking for validation.
Thu Jun 19 11:55:30 CST 2025: [LINE-CHECK] File 'tidb-cloud/release-notes-2023.md' has     1003 lines (>200). Using line count validation.
Thu Jun 19 11:55:30 CST 2025: [FAIL] Line count validation FAILED for 'tidb-cloud/release-notes-2023.md'. Original:     1003, Translated:      654
Thu Jun 19 11:55:30 CST 2025: [REPORT] Generating progress report.
Thu Jun 19 11:55:30 CST 2025: [CYCLE END] Finished processing. Next check in 3s.
---
Thu Jun 19 11:55:33 CST 2025: [CYCLE START] Checking for work...
Thu Jun 19 11:55:33 CST 2025: [FOUND] Pending file: 'tidb-cloud/release-notes-2022.md'. Checking for translation...
Thu Jun 19 11:55:33 CST 2025: [LOCKING] Found '.amazon_q_result/tidb-cloud/release-notes-2022.md'. Locking for validation.
Thu Jun 19 11:55:33 CST 2025: [LINE-CHECK] File 'tidb-cloud/release-notes-2022.md' has      617 lines (>200). Using line count validation.
Thu Jun 19 11:55:33 CST 2025: [FAIL] Line count validation FAILED for 'tidb-cloud/release-notes-2022.md'. Original:      617, Translated:      610
Thu Jun 19 11:55:33 CST 2025: [REPORT] Generating progress report.
Thu Jun 19 11:55:33 CST 2025: [CYCLE END] Finished processing. Next check in 3s.
---
Thu Jun 19 11:55:36 CST 2025: [CYCLE START] Checking for work...
Thu Jun 19 11:55:36 CST 2025: [FOUND] Pending file: 'tidb-cloud/release-notes-2021.md'. Checking for translation...
Thu Jun 19 11:55:36 CST 2025: [LOCKING] Found '.amazon_q_result/tidb-cloud/release-notes-2021.md'. Locking for validation.
Thu Jun 19 11:55:36 CST 2025: [VALIDATING] File 'tidb-cloud/release-notes-2021.md' has      128 lines (≤200). Starting AI validation.
Thu Jun 19 11:56:58 CST 2025: [FAIL] AI validation FAILED for 'tidb-cloud/release-notes-2021.md'. Reason: Let me validate these files using the validation process outlined in the instructions.[0m[0m
[0m[0m
[38;5;13m🛠️  Using tool: fs_read[38;5;2m (trusted)[39m[39m
 ⋮ 
 ● Reading file: [38;5;10m/Users/zou/workspace/tidbcloud/docs/tidb-cloud/release-notes-2021.md[0m, all lines
 ⋮ 
[38;5;10m[1m ● Completed in 0.0s[39m

[0m[0m
[0m[0m
[38;5;13m🛠️  Using tool: fs_read[38;5;2m (trusted)[39m[39m
 ⋮ 
 ● Reading file: [38;5;10m/Users/zou/workspace/tidbcloud/docs/.amazon_q_result/tidb-cloud/release-notes-2021.md[0m, all lines
 ⋮ 
[38;5;10m[1m ● Completed in 0.0s[39m

[1m[38;5;9mquota has reached its limit: 
   0: quota has reached its limit

Location:
   crates/chat-cli/src/cli/chat/mod.rs:1165

Backtrace omitted. Run with RUST_BACKTRACE=1 environment variable to display it.
Run with RUST_BACKTRACE=full to include source snippets.
[0m[39m
Thu Jun 19 11:56:58 CST 2025: [REPORT] Generating progress report.
Thu Jun 19 11:56:58 CST 2025: [CYCLE END] Finished processing. Next check in 3s.
---
Thu Jun 19 11:57:01 CST 2025: [CYCLE START] Checking for work...
Thu Jun 19 11:57:01 CST 2025: [FOUND] Pending file: 'tidb-cloud/release-notes-2020.md'. Checking for translation...
Thu Jun 19 11:57:01 CST 2025: [LOCKING] Found '.amazon_q_result/tidb-cloud/release-notes-2020.md'. Locking for validation.
Thu Jun 19 11:57:01 CST 2025: [VALIDATING] File 'tidb-cloud/release-notes-2020.md' has       81 lines (≤200). Starting AI validation.
Thu Jun 19 11:57:46 CST 2025: [FAIL] AI validation FAILED for 'tidb-cloud/release-notes-2020.md'. Reason: [1m[38;5;9mquota has reached its limit: 
   0: quota has reached its limit

Location:
   crates/chat-cli/src/cli/chat/mod.rs:1165

Backtrace omitted. Run with RUST_BACKTRACE=1 environment variable to display it.
Run with RUST_BACKTRACE=full to include source snippets.
[0m[39m
Thu Jun 19 11:57:46 CST 2025: [REPORT] Generating progress report.
Thu Jun 19 11:57:46 CST 2025: [CYCLE END] Finished processing. Next check in 3s.
---
Thu Jun 19 11:57:49 CST 2025: [CYCLE START] Checking for work...
Thu Jun 19 11:57:49 CST 2025: [FOUND] Pending file: 'tidb-cloud/notification-2024-09-15-console-maintenance.md'. Checking for translation...
Thu Jun 19 11:57:49 CST 2025: [LOCKING] Found '.amazon_q_result/tidb-cloud/notification-2024-09-15-console-maintenance.md'. Locking for validation.
Thu Jun 19 11:57:49 CST 2025: [VALIDATING] File 'tidb-cloud/notification-2024-09-15-console-maintenance.md' has       91 lines (≤200). Starting AI validation.
Thu Jun 19 11:58:36 CST 2025: [FAIL] AI validation FAILED for 'tidb-cloud/notification-2024-09-15-console-maintenance.md'. Reason: [1m[38;5;9mquota has reached its limit: 
   0: quota has reached its limit

Location:
   crates/chat-cli/src/cli/chat/mod.rs:1165

Backtrace omitted. Run with RUST_BACKTRACE=1 environment variable to display it.
Run with RUST_BACKTRACE=full to include source snippets.
[0m[39m
Thu Jun 19 11:58:36 CST 2025: [REPORT] Generating progress report.
Thu Jun 19 11:58:36 CST 2025: [CYCLE END] Finished processing. Next check in 3s.
---
Thu Jun 19 11:58:39 CST 2025: [CYCLE START] Checking for work...
Thu Jun 19 11:58:39 CST 2025: [FOUND] Pending file: 'tidb-cloud/notification-2024-04-18-dm-feature-maintenance.md'. Checking for translation...
Thu Jun 19 11:58:39 CST 2025: [LOCKING] Found '.amazon_q_result/tidb-cloud/notification-2024-04-18-dm-feature-maintenance.md'. Locking for validation.
Thu Jun 19 11:58:39 CST 2025: [VALIDATING] File 'tidb-cloud/notification-2024-04-18-dm-feature-maintenance.md' has       30 lines (≤200). Starting AI validation.
Thu Jun 19 12:00:13 CST 2025: [PASS] AI validation PASSED for 'tidb-cloud/notification-2024-04-18-dm-feature-maintenance.md'.
Thu Jun 19 12:00:13 CST 2025: [REPORT] Generating progress report.
Thu Jun 19 12:00:13 CST 2025: [CYCLE END] Finished processing. Next check in 3s.
---
Thu Jun 19 12:00:16 CST 2025: [CYCLE START] Checking for work...
Thu Jun 19 12:00:16 CST 2025: [FOUND] Pending file: 'tidb-cloud/notification-2024-04-16-monitoring-features-maintenance.md'. Checking for translation...
Thu Jun 19 12:00:16 CST 2025: [LOCKING] Found '.amazon_q_result/tidb-cloud/notification-2024-04-16-monitoring-features-maintenance.md'. Locking for validation.
Thu Jun 19 12:00:16 CST 2025: [VALIDATING] File 'tidb-cloud/notification-2024-04-16-monitoring-features-maintenance.md' has       46 lines (≤200). Starting AI validation.
Thu Jun 19 12:01:12 CST 2025: [FAIL] AI validation FAILED for 'tidb-cloud/notification-2024-04-16-monitoring-features-maintenance.md'. Reason: Let me validate these files using the validation process outlined in the instructions.[0m[0m
[0m[0m
[38;5;13m🛠️  Using tool: fs_read[38;5;2m (trusted)[39m[39m
 ⋮ 
 ● Reading file: [38;5;10m/Users/zou/workspace/tidbcloud/docs/tidb-cloud/notification-2024-04-16-monitoring-features-maintenance.md[0m, all lines
 ⋮ 
[38;5;10m[1m ● Completed in 0.0s[39m

[1m[38;5;9mquota has reached its limit: 
   0: quota has reached its limit

Location:
   crates/chat-cli/src/cli/chat/mod.rs:1165

Backtrace omitted. Run with RUST_BACKTRACE=1 environment variable to display it.
Run with RUST_BACKTRACE=full to include source snippets.
[0m[39m
Thu Jun 19 12:01:12 CST 2025: [REPORT] Generating progress report.
Thu Jun 19 12:01:12 CST 2025: [CYCLE END] Finished processing. Next check in 3s.
---
Thu Jun 19 12:01:15 CST 2025: [CYCLE START] Checking for work...
Thu Jun 19 12:01:15 CST 2025: [FOUND] Pending file: 'tidb-cloud/notification-2024-04-11-dm-feature-maintenance.md'. Checking for translation...
Thu Jun 19 12:01:15 CST 2025: [LOCKING] Found '.amazon_q_result/tidb-cloud/notification-2024-04-11-dm-feature-maintenance.md'. Locking for validation.
Thu Jun 19 12:01:15 CST 2025: [VALIDATING] File 'tidb-cloud/notification-2024-04-11-dm-feature-maintenance.md' has       49 lines (≤200). Starting AI validation.
Thu Jun 19 12:01:39 CST 2025: [PASS] AI validation PASSED for 'tidb-cloud/notification-2024-04-11-dm-feature-maintenance.md'.
Thu Jun 19 12:01:40 CST 2025: [REPORT] Generating progress report.
Thu Jun 19 12:01:40 CST 2025: [CYCLE END] Finished processing. Next check in 3s.
---
Thu Jun 19 12:01:43 CST 2025: [CYCLE START] Checking for work...
Thu Jun 19 12:01:43 CST 2025: [FOUND] Pending file: 'tidb-cloud/notification-2024-04-09-monitoring-features-maintenance.md'. Checking for translation...
Thu Jun 19 12:01:43 CST 2025: [LOCKING] Found '.amazon_q_result/tidb-cloud/notification-2024-04-09-monitoring-features-maintenance.md'. Locking for validation.
Thu Jun 19 12:01:43 CST 2025: [VALIDATING] File 'tidb-cloud/notification-2024-04-09-monitoring-features-maintenance.md' has       53 lines (≤200). Starting AI validation.
Thu Jun 19 12:03:18 CST 2025: [FAIL] AI validation FAILED for 'tidb-cloud/notification-2024-04-09-monitoring-features-maintenance.md'. Reason: I'll help validate the translation by checking both files. Let me read their contents first.[0m[0m
[0m[0m
[38;5;13m🛠️  Using tool: fs_read[38;5;2m (trusted)[39m[39m
 ⋮ 
 ● Reading file: [38;5;10m/Users/zou/workspace/tidbcloud/docs/tidb-cloud/notification-2024-04-09-monitoring-features-maintenance.md[0m, all lines
 ⋮ 
[38;5;10m[1m ● Completed in 0.0s[39m

[1m[38;5;9mquota has reached its limit: 
   0: quota has reached its limit

Location:
   crates/chat-cli/src/cli/chat/mod.rs:1165

Backtrace omitted. Run with RUST_BACKTRACE=1 environment variable to display it.
Run with RUST_BACKTRACE=full to include source snippets.
[0m[39m
Thu Jun 19 12:03:18 CST 2025: [REPORT] Generating progress report.
Thu Jun 19 12:03:18 CST 2025: [CYCLE END] Finished processing. Next check in 3s.
---
Thu Jun 19 12:03:21 CST 2025: [CYCLE START] Checking for work...
Thu Jun 19 12:03:21 CST 2025: [FOUND] Pending file: 'tidb-cloud/notification-2023-11-14-scale-feature-maintenance.md'. Checking for translation...
Thu Jun 19 12:03:21 CST 2025: [LOCKING] Found '.amazon_q_result/tidb-cloud/notification-2023-11-14-scale-feature-maintenance.md'. Locking for validation.
Thu Jun 19 12:03:21 CST 2025: [VALIDATING] File 'tidb-cloud/notification-2023-11-14-scale-feature-maintenance.md' has       42 lines (≤200). Starting AI validation.
=== AI-Powered Validation Monitoring Started Thu Jun 19 12:05:32 CST 2025 ===
---
Thu Jun 19 12:05:32 CST 2025: [CYCLE START] Checking for work...
Thu Jun 19 12:05:32 CST 2025: [FOUND] Pending file: 'tidb-cloud/notification-2023-11-14-scale-feature-maintenance.md'. Checking for translation...
Thu Jun 19 12:05:32 CST 2025: [LOCKING] Found '.amazon_q_result/tidb-cloud/notification-2023-11-14-scale-feature-maintenance.md'. Locking for validation.
Thu Jun 19 12:05:32 CST 2025: [VALIDATING] File 'tidb-cloud/notification-2023-11-14-scale-feature-maintenance.md' has       42 lines (≤200). Starting AI validation.
Thu Jun 19 12:05:53 CST 2025: [PASS] AI validation PASSED for 'tidb-cloud/notification-2023-11-14-scale-feature-maintenance.md'.
Thu Jun 19 12:05:53 CST 2025: [REPORT] Generating progress report.
Thu Jun 19 12:05:53 CST 2025: [CYCLE END] Finished processing. Next check in 3s.
---
Thu Jun 19 12:05:56 CST 2025: [CYCLE START] Checking for work...
Thu Jun 19 12:05:56 CST 2025: [FOUND] Pending file: 'tidb-cloud/notification-2023-09-26-console-maintenance.md'. Checking for translation...
Thu Jun 19 12:05:56 CST 2025: [LOCKING] Found '.amazon_q_result/tidb-cloud/notification-2023-09-26-console-maintenance.md'. Locking for validation.
Thu Jun 19 12:05:56 CST 2025: [VALIDATING] File 'tidb-cloud/notification-2023-09-26-console-maintenance.md' has       80 lines (≤200). Starting AI validation.
Thu Jun 19 12:06:15 CST 2025: [PASS] AI validation PASSED for 'tidb-cloud/notification-2023-09-26-console-maintenance.md'.
Thu Jun 19 12:06:15 CST 2025: [REPORT] Generating progress report.
Thu Jun 19 12:06:15 CST 2025: [CYCLE END] Finished processing. Next check in 3s.
---
Thu Jun 19 12:06:18 CST 2025: [CYCLE START] Checking for work...
Thu Jun 19 12:06:18 CST 2025: [FOUND] Pending file: 'tidb-cloud/notification-2023-08-31-console-maintenance.md'. Checking for translation...
Thu Jun 19 12:06:18 CST 2025: [LOCKING] Found '.amazon_q_result/tidb-cloud/notification-2023-08-31-console-maintenance.md'. Locking for validation.
Thu Jun 19 12:06:18 CST 2025: [VALIDATING] File 'tidb-cloud/notification-2023-08-31-console-maintenance.md' has       91 lines (≤200). Starting AI validation.
Thu Jun 19 12:06:36 CST 2025: [PASS] AI validation PASSED for 'tidb-cloud/notification-2023-08-31-console-maintenance.md'.
Thu Jun 19 12:06:36 CST 2025: [REPORT] Generating progress report.
Thu Jun 19 12:06:36 CST 2025: [CYCLE END] Finished processing. Next check in 3s.
---
Thu Jun 19 12:06:39 CST 2025: [CYCLE START] Checking for work...
Thu Jun 19 12:06:39 CST 2025: [COMPLETE] No more unprocessed files found. All files have been processed. Exiting.
=== Monitoring Script Exited Gracefully Thu Jun 19 12:06:39 CST 2025 ===
=== AI-Powered Validation Monitoring Started Thu Jun 19 12:48:16 CST 2025 ===
---
Thu Jun 19 12:48:16 CST 2025: [CYCLE START] Checking for work...
Thu Jun 19 12:48:16 CST 2025: [COMPLETE] No more unprocessed files found. All files have been processed. Exiting.
=== Monitoring Script Exited Gracefully Thu Jun 19 12:48:16 CST 2025 ===
=== AI-Powered Validation Monitoring Started Thu Jun 19 12:48:47 CST 2025 ===
---
Thu Jun 19 12:48:47 CST 2025: [CYCLE START] Checking for work...
Thu Jun 19 12:48:47 CST 2025: [FOUND] Pending file: 'system-variables.md'. Checking for translation...
Thu Jun 19 12:48:47 CST 2025: [LOCKING] Found '.amazon_q_result/system-variables.md'. Locking for validation.
Thu Jun 19 12:48:47 CST 2025: [LINE-CHECK] File 'system-variables.md' has     6347 lines (>200). Using line count validation.
Thu Jun 19 12:48:47 CST 2025: [PASS] Line count validation PASSED for 'system-variables.md'. Lines:     6347 =     6347
Thu Jun 19 12:48:47 CST 2025: [REPORT] Generating progress report.
Thu Jun 19 12:48:47 CST 2025: [CYCLE END] Finished processing. Next check in 3s.
---
Thu Jun 19 12:48:50 CST 2025: [CYCLE START] Checking for work...
Thu Jun 19 12:48:50 CST 2025: [COMPLETE] No more unprocessed files found. All files have been processed. Exiting.
=== Monitoring Script Exited Gracefully Thu Jun 19 12:48:50 CST 2025 ===
=== AI-Powered Validation Monitoring Started Thu Jun 19 13:00:16 CST 2025 ===
---
Thu Jun 19 13:00:16 CST 2025: [CYCLE START] Checking for work...
Thu Jun 19 13:00:16 CST 2025: [FOUND] Pending file: 'tidb-cloud/tidb-cloud-faq.md'. Checking for translation...
Thu Jun 19 13:00:16 CST 2025: [LOCKING] Found '.amazon_q_result/tidb-cloud/tidb-cloud-faq.md'. Locking for validation.
Thu Jun 19 13:00:16 CST 2025: [LINE-CHECK] File 'tidb-cloud/tidb-cloud-faq.md' has      207 lines (>200). Using line count validation.
Thu Jun 19 13:00:16 CST 2025: [PASS] Line count validation PASSED for 'tidb-cloud/tidb-cloud-faq.md'. Lines:      207 =      207
Thu Jun 19 13:00:16 CST 2025: [REPORT] Generating progress report.
Thu Jun 19 13:00:16 CST 2025: [CYCLE END] Finished processing. Next check in 3s.
---
Thu Jun 19 13:00:19 CST 2025: [CYCLE START] Checking for work...
Thu Jun 19 13:00:19 CST 2025: [FOUND] Pending file: 'tidb-cloud/release-notes-2024.md'. Checking for translation...
Thu Jun 19 13:00:19 CST 2025: [LOCKING] Found '.amazon_q_result/tidb-cloud/release-notes-2024.md'. Locking for validation.
Thu Jun 19 13:00:19 CST 2025: [LINE-CHECK] File 'tidb-cloud/release-notes-2024.md' has      471 lines (>200). Using line count validation.
Thu Jun 19 13:00:19 CST 2025: [PASS] Line count validation PASSED for 'tidb-cloud/release-notes-2024.md'. Lines:      471 =      471
Thu Jun 19 13:00:19 CST 2025: [REPORT] Generating progress report.
Thu Jun 19 13:00:19 CST 2025: [CYCLE END] Finished processing. Next check in 3s.
---
Thu Jun 19 13:00:22 CST 2025: [CYCLE START] Checking for work...
Thu Jun 19 13:00:22 CST 2025: [COMPLETE] No more unprocessed files found. All files have been processed. Exiting.
=== Monitoring Script Exited Gracefully Thu Jun 19 13:00:22 CST 2025 ===
=== AI-Powered Validation Monitoring Started Thu Jun 19 13:52:26 CST 2025 ===
---
Thu Jun 19 13:52:26 CST 2025: [CYCLE START] Checking for work...
Thu Jun 19 13:52:26 CST 2025: [FOUND] Pending file: 'functions-and-operators/tidb-functions.md'. Checking for translation...
Thu Jun 19 13:52:26 CST 2025: [LOCKING] Found '.amazon_q_result/functions-and-operators/tidb-functions.md'. Locking for validation.
Thu Jun 19 13:52:26 CST 2025: [LINE-CHECK] File 'functions-and-operators/tidb-functions.md' has      575 lines (>200). Using line count validation.
Thu Jun 19 13:52:26 CST 2025: [PASS] Line count validation PASSED for 'functions-and-operators/tidb-functions.md'. Lines:      575 =      575
Thu Jun 19 13:52:26 CST 2025: [REPORT] Generating progress report.
Thu Jun 19 13:52:26 CST 2025: [CYCLE END] Finished processing. Next check in 3s.
---
Thu Jun 19 13:52:29 CST 2025: [CYCLE START] Checking for work...
Thu Jun 19 13:52:29 CST 2025: [FOUND] Pending file: 'information-schema/information-schema.md'. Checking for translation...
Thu Jun 19 13:52:29 CST 2025: [LOCKING] Found '.amazon_q_result/information-schema/information-schema.md'. Locking for validation.
Thu Jun 19 13:52:29 CST 2025: [LINE-CHECK] File 'information-schema/information-schema.md' has      208 lines (>200). Using line count validation.
Thu Jun 19 13:52:29 CST 2025: [PASS] Line count validation PASSED for 'information-schema/information-schema.md'. Lines:      208 =      208
Thu Jun 19 13:52:29 CST 2025: [REPORT] Generating progress report.
Thu Jun 19 13:52:30 CST 2025: [CYCLE END] Finished processing. Next check in 3s.
---
Thu Jun 19 13:52:33 CST 2025: [CYCLE START] Checking for work...
Thu Jun 19 13:52:33 CST 2025: [FOUND] Pending file: 'tidb-cloud/tidb-cloud-support.md'. Checking for translation...
Thu Jun 19 13:52:33 CST 2025: [LOCKING] Found '.amazon_q_result/tidb-cloud/tidb-cloud-support.md'. Locking for validation.
Thu Jun 19 13:52:33 CST 2025: [VALIDATING] File 'tidb-cloud/tidb-cloud-support.md' has      120 lines (≤200). Starting AI validation.
Thu Jun 19 13:52:57 CST 2025: [PASS] AI validation PASSED for 'tidb-cloud/tidb-cloud-support.md'.
Thu Jun 19 13:52:57 CST 2025: [REPORT] Generating progress report.
Thu Jun 19 13:52:57 CST 2025: [CYCLE END] Finished processing. Next check in 3s.
---
Thu Jun 19 13:53:00 CST 2025: [CYCLE START] Checking for work...
Thu Jun 19 13:53:00 CST 2025: [FOUND] Pending file: 'tidb-cloud/release-notes-2023.md'. Checking for translation...
Thu Jun 19 13:53:00 CST 2025: [LOCKING] Found '.amazon_q_result/tidb-cloud/release-notes-2023.md'. Locking for validation.
Thu Jun 19 13:53:00 CST 2025: [LINE-CHECK] File 'tidb-cloud/release-notes-2023.md' has     1003 lines (>200). Using line count validation.
Thu Jun 19 13:53:00 CST 2025: [PASS] Line count validation PASSED for 'tidb-cloud/release-notes-2023.md'. Lines:     1003 =     1003
Thu Jun 19 13:53:00 CST 2025: [REPORT] Generating progress report.
Thu Jun 19 13:53:00 CST 2025: [CYCLE END] Finished processing. Next check in 3s.
---
Thu Jun 19 13:53:03 CST 2025: [CYCLE START] Checking for work...
Thu Jun 19 13:53:03 CST 2025: [FOUND] Pending file: 'tidb-cloud/release-notes-2022.md'. Checking for translation...
Thu Jun 19 13:53:03 CST 2025: [LOCKING] Found '.amazon_q_result/tidb-cloud/release-notes-2022.md'. Locking for validation.
Thu Jun 19 13:53:03 CST 2025: [LINE-CHECK] File 'tidb-cloud/release-notes-2022.md' has      617 lines (>200). Using line count validation.
Thu Jun 19 13:53:03 CST 2025: [PASS] Line count validation PASSED for 'tidb-cloud/release-notes-2022.md'. Lines:      617 =      617
Thu Jun 19 13:53:03 CST 2025: [REPORT] Generating progress report.
Thu Jun 19 13:53:03 CST 2025: [CYCLE END] Finished processing. Next check in 3s.
---
Thu Jun 19 13:53:06 CST 2025: [CYCLE START] Checking for work...
Thu Jun 19 13:53:06 CST 2025: [FOUND] Pending file: 'tidb-cloud/release-notes-2021.md'. Checking for translation...
Thu Jun 19 13:53:06 CST 2025: [LOCKING] Found '.amazon_q_result/tidb-cloud/release-notes-2021.md'. Locking for validation.
Thu Jun 19 13:53:06 CST 2025: [VALIDATING] File 'tidb-cloud/release-notes-2021.md' has      128 lines (≤200). Starting AI validation.
Thu Jun 19 13:53:29 CST 2025: [PASS] AI validation PASSED for 'tidb-cloud/release-notes-2021.md'.
Thu Jun 19 13:53:29 CST 2025: [REPORT] Generating progress report.
Thu Jun 19 13:53:29 CST 2025: [CYCLE END] Finished processing. Next check in 3s.
---
Thu Jun 19 13:53:32 CST 2025: [CYCLE START] Checking for work...
Thu Jun 19 13:53:32 CST 2025: [FOUND] Pending file: 'tidb-cloud/release-notes-2020.md'. Checking for translation...
Thu Jun 19 13:53:32 CST 2025: [LOCKING] Found '.amazon_q_result/tidb-cloud/release-notes-2020.md'. Locking for validation.
Thu Jun 19 13:53:32 CST 2025: [VALIDATING] File 'tidb-cloud/release-notes-2020.md' has       81 lines (≤200). Starting AI validation.
Thu Jun 19 13:53:54 CST 2025: [PASS] AI validation PASSED for 'tidb-cloud/release-notes-2020.md'.
Thu Jun 19 13:53:54 CST 2025: [REPORT] Generating progress report.
Thu Jun 19 13:53:54 CST 2025: [CYCLE END] Finished processing. Next check in 3s.
---
Thu Jun 19 13:53:57 CST 2025: [CYCLE START] Checking for work...
Thu Jun 19 13:53:57 CST 2025: [FOUND] Pending file: 'tidb-cloud/notification-2024-09-15-console-maintenance.md'. Checking for translation...
Thu Jun 19 13:53:57 CST 2025: [LOCKING] Found '.amazon_q_result/tidb-cloud/notification-2024-09-15-console-maintenance.md'. Locking for validation.
Thu Jun 19 13:53:57 CST 2025: [VALIDATING] File 'tidb-cloud/notification-2024-09-15-console-maintenance.md' has       91 lines (≤200). Starting AI validation.
Thu Jun 19 13:54:15 CST 2025: [PASS] AI validation PASSED for 'tidb-cloud/notification-2024-09-15-console-maintenance.md'.
Thu Jun 19 13:54:15 CST 2025: [REPORT] Generating progress report.
Thu Jun 19 13:54:15 CST 2025: [CYCLE END] Finished processing. Next check in 3s.
---
Thu Jun 19 13:54:18 CST 2025: [CYCLE START] Checking for work...
Thu Jun 19 13:54:18 CST 2025: [FOUND] Pending file: 'tidb-cloud/notification-2024-04-16-monitoring-features-maintenance.md'. Checking for translation...
Thu Jun 19 13:54:18 CST 2025: [LOCKING] Found '.amazon_q_result/tidb-cloud/notification-2024-04-16-monitoring-features-maintenance.md'. Locking for validation.
Thu Jun 19 13:54:18 CST 2025: [VALIDATING] File 'tidb-cloud/notification-2024-04-16-monitoring-features-maintenance.md' has       46 lines (≤200). Starting AI validation.
Thu Jun 19 13:54:34 CST 2025: [PASS] AI validation PASSED for 'tidb-cloud/notification-2024-04-16-monitoring-features-maintenance.md'.
Thu Jun 19 13:54:34 CST 2025: [REPORT] Generating progress report.
Thu Jun 19 13:54:34 CST 2025: [CYCLE END] Finished processing. Next check in 3s.
---
Thu Jun 19 13:54:37 CST 2025: [CYCLE START] Checking for work...
Thu Jun 19 13:54:37 CST 2025: [FOUND] Pending file: 'tidb-cloud/notification-2024-04-09-monitoring-features-maintenance.md'. Checking for translation...
Thu Jun 19 13:54:37 CST 2025: [LOCKING] Found '.amazon_q_result/tidb-cloud/notification-2024-04-09-monitoring-features-maintenance.md'. Locking for validation.
Thu Jun 19 13:54:37 CST 2025: [VALIDATING] File 'tidb-cloud/notification-2024-04-09-monitoring-features-maintenance.md' has       53 lines (≤200). Starting AI validation.
Thu Jun 19 13:54:56 CST 2025: [PASS] AI validation PASSED for 'tidb-cloud/notification-2024-04-09-monitoring-features-maintenance.md'.
Thu Jun 19 13:54:56 CST 2025: [REPORT] Generating progress report.
Thu Jun 19 13:54:56 CST 2025: [CYCLE END] Finished processing. Next check in 3s.
---
Thu Jun 19 13:54:59 CST 2025: [CYCLE START] Checking for work...
Thu Jun 19 13:55:00 CST 2025: [COMPLETE] No more unprocessed files found. All files have been processed. Exiting.
=== Monitoring Script Exited Gracefully Thu Jun 19 13:55:00 CST 2025 ===
=== AI-Powered Validation Monitoring Started Thu Jun 19 14:10:39 CST 2025 ===
---
Thu Jun 19 14:10:39 CST 2025: [CYCLE START] Checking for work...
Thu Jun 19 14:10:39 CST 2025: [FOUND] Pending file: 'TOC-tidb-cloud.md'. Checking for translation...
Thu Jun 19 14:10:39 CST 2025: [LOCKING] Found '.amazon_q_result/TOC-tidb-cloud.md'. Locking for validation.
Thu Jun 19 14:10:39 CST 2025: [LINE-CHECK] File 'TOC-tidb-cloud.md' has      857 lines (>200). Using line count validation.
Thu Jun 19 14:10:39 CST 2025: [PASS] Line count validation PASSED for 'TOC-tidb-cloud.md'. Lines:      857 =      857
Thu Jun 19 14:10:39 CST 2025: [REPORT] Generating progress report.
Thu Jun 19 14:10:39 CST 2025: [CYCLE END] Finished processing. Next check in 3s.
---
Thu Jun 19 14:10:42 CST 2025: [CYCLE START] Checking for work...
Thu Jun 19 14:10:42 CST 2025: [COMPLETE] No more unprocessed files found. All files have been processed. Exiting.
=== Monitoring Script Exited Gracefully Thu Jun 19 14:10:42 CST 2025 ===
